id,name,brand,line,description,sku,price,imageUrl,oem,specifications,characteristics,applications_brand,applications_model,applications_motor,applications_years
HLB-1000,Bomba de agua,POLAR,,BOMBA DE AGUA,HLB-1000,Cotizar,/IMAGENES BOMBAS DE AGUA HLB/HLB-1000.jpg,,,,SEAT ,IBIZA,L4 1.6L,2008-2014
HLB-1000,Bomba de agua,POLAR,,BOMBA DE AGUA,HLB-1000,Cotizar,/IMAGENES BOMBAS DE AGUA HLB/HLB-1000.jpg,,,,VOLKSWAGEN,VENTO,L4 1.6L,2014-2018
HLB-1001,Bomba de agua,POLAR,,BOMBA DE AGUA,HLB-1001,Cotizar,/IMAGENES BOMBAS DE AGUA HLB/HLB-1001.jpg,,,,CHEVROLET,SPARK,L4 1.2L,2011 - 2016
HLB-1001,Bomba de agua,POLAR,,BOMBA DE AGUA,HLB-1001,Cotizar,/IMAGENES BOMBAS DE AGUA HLB/HLB-1001.jpg,,,,CHEVROLET,BEAT,L4 1.2L,2018 - 2018
HLB-1002,Bomba de agua,POLAR,,BOMBA DE AGUA,HLB-1002,Cotizar,/IMAGENES BOMBAS DE AGUA HLB/HLB-1002.jpg,,,C/BASE,CHEVROLET,BEAT,L4 1.2L,2018 - 2018
HLB-1002,Bomba de agua,POLAR,,BOMBA DE AGUA,HLB-1002,Cotizar,/IMAGENES BOMBAS DE AGUA HLB/HLB-1002.jpg,,,C/BASE,CHEVROLET,SPARK,L4 1.2L,2011 - 2016
HLB-1003,Bomba de agua,POLAR,,BOMBA DE AGUA,HLB-1003,Cotizar,/IMAGENES BOMBAS DE AGUA HLB/HLB-1003.jpg,,,,AUDI,A3,L4 2.0L,2008 - 2013
HLB-1003,Bomba de agua,POLAR,,BOMBA DE AGUA,HLB-1003,Cotizar,/IMAGENES BOMBAS DE AGUA HLB/HLB-1003.jpg,,,,AUDI,A4,L4 2.0L,2009 - 2013
HLB-1003,Bomba de agua,POLAR,,BOMBA DE AGUA,HLB-1003,Cotizar,/IMAGENES BOMBAS DE AGUA HLB/HLB-1003.jpg,,,,AUDI,A4 Quattro,L4 2.0L,2009 - 2013
HLB-1003,Bomba de agua,POLAR,,BOMBA DE AGUA,HLB-1003,Cotizar,/IMAGENES BOMBAS DE AGUA HLB/HLB-1003.jpg,,,,AUDI,A5,L4 2.0L,2010 - 2013
HLB-1003,Bomba de agua,POLAR,,BOMBA DE AGUA,HLB-1003,Cotizar,/IMAGENES BOMBAS DE AGUA HLB/HLB-1003.jpg,,,,AUDI,A5 Quattro,L4 2.0L,2010 - 2013
HLB-1003,Bomba de agua,POLAR,,BOMBA DE AGUA,HLB-1003,Cotizar,/IMAGENES BOMBAS DE AGUA HLB/HLB-1003.jpg,,,,AUDI,A6,L4 2.0L,2012 - 2013
HLB-1003,Bomba de agua,POLAR,,BOMBA DE AGUA,HLB-1003,Cotizar,/IMAGENES BOMBAS DE AGUA HLB/HLB-1003.jpg,,,,AUDI,A6 Quattro,L4 2.0L,2013 - 2013
HLB-1003,Bomba de agua,POLAR,,BOMBA DE AGUA,HLB-1003,Cotizar,/IMAGENES BOMBAS DE AGUA HLB/HLB-1003.jpg,,,,AUDI,ALLROAD,L4 2.0L,2013 - 2013
HLB-1003,Bomba de agua,POLAR,,BOMBA DE AGUA,HLB-1003,Cotizar,/IMAGENES BOMBAS DE AGUA HLB/HLB-1003.jpg,,,,AUDI,Q3,L4 2.0L,2015 - 2016
HLB-1003,Bomba de agua,POLAR,,BOMBA DE AGUA,HLB-1003,Cotizar,/IMAGENES BOMBAS DE AGUA HLB/HLB-1003.jpg,,,,AUDI,Q3 Quattro,L4 2.0L,2015 - 2016
HLB-1003,Bomba de agua,POLAR,,BOMBA DE AGUA,HLB-1003,Cotizar,/IMAGENES BOMBAS DE AGUA HLB/HLB-1003.jpg,,,,AUDI,Q5,L4 2.0L,2011 - 2016
HLB-1003,Bomba de agua,POLAR,,BOMBA DE AGUA,HLB-1003,Cotizar,/IMAGENES BOMBAS DE AGUA HLB/HLB-1003.jpg,,,,AUDI,TT,L4 2.0L,2009 - 2009
HLB-1003,Bomba de agua,POLAR,,BOMBA DE AGUA,HLB-1003,Cotizar,/IMAGENES BOMBAS DE AGUA HLB/HLB-1003.jpg,,,,AUDI,TT Quattro,L4 2.0L,2009 - 2013
HLB-1003,Bomba de agua,POLAR,,BOMBA DE AGUA,HLB-1003,Cotizar,/IMAGENES BOMBAS DE AGUA HLB/HLB-1003.jpg,,,,VOLKSWAGEN,BEETLE,L4 2.0L,2012 - 2013
HLB-1003,Bomba de agua,POLAR,,BOMBA DE AGUA,HLB-1003,Cotizar,/IMAGENES BOMBAS DE AGUA HLB/HLB-1003.jpg,,,,VOLKSWAGEN,EOS,L4 2.0L,2010 - 2010
HLB-1003,Bomba de agua,POLAR,,BOMBA DE AGUA,HLB-1003,Cotizar,/IMAGENES BOMBAS DE AGUA HLB/HLB-1003.jpg,,,,VOLKSWAGEN,GTI,L4 2.0L,2008 - 2013
HLB-1003,Bomba de agua,POLAR,,BOMBA DE AGUA,HLB-1003,Cotizar,/IMAGENES BOMBAS DE AGUA HLB/HLB-1003.jpg,,,,VOLKSWAGEN,JETTA,L4 2.0L,2008 - 2010
HLB-1003,Bomba de agua,POLAR,,BOMBA DE AGUA,HLB-1003,Cotizar,/IMAGENES BOMBAS DE AGUA HLB/HLB-1003.jpg,,,,VOLKSWAGEN,JETTA,L4 2.0L,2012 - 2013
HLB-1003,Bomba de agua,POLAR,,BOMBA DE AGUA,HLB-1003,Cotizar,/IMAGENES BOMBAS DE AGUA HLB/HLB-1003.jpg,,,,VOLKSWAGEN,PASSAT,L4 2.0L,2008 - 2010
HLB-1003,Bomba de agua,POLAR,,BOMBA DE AGUA,HLB-1003,Cotizar,/IMAGENES BOMBAS DE AGUA HLB/HLB-1003.jpg,,,,VOLKSWAGEN,TIGUAN,L4 2.0L,2009 - 2016
HLB-1004,Bomba de agua,POLAR,,BOMBA DE AGUA,HLB-1004,Cotizar,/IMAGENES BOMBAS DE AGUA HLB/HLB-1004.jpg,,,,FORD,F-150,V6 3.5L,2015 - 2017
HLB-1004,Bomba de agua,POLAR,,BOMBA DE AGUA,HLB-1004,Cotizar,/IMAGENES BOMBAS DE AGUA HLB/HLB-1004.jpg,,,,FORD,F-150,V6 3.7L,2011 - 2014
HLB-1004,Bomba de agua,POLAR,,BOMBA DE AGUA,HLB-1004,Cotizar,/IMAGENES BOMBAS DE AGUA HLB/HLB-1004.jpg,,,,FORD,MUSTANG,V6 3.7L,2011 - 2017
HLB-1005,Bomba de agua,POLAR,,BOMBA DE AGUA,HLB-1005,Cotizar,/IMAGENES BOMBAS DE AGUA HLB/HLB-1005.jpg,,,,FORD,IKON,L4 1.6L,1010-1015
HLB-1006,Bomba de agua,POLAR,,BOMBA DE AGUA,HLB-1006,Cotizar,/IMAGENES BOMBAS DE AGUA HLB/HLB-1006.jpg,,,,NISSAN,KICKS,L4 1.6L,2017-2024
HLB-1007,Bomba de agua,POLAR,,BOMBA DE AGUA,HLB-1007,Cotizar,/IMAGENES BOMBAS DE AGUA HLB/HLB-1007.jpg,,,,DODGE,ATTITUDE,L3 1.2L,2015 - 2021
HLB-1007,Bomba de agua,POLAR,,BOMBA DE AGUA,HLB-1007,Cotizar,/IMAGENES BOMBAS DE AGUA HLB/HLB-1007.jpg,,,,MITSUBISHI,MIRAGE,L3 1.2L,2014 - 2021
HLB-1007,Bomba de agua,POLAR,,BOMBA DE AGUA,HLB-1007,Cotizar,/IMAGENES BOMBAS DE AGUA HLB/HLB-1007.jpg,,,,MITSUBISHI,MIRAGE G4,L3 1.2L,2019 - 2022
HLB-1008,Bomba de agua,POLAR,,BOMBA DE AGUA,HLB-1008,Cotizar,/IMAGENES BOMBAS DE AGUA HLB/HLB-1008.jpg,,,,CADILLAC,ESCALADE,V8 6.0L,2009 - 2013
HLB-1008,Bomba de agua,POLAR,,BOMBA DE AGUA,HLB-1008,Cotizar,/IMAGENES BOMBAS DE AGUA HLB/HLB-1008.jpg,,,,CADILLAC,ESCALADE,V8 6.2L,2007 - 2014
HLB-1008,Bomba de agua,POLAR,,BOMBA DE AGUA,HLB-1008,Cotizar,/IMAGENES BOMBAS DE AGUA HLB/HLB-1008.jpg,,,,CHEVROLET,AVALANCHE,V8 5.3L,2007 - 2013
HLB-1008,Bomba de agua,POLAR,,BOMBA DE AGUA,HLB-1008,Cotizar,/IMAGENES BOMBAS DE AGUA HLB/HLB-1008.jpg,,,,CHEVROLET,AVALANCHE,V8 6.0L,2007 - 2009
HLB-1008,Bomba de agua,POLAR,,BOMBA DE AGUA,HLB-1008,Cotizar,/IMAGENES BOMBAS DE AGUA HLB/HLB-1008.jpg,,,,CHEVROLET,COLORADO,V8 5.3L,2009 - 2012
HLB-1008,Bomba de agua,POLAR,,BOMBA DE AGUA,HLB-1008,Cotizar,/IMAGENES BOMBAS DE AGUA HLB/HLB-1008.jpg,,,,CHEVROLET,EXPRESS 1500,V8 5.3L,2007 - 2014
HLB-1008,Bomba de agua,POLAR,,BOMBA DE AGUA,HLB-1008,Cotizar,/IMAGENES BOMBAS DE AGUA HLB/HLB-1008.jpg,,,,CHEVROLET,EXPRESS 2500,V8 4.8L,2007 - 2016
HLB-1008,Bomba de agua,POLAR,,BOMBA DE AGUA,HLB-1008,Cotizar,/IMAGENES BOMBAS DE AGUA HLB/HLB-1008.jpg,,,,CHEVROLET,EXPRESS 2500,V8 6.0L,2007 - 2016
HLB-1008,Bomba de agua,POLAR,,BOMBA DE AGUA,HLB-1008,Cotizar,/IMAGENES BOMBAS DE AGUA HLB/HLB-1008.jpg,,,,CHEVROLET,EXPRESS 3500,V8 4.8L,2007 - 2016
HLB-1008,Bomba de agua,POLAR,,BOMBA DE AGUA,HLB-1008,Cotizar,/IMAGENES BOMBAS DE AGUA HLB/HLB-1008.jpg,,,,CHEVROLET,EXPRESS 3500,V8 6.0L,2007 - 2016
HLB-1008,Bomba de agua,POLAR,,BOMBA DE AGUA,HLB-1008,Cotizar,/IMAGENES BOMBAS DE AGUA HLB/HLB-1008.jpg,,,,CHEVROLET,SILVERADO 1500,V8 4.8L,2007 - 2013
HLB-1008,Bomba de agua,POLAR,,BOMBA DE AGUA,HLB-1008,Cotizar,/IMAGENES BOMBAS DE AGUA HLB/HLB-1008.jpg,,,,CHEVROLET,SILVERADO 1500,V8 5.3L,2007 - 2014
HLB-1008,Bomba de agua,POLAR,,BOMBA DE AGUA,HLB-1008,Cotizar,/IMAGENES BOMBAS DE AGUA HLB/HLB-1008.jpg,,,,CHEVROLET,SILVERADO 1500,V8 6.0L,2007 - 2013
HLB-1008,Bomba de agua,POLAR,,BOMBA DE AGUA,HLB-1008,Cotizar,/IMAGENES BOMBAS DE AGUA HLB/HLB-1008.jpg,,,,CHEVROLET,SILVERADO 1500,V8 6.2L,2009 - 2013
HLB-1008,Bomba de agua,POLAR,,BOMBA DE AGUA,HLB-1008,Cotizar,/IMAGENES BOMBAS DE AGUA HLB/HLB-1008.jpg,,,,CHEVROLET,SILVERADO 1500 HD,V8 6.0L,2007 - 2007
HLB-1008,Bomba de agua,POLAR,,BOMBA DE AGUA,HLB-1008,Cotizar,/IMAGENES BOMBAS DE AGUA HLB/HLB-1008.jpg,,,,CHEVROLET,SILVERADO 2500 HD,V8 6.0L,2007 - 2015
HLB-1008,Bomba de agua,POLAR,,BOMBA DE AGUA,HLB-1008,Cotizar,/IMAGENES BOMBAS DE AGUA HLB/HLB-1008.jpg,,,,CHEVROLET,SILVERADO 3500,V8 6.0L,2007 - 2007
HLB-1008,Bomba de agua,POLAR,,BOMBA DE AGUA,HLB-1008,Cotizar,/IMAGENES BOMBAS DE AGUA HLB/HLB-1008.jpg,,,,CHEVROLET,SILVERADO 3500 HD,V8 6.0L,2007 - 2018
HLB-1008,Bomba de agua,POLAR,,BOMBA DE AGUA,HLB-1008,Cotizar,/IMAGENES BOMBAS DE AGUA HLB/HLB-1008.jpg,,,,CHEVROLET,SUBURBAN 1500,V8 5.3L,2007 - 2014
HLB-1008,Bomba de agua,POLAR,,BOMBA DE AGUA,HLB-1008,Cotizar,/IMAGENES BOMBAS DE AGUA HLB/HLB-1008.jpg,,,,CHEVROLET,SUBURBAN 1500,V8 6.0L,2007 - 2009
HLB-1008,Bomba de agua,POLAR,,BOMBA DE AGUA,HLB-1008,Cotizar,/IMAGENES BOMBAS DE AGUA HLB/HLB-1008.jpg,,,,CHEVROLET,SUBURBAN 2500,V8 6.0L,2007 - 2013
HLB-1008,Bomba de agua,POLAR,,BOMBA DE AGUA,HLB-1008,Cotizar,/IMAGENES BOMBAS DE AGUA HLB/HLB-1008.jpg,,,,CHEVROLET,TAHOE,V8 4.8L,2007 - 2009
HLB-1008,Bomba de agua,POLAR,,BOMBA DE AGUA,HLB-1008,Cotizar,/IMAGENES BOMBAS DE AGUA HLB/HLB-1008.jpg,,,,CHEVROLET,TAHOE,V8 5.3L,2007 - 2014
HLB-1008,Bomba de agua,POLAR,,BOMBA DE AGUA,HLB-1008,Cotizar,/IMAGENES BOMBAS DE AGUA HLB/HLB-1008.jpg,,,,CHEVROLET,TAHOE,V8 6.0L,2008 - 2013
HLB-1008,Bomba de agua,POLAR,,BOMBA DE AGUA,HLB-1008,Cotizar,/IMAGENES BOMBAS DE AGUA HLB/HLB-1008.jpg,,,,CHEVROLET,TRAILBLAZER,V8 5.3L,2007 - 2008
HLB-1008,Bomba de agua,POLAR,,BOMBA DE AGUA,HLB-1008,Cotizar,/IMAGENES BOMBAS DE AGUA HLB/HLB-1008.jpg,,,,CHEVROLET,TRAILBLAZER,V8 6.0L,2008 - 2013
HLB-1008,Bomba de agua,POLAR,,BOMBA DE AGUA,HLB-1008,Cotizar,/IMAGENES BOMBAS DE AGUA HLB/HLB-1008.jpg,,,,GMC,CANYON,V8 5.3L,2009 - 2012
HLB-1008,Bomba de agua,POLAR,,BOMBA DE AGUA,HLB-1008,Cotizar,/IMAGENES BOMBAS DE AGUA HLB/HLB-1008.jpg,,,,GMC,ENVOY,V8 5.3L,2007 - 2009
HLB-1008,Bomba de agua,POLAR,,BOMBA DE AGUA,HLB-1008,Cotizar,/IMAGENES BOMBAS DE AGUA HLB/HLB-1008.jpg,,,,GMC,SAVANA 1500,V8 5.3L,2007 - 2014
HLB-1008,Bomba de agua,POLAR,,BOMBA DE AGUA,HLB-1008,Cotizar,/IMAGENES BOMBAS DE AGUA HLB/HLB-1008.jpg,,,,GMC,SAVANA 2500,V8 4.8L,2007 - 2016
HLB-1008,Bomba de agua,POLAR,,BOMBA DE AGUA,HLB-1008,Cotizar,/IMAGENES BOMBAS DE AGUA HLB/HLB-1008.jpg,,,,GMC,SAVANA 2500,V8 6.0L,2007 - 2016
HLB-1008,Bomba de agua,POLAR,,BOMBA DE AGUA,HLB-1008,Cotizar,/IMAGENES BOMBAS DE AGUA HLB/HLB-1008.jpg,,,,GMC,SAVANA 3500,V8 4.8L,2007 - 2016
HLB-1008,Bomba de agua,POLAR,,BOMBA DE AGUA,HLB-1008,Cotizar,/IMAGENES BOMBAS DE AGUA HLB/HLB-1008.jpg,,,,GMC,SAVANA 3500,V8 6.0L,2007 - 2016
HLB-1008,Bomba de agua,POLAR,,BOMBA DE AGUA,HLB-1008,Cotizar,/IMAGENES BOMBAS DE AGUA HLB/HLB-1008.jpg,,,,GMC,SIERRA 1500,V8 4.8L,2007 - 2013
HLB-1008,Bomba de agua,POLAR,,BOMBA DE AGUA,HLB-1008,Cotizar,/IMAGENES BOMBAS DE AGUA HLB/HLB-1008.jpg,,,,GMC,SIERRA 1500,V8 5.3L,2007 - 2014
HLB-1008,Bomba de agua,POLAR,,BOMBA DE AGUA,HLB-1008,Cotizar,/IMAGENES BOMBAS DE AGUA HLB/HLB-1008.jpg,,,,GMC,SIERRA 1500,V8 6.0L,2007 - 2013
HLB-1008,Bomba de agua,POLAR,,BOMBA DE AGUA,HLB-1008,Cotizar,/IMAGENES BOMBAS DE AGUA HLB/HLB-1008.jpg,,,,GMC,SIERRA 1500,V8 6.2L,2007 - 2013
HLB-1008,Bomba de agua,POLAR,,BOMBA DE AGUA,HLB-1008,Cotizar,/IMAGENES BOMBAS DE AGUA HLB/HLB-1008.jpg,,,,GMC,SIERRA 1500 HD,V8 6.0L,2007 - 2007
HLB-1008,Bomba de agua,POLAR,,BOMBA DE AGUA,HLB-1008,Cotizar,/IMAGENES BOMBAS DE AGUA HLB/HLB-1008.jpg,,,,GMC,SIERRA 2500 HD,V8 6.0L,2007 - 2015
HLB-1008,Bomba de agua,POLAR,,BOMBA DE AGUA,HLB-1008,Cotizar,/IMAGENES BOMBAS DE AGUA HLB/HLB-1008.jpg,,,,GMC,SIERRA 3500,V8 6.0L,2007 - 2007
HLB-1008,Bomba de agua,POLAR,,BOMBA DE AGUA,HLB-1008,Cotizar,/IMAGENES BOMBAS DE AGUA HLB/HLB-1008.jpg,,,,GMC,SIERRA 3500 HD,V8 6.0L,2007 - 2015
HLB-1008,Bomba de agua,POLAR,,BOMBA DE AGUA,HLB-1008,Cotizar,/IMAGENES BOMBAS DE AGUA HLB/HLB-1008.jpg,,,,GMC,SIERRA DENALI,V8 6.0L,2007 - 2007
HLB-1008,Bomba de agua,POLAR,,BOMBA DE AGUA,HLB-1008,Cotizar,/IMAGENES BOMBAS DE AGUA HLB/HLB-1008.jpg,,,,GMC,SIERRA DENALI,V8 6.2L,2007 - 2010
HLB-1008,Bomba de agua,POLAR,,BOMBA DE AGUA,HLB-1008,Cotizar,/IMAGENES BOMBAS DE AGUA HLB/HLB-1008.jpg,,,,GMC,YUKON,V8 4.8L,2007 - 2009
HLB-1008,Bomba de agua,POLAR,,BOMBA DE AGUA,HLB-1008,Cotizar,/IMAGENES BOMBAS DE AGUA HLB/HLB-1008.jpg,,,,GMC,YUKON,V8 5.3L,2007 - 2014
HLB-1008,Bomba de agua,POLAR,,BOMBA DE AGUA,HLB-1008,Cotizar,/IMAGENES BOMBAS DE AGUA HLB/HLB-1008.jpg,,,,GMC,YUKON,V8 6.0L,2008 - 2013
HLB-1008,Bomba de agua,POLAR,,BOMBA DE AGUA,HLB-1008,Cotizar,/IMAGENES BOMBAS DE AGUA HLB/HLB-1008.jpg,,,,GMC,YUKON,V8 6.2L,2007 - 2014
HLB-1008,Bomba de agua,POLAR,,BOMBA DE AGUA,HLB-1008,Cotizar,/IMAGENES BOMBAS DE AGUA HLB/HLB-1008.jpg,,,,GMC,YUKON XL 1500,V8 5.3L,2007 - 2014
HLB-1008,Bomba de agua,POLAR,,BOMBA DE AGUA,HLB-1008,Cotizar,/IMAGENES BOMBAS DE AGUA HLB/HLB-1008.jpg,,,,GMC,YUKON XL 1500,V8 6.0L,2007 - 2009
HLB-1008,Bomba de agua,POLAR,,BOMBA DE AGUA,HLB-1008,Cotizar,/IMAGENES BOMBAS DE AGUA HLB/HLB-1008.jpg,,,,GMC,YUKON XL 1500,V8 6.2L,2007 - 2014
HLB-1008,Bomba de agua,POLAR,,BOMBA DE AGUA,HLB-1008,Cotizar,/IMAGENES BOMBAS DE AGUA HLB/HLB-1008.jpg,,,,GMC,YUKON XL 2500,V8 6.0L,2007 - 2013
HLB-1008,Bomba de agua,POLAR,,BOMBA DE AGUA,HLB-1008,Cotizar,/IMAGENES BOMBAS DE AGUA HLB/HLB-1008.jpg,,,,HUMMER,H2,V8 6.0L,2007 - 2007
HLB-1008,Bomba de agua,POLAR,,BOMBA DE AGUA,HLB-1008,Cotizar,/IMAGENES BOMBAS DE AGUA HLB/HLB-1008.jpg,,,,HUMMER,H2,V8 6.2L,2008 - 2009
HLB-1008,Bomba de agua,POLAR,,BOMBA DE AGUA,HLB-1008,Cotizar,/IMAGENES BOMBAS DE AGUA HLB/HLB-1008.jpg,,,,HUMMER,H3,V8 5.3L,2008 - 2010
HLB-1008,Bomba de agua,POLAR,,BOMBA DE AGUA,HLB-1008,Cotizar,/IMAGENES BOMBAS DE AGUA HLB/HLB-1008.jpg,,,,HUMMER,H3T,V8 5.3L,2009 - 2010
HLB-1008,Bomba de agua,POLAR,,BOMBA DE AGUA,HLB-1008,Cotizar,/IMAGENES BOMBAS DE AGUA HLB/HLB-1008.jpg,,,,SAAB,9-7X,V8 5.3L,2007 - 2009
HLB-1008,Bomba de agua,POLAR,,BOMBA DE AGUA,HLB-1008,Cotizar,/IMAGENES BOMBAS DE AGUA HLB/HLB-1008.jpg,,,,SAAB,9-7X,V8 6.0L,2008 - 2009
HLB-1009,Bomba de agua,POLAR,,BOMBA DE AGUA,HLB-1009,Cotizar,/IMAGENES BOMBAS DE AGUA HLB/HLB-1009.jpg,,,,CHRYSLER,300,V6 3.5L,2005 - 2010
HLB-1009,Bomba de agua,POLAR,,BOMBA DE AGUA,HLB-1009,Cotizar,/IMAGENES BOMBAS DE AGUA HLB/HLB-1009.jpg,,,,CHRYSLER,PACIFICA,V6 3.5L,2005 - 2006
HLB-1009,Bomba de agua,POLAR,,BOMBA DE AGUA,HLB-1009,Cotizar,/IMAGENES BOMBAS DE AGUA HLB/HLB-1009.jpg,,,,CHRYSLER,PACIFICA,V6 4.0L,2007 - 2008
HLB-1009,Bomba de agua,POLAR,,BOMBA DE AGUA,HLB-1009,Cotizar,/IMAGENES BOMBAS DE AGUA HLB/HLB-1009.jpg,,,,CHRYSLER,SEBRING,V6 3.5L,2007 - 2010
HLB-1009,Bomba de agua,POLAR,,BOMBA DE AGUA,HLB-1009,Cotizar,/IMAGENES BOMBAS DE AGUA HLB/HLB-1009.jpg,,,,CHRYSLER,TOWN & COUNTRY,V6 4.0L,2008 - 2010
HLB-1009,Bomba de agua,POLAR,,BOMBA DE AGUA,HLB-1009,Cotizar,/IMAGENES BOMBAS DE AGUA HLB/HLB-1009.jpg,,,,DODGE,AVENGER,V6 3.5L,2008 - 2010
HLB-1009,Bomba de agua,POLAR,,BOMBA DE AGUA,HLB-1009,Cotizar,/IMAGENES BOMBAS DE AGUA HLB/HLB-1009.jpg,,,,DODGE,CHALLENGER,V6 3.5L,2009 - 2010
HLB-1009,Bomba de agua,POLAR,,BOMBA DE AGUA,HLB-1009,Cotizar,/IMAGENES BOMBAS DE AGUA HLB/HLB-1009.jpg,,,,DODGE,CHARGER,V6 3.5L,2006 - 2010
HLB-1009,Bomba de agua,POLAR,,BOMBA DE AGUA,HLB-1009,Cotizar,/IMAGENES BOMBAS DE AGUA HLB/HLB-1009.jpg,,,,DODGE,GRAND CARAVAN,V6 4.0L,2008 - 2010
HLB-1009,Bomba de agua,POLAR,,BOMBA DE AGUA,HLB-1009,Cotizar,/IMAGENES BOMBAS DE AGUA HLB/HLB-1009.jpg,,,,DODGE,JOURNEY,V6 3.5L,2009 - 2010
HLB-1009,Bomba de agua,POLAR,,BOMBA DE AGUA,HLB-1009,Cotizar,/IMAGENES BOMBAS DE AGUA HLB/HLB-1009.jpg,,,,DODGE,MAGNUM,V6 3.5L,2005 - 2008
HLB-1009,Bomba de agua,POLAR,,BOMBA DE AGUA,HLB-1009,Cotizar,/IMAGENES BOMBAS DE AGUA HLB/HLB-1009.jpg,,,,DODGE,NITRO,V6 4.0L,2007 - 2011
HLB-1009,Bomba de agua,POLAR,,BOMBA DE AGUA,HLB-1009,Cotizar,/IMAGENES BOMBAS DE AGUA HLB/HLB-1009.jpg,,,,VOLKSWAGEN,ROUTAN,V6 4.0L,2009 - 2010
HLB-1010,Bomba de agua,POLAR,,BOMBA DE AGUA,HLB-1010,Cotizar,/IMAGENES BOMBAS DE AGUA HLB/HLB-1010.jpg,,,,HONDA ,CIVIC,L4 1.3L,2003-2011
HLB-1011,Bomba de agua,POLAR,,BOMBA DE AGUA,HLB-1011,Cotizar,/IMAGENES BOMBAS DE AGUA HLB/HLB-1011.jpg,,,,AUDI,A1,L4 1.4L,2011 - 2017
HLB-1011,Bomba de agua,POLAR,,BOMBA DE AGUA,HLB-1011,Cotizar,/IMAGENES BOMBAS DE AGUA HLB/HLB-1011.jpg,,,,AUDI,A3,L4 1.4L,2007 - 2013
HLB-1011,Bomba de agua,POLAR,,BOMBA DE AGUA,HLB-1011,Cotizar,/IMAGENES BOMBAS DE AGUA HLB/HLB-1011.jpg,,,,VOLKSWAGEN,GOLF,L4 1.4L,2011 - 2016
HLB-1012,Bomba de agua,POLAR,,BOMBA DE AGUA,HLB-1012,Cotizar,/IMAGENES BOMBAS DE AGUA HLB/HLB-1012.jpg,,,,JEEP,WRANGLER,V6 3.8L,2007 - 2011
HLB-1013,Bomba de agua,POLAR,,BOMBA DE AGUA,HLB-1013,Cotizar,/IMAGENES BOMBAS DE AGUA HLB/HLB-1013.jpg,,,25 DIENTES,CHEVROLET,ASTRA,L4 2.0L,2006 - 2008
HLB-1013,Bomba de agua,POLAR,,BOMBA DE AGUA,HLB-1013,Cotizar,/IMAGENES BOMBAS DE AGUA HLB/HLB-1013.jpg,,,25 DIENTES,CHEVROLET,ASTRA,L4 2.4L,2004 - 2006
HLB-1014,Bomba de agua,POLAR,,BOMBA DE AGUA,HLB-1014,Cotizar,/IMAGENES BOMBAS DE AGUA HLB/HLB-1014.jpg,,,25 DIENTES,CHEVROLET,ASTRA,L4 2.0L,2004 - 2006
HLB-1014,Bomba de agua,POLAR,,BOMBA DE AGUA,HLB-1014,Cotizar,/IMAGENES BOMBAS DE AGUA HLB/HLB-1014.jpg,,,25 DIENTES,CHEVROLET,LUV,L4 2.2L,2000 - 2005
HLB-1015,Bomba de agua,POLAR,,BOMBA DE AGUA,HLB-1015,Cotizar,/IMAGENES BOMBAS DE AGUA HLB/HLB-1015.jpg,,,,CHRYSLER,CONCORDE,V6 3.5L,1997 - 1997
HLB-1016,Bomba de agua,POLAR,,BOMBA DE AGUA,HLB-1016,Cotizar,/IMAGENES BOMBAS DE AGUA HLB/HLB-1016.jpg,,,,FORD,FIESTA,L4 1.6L,2011 - 2017
HLB-1016,Bomba de agua,POLAR,,BOMBA DE AGUA,HLB-1016,Cotizar,/IMAGENES BOMBAS DE AGUA HLB/HLB-1016.jpg,,,,FORD,FUSION,L4 1.6L,2013 - 2014
HLB-10017,Bomba de agua,POLAR,,BOMBA DE AGUA,HLB-10017,Cotizar,/IMAGENES BOMBAS DE AGUA HLB/HLB-10017.jpg,,,19 DIENTES,CHEVROLET,CORSA,L4 1.8L,2003 - 2008
HLB-1017,Bomba de agua,POLAR,,BOMBA DE AGUA,HLB-1017,Cotizar,/IMAGENES BOMBAS DE AGUA HLB/HLB-1017.jpg,,,19 DIENTES,CHEVROLET,MERIVA,L4 1.8L,2004 - 2008
HLB-1017,Bomba de agua,POLAR,,BOMBA DE AGUA,HLB-1017,Cotizar,/IMAGENES BOMBAS DE AGUA HLB/HLB-1017.jpg,,,19 DIENTES,CHEVROLET,TORNADO,L4 1.8L,2003 - 2011
HLB-1017,Bomba de agua,POLAR,,BOMBA DE AGUA,HLB-1017,Cotizar,/IMAGENES BOMBAS DE AGUA HLB/HLB-1017.jpg,,,19 DIENTES,FIAT,PALIO,L4 1.8L,2006 - 2008
HLB-1018,Bomba de agua,POLAR,,BOMBA DE AGUA,HLB-1018,Cotizar,/IMAGENES BOMBAS DE AGUA HLB/HLB-1018.jpg,,,,CHEVROLET,AVEO,L4 1.6L,2007 - 2018
HLB-1018,Bomba de agua,POLAR,,BOMBA DE AGUA,HLB-1018,Cotizar,/IMAGENES BOMBAS DE AGUA HLB/HLB-1018.jpg,,,,PONTIAC,G3,L4 1.6L,2006 - 2008
HLB-1019,Bomba de agua,POLAR,,BOMBA DE AGUA,HLB-1019,Cotizar,/IMAGENES BOMBAS DE AGUA HLB/HLB-1019.jpg,,,,NISSAN,APRIO,L4 1.6L,2008 - 2010
HLB-1019,Bomba de agua,POLAR,,BOMBA DE AGUA,HLB-1019,Cotizar,/IMAGENES BOMBAS DE AGUA HLB/HLB-1019.jpg,,,,NISSAN,PLATINA,L4 1.6L,2001 - 2009
HLB-1019,Bomba de agua,POLAR,,BOMBA DE AGUA,HLB-1019,Cotizar,/IMAGENES BOMBAS DE AGUA HLB/HLB-1019.jpg,,,,RENAULT,CLIO,L4 1.6L,2002 - 2009
HLB-1019,Bomba de agua,POLAR,,BOMBA DE AGUA,HLB-1019,Cotizar,/IMAGENES BOMBAS DE AGUA HLB/HLB-1019.jpg,,,,RENAULT,KANGOO,L4 1.6L,2004 - 2015
HLB-1019,Bomba de agua,POLAR,,BOMBA DE AGUA,HLB-1019,Cotizar,/IMAGENES BOMBAS DE AGUA HLB/HLB-1019.jpg,,,,RENAULT,MEGANE,L4 1.6L,2009 - 2010
HLB-1019,Bomba de agua,POLAR,,BOMBA DE AGUA,HLB-1019,Cotizar,/IMAGENES BOMBAS DE AGUA HLB/HLB-1019.jpg,,,,RENAULT,SANDERO,L4 1.6L,2010 - 2015
HLB-1019,Bomba de agua,POLAR,,BOMBA DE AGUA,HLB-1019,Cotizar,/IMAGENES BOMBAS DE AGUA HLB/HLB-1019.jpg,,,,RENAULT,STEPWAY,L4 1.6L,2010 - 2015
HLB-1020,Bomba de agua,POLAR,,BOMBA DE AGUA,HLB-1020,Cotizar,/IMAGENES BOMBAS DE AGUA HLB/HLB-1020.jpg,,,23 DIENTES,CHEVROLET,ASTRA,L4 1.8L,2000 - 2003
HLB-1020,Bomba de agua,POLAR,,BOMBA DE AGUA,HLB-1020,Cotizar,/IMAGENES BOMBAS DE AGUA HLB/HLB-1020.jpg,,,23 DIENTES,CHEVROLET,CORSA,L4 1.8L,2002 - 2002
HLB-1020,Bomba de agua,POLAR,,BOMBA DE AGUA,HLB-1020,Cotizar,/IMAGENES BOMBAS DE AGUA HLB/HLB-1020.jpg,,,23 DIENTES,CHEVROLET,ZAFIRA,L4 1.8L,2002 - 2006
HLB-1021,Bomba de agua,POLAR,,BOMBA DE AGUA,HLB-1021,Cotizar,/IMAGENES BOMBAS DE AGUA HLB/HLB-1021.jpg,,,,CHEVROLET,MATIZ,L4 1.0L,2011 - 2015
HLB-1021,Bomba de agua,POLAR,,BOMBA DE AGUA,HLB-1021,Cotizar,/IMAGENES BOMBAS DE AGUA HLB/HLB-1021.jpg,,,,PONTIAC,MATIZ (G2),L4 1.0L,2004 - 2010
HLB-1022,Bomba de agua,POLAR,,BOMBA DE AGUA,HLB-1022,Cotizar,/IMAGENES BOMBAS DE AGUA HLB/HLB-1022.jpg,,,,DODGE,DART,L4 1.4L,2013 - 2015
HLB-1022,Bomba de agua,POLAR,,BOMBA DE AGUA,HLB-1022,Cotizar,/IMAGENES BOMBAS DE AGUA HLB/HLB-1022.jpg,,,,FIAT,500,L4 1.4L,2012 - 2017
HLB-1023,Bomba de agua,POLAR,,BOMBA DE AGUA,HLB-1023,Cotizar,/IMAGENES BOMBAS DE AGUA HLB/HLB-1023.jpg,,,,NISSAN,MICRA,L4 1.4L,2005-2007
HLB-1024,Bomba de agua,POLAR,,BOMBA DE AGUA,HLB-1024,Cotizar,/IMAGENES BOMBAS DE AGUA HLB/HLB-1024.jpg,,,,MG,3,L4 1.5L,2021-2025
HLB-1024,Bomba de agua,POLAR,,BOMBA DE AGUA,HLB-1024,Cotizar,/IMAGENES BOMBAS DE AGUA HLB/HLB-1024.jpg,,,,MG,5,L4 1.5L,2021-2025
HLB-1024,Bomba de agua,POLAR,,BOMBA DE AGUA,HLB-1024,Cotizar,/IMAGENES BOMBAS DE AGUA HLB/HLB-1024.jpg,,,,MG,ZS,L4 1.5L,2021-2025
HLB-1025,Bomba de agua,POLAR,,BOMBA DE AGUA,HLB-1025,Cotizar,/IMAGENES BOMBAS DE AGUA HLB/HLB-1025.jpg,,,,HONDA ,PASSPORT,V6 3.2L,1998-2000
HLB-1025,Bomba de agua,POLAR,,BOMBA DE AGUA,HLB-1025,Cotizar,/IMAGENES BOMBAS DE AGUA HLB/HLB-1025.jpg,,,,ISUZU,AMIGO,V6 3.2L,1998-2004
HLB-1025,Bomba de agua,POLAR,,BOMBA DE AGUA,HLB-1025,Cotizar,/IMAGENES BOMBAS DE AGUA HLB/HLB-1025.jpg,,,,ISUZU,RODEO,V6 3.2L,1998-2004
HLB-1025,Bomba de agua,POLAR,,BOMBA DE AGUA,HLB-1025,Cotizar,/IMAGENES BOMBAS DE AGUA HLB/HLB-1025.jpg,,,,ISUZU,TROOPER,V6 3.5L,1998-2004
HLB-1026,Bomba de agua,POLAR,,BOMBA DE AGUA,HLB-1026,Cotizar,/IMAGENES BOMBAS DE AGUA HLB/HLB-1026.jpg,,,,CHEVROLET,ASTRA,L4 1.8L,2007 - 2009
HLB-1026,Bomba de agua,POLAR,,BOMBA DE AGUA,HLB-1026,Cotizar,/IMAGENES BOMBAS DE AGUA HLB/HLB-1026.jpg,,,,CHEVROLET,AVEO,L4 1.6L,2009 - 2012
HLB-1026,Bomba de agua,POLAR,,BOMBA DE AGUA,HLB-1026,Cotizar,/IMAGENES BOMBAS DE AGUA HLB/HLB-1026.jpg,,,,CHEVROLET,CRUZE,L4 1.8L,2011 - 2017
HLB-1026,Bomba de agua,POLAR,,BOMBA DE AGUA,HLB-1026,Cotizar,/IMAGENES BOMBAS DE AGUA HLB/HLB-1026.jpg,,,,CHEVROLET,SONIC,L4 1.6L,2011 - 2017
HLB-1026,Bomba de agua,POLAR,,BOMBA DE AGUA,HLB-1026,Cotizar,/IMAGENES BOMBAS DE AGUA HLB/HLB-1026.jpg,,,,CHEVROLET,SONIC,L4 1.8L,2012 - 2017
HLB-1026,Bomba de agua,POLAR,,BOMBA DE AGUA,HLB-1026,Cotizar,/IMAGENES BOMBAS DE AGUA HLB/HLB-1026.jpg,,,,CHEVROLET,TRAX,L4 1.8L,2013 - 2017
HLB-1026,Bomba de agua,POLAR,,BOMBA DE AGUA,HLB-1026,Cotizar,/IMAGENES BOMBAS DE AGUA HLB/HLB-1026.jpg,,,,PONTIAC,G3,L4 1.6L,2009 - 2009
HLB-1027,Bomba de agua,POLAR,,BOMBA DE AGUA,HLB-1027,Cotizar,/IMAGENES BOMBAS DE AGUA HLB/HLB-1027.jpg,,,,NISSAN,ALTIMA,L4 2.5L,2013-2017
HLB-1027,Bomba de agua,POLAR,,BOMBA DE AGUA,HLB-1027,Cotizar,/IMAGENES BOMBAS DE AGUA HLB/HLB-1027.jpg,,,,NISSAN,ROGUE,L4 2.5L,2013-2017
HLB-1028,Bomba de agua,POLAR,,BOMBA DE AGUA,HLB-1028,Cotizar,/IMAGENES BOMBAS DE AGUA HLB/HLB-1028.jpg,,,,OBSOLETA,OBSOLETA,OBSOLETA,OBSOLETA
HLB-1029,Bomba de agua,POLAR,,BOMBA DE AGUA,HLB-1029,Cotizar,/IMAGENES BOMBAS DE AGUA HLB/HLB-1029.jpg,,,,MAZDA,2,L4 1.5L,2011 - 2014
HLB-1030,Bomba de agua,POLAR,,BOMBA DE AGUA,HLB-1030,Cotizar,/IMAGENES BOMBAS DE AGUA HLB/HLB-1030.jpg,,,,FIAT,PANDA,L4 1.2L,2007 - 2008
HLB-1031,Bomba de agua,POLAR,,BOMBA DE AGUA,HLB-1031,Cotizar,/IMAGENES BOMBAS DE AGUA HLB/HLB-1031.jpg,,,,,,,
HLB-1032,Bomba de agua,POLAR,,BOMBA DE AGUA,HLB-1032,Cotizar,/IMAGENES BOMBAS DE AGUA HLB/HLB-1032.jpg,,,,PEUGEOT,307,L4 2.0L,2003 - 2005
HLB-1032,Bomba de agua,POLAR,,BOMBA DE AGUA,HLB-1032,Cotizar,/IMAGENES BOMBAS DE AGUA HLB/HLB-1032.jpg,,,,PEUGEOT,406,L4 2.0L,2000 - 2005
HLB-1032,Bomba de agua,POLAR,,BOMBA DE AGUA,HLB-1032,Cotizar,/IMAGENES BOMBAS DE AGUA HLB/HLB-1032.jpg,,,,PEUGEOT,407,L4 2.2L,2006 - 2008
HLB-1033,Bomba de agua,POLAR,,BOMBA DE AGUA,HLB-1033,Cotizar,/IMAGENES BOMBAS DE AGUA HLB/HLB-1033.jpg,,,,PEUGEOT,307,L4 2.0L,2006 - 2009
HLB-1034,Bomba de agua,POLAR,,BOMBA DE AGUA,HLB-1034,Cotizar,/IMAGENES BOMBAS DE AGUA HLB/HLB-1034.jpg,,,,VOLKSWAGEN,AMAROK,L4 2.0L,2011 - 2015
HLB-1034,Bomba de agua,POLAR,,BOMBA DE AGUA,HLB-1034,Cotizar,/IMAGENES BOMBAS DE AGUA HLB/HLB-1034.jpg,,,,VOLKSWAGEN,PASSAT,L4 2.0L,2012 - 2015
HLB-1034,Bomba de agua,POLAR,,BOMBA DE AGUA,HLB-1034,Cotizar,/IMAGENES BOMBAS DE AGUA HLB/HLB-1034.jpg,,,,VOLKSWAGEN,VENTO,L4 1.6L,2014 - 2018
HLB-1035,Bomba de agua,POLAR,,BOMBA DE AGUA,HLB-1035,Cotizar,/IMAGENES BOMBAS DE AGUA HLB/HLB-1035.jpg,,,,PEUGEOT,206,L4 1.4L,2003 - 2008
HLB-1035,Bomba de agua,POLAR,,BOMBA DE AGUA,HLB-1035,Cotizar,/IMAGENES BOMBAS DE AGUA HLB/HLB-1035.jpg,,,,PEUGEOT,207,L4 1.4L,2008 - 2011
HLB-1036,Bomba de agua,POLAR,,BOMBA DE AGUA,HLB-1036,Cotizar,/IMAGENES BOMBAS DE AGUA HLB/HLB-1036.jpg,,,,CHEVROLET,OPTRA,L4 2.0L,2006 - 2010
HLB-1037,Bomba de agua,POLAR,,BOMBA DE AGUA,HLB-1037,Cotizar,/IMAGENES BOMBAS DE AGUA HLB/HLB-1037.jpg,,,,TOYOTA,AVANZA,L4 1.5L,2007 - 2017
HLB-1038,Bomba de agua,POLAR,,BOMBA DE AGUA,HLB-1038,Cotizar,/IMAGENES BOMBAS DE AGUA HLB/HLB-1038.jpg,,,,PEUGEOT,PARTNER,L4 1.6L,2009 - 2017
HLB-1039,Bomba de agua,POLAR,,BOMBA DE AGUA,HLB-1039,Cotizar,/IMAGENES BOMBAS DE AGUA HLB/HLB-1039.jpg,,,,FORD,F-250 Super Duty,V8 6.4L,2008 - 2010
HLB-1039,Bomba de agua,POLAR,,BOMBA DE AGUA,HLB-1039,Cotizar,/IMAGENES BOMBAS DE AGUA HLB/HLB-1039.jpg,,,,FORD,F-350 Super Duty,V8 6.4L,2008 - 2010
HLB-1039,Bomba de agua,POLAR,,BOMBA DE AGUA,HLB-1039,Cotizar,/IMAGENES BOMBAS DE AGUA HLB/HLB-1039.jpg,,,,FORD,F-450 Super Duty,V8 6.4L,2008 - 2010
HLB-1039,Bomba de agua,POLAR,,BOMBA DE AGUA,HLB-1039,Cotizar,/IMAGENES BOMBAS DE AGUA HLB/HLB-1039.jpg,,,,FORD,F-550 Super Duty,V8 6.4L,2008 - 2010
HLB-1040,Bomba de agua,POLAR,,BOMBA DE AGUA,HLB-1040,Cotizar,/IMAGENES BOMBAS DE AGUA HLB/HLB-1040.jpg,,,,,,,
HLB-1041,Bomba de agua,POLAR,,BOMBA DE AGUA,HLB-1041,Cotizar,/IMAGENES BOMBAS DE AGUA HLB/HLB-1041.jpg,,,,,,,
HLB-1042,Bomba de agua,POLAR,,BOMBA DE AGUA,HLB-1042,Cotizar,/IMAGENES BOMBAS DE AGUA HLB/HLB-1042.jpg,,,,ACURA,CSX,L4 2.0L,2008 - 2009
HLB-1042,Bomba de agua,POLAR,,BOMBA DE AGUA,HLB-1042,Cotizar,/IMAGENES BOMBAS DE AGUA HLB/HLB-1042.jpg,,,,ACURA,RSX,L4 2.0L,2002 - 2006
HLB-1042,Bomba de agua,POLAR,,BOMBA DE AGUA,HLB-1042,Cotizar,/IMAGENES BOMBAS DE AGUA HLB/HLB-1042.jpg,,,,HONDA,CIVIC,L4 2.0L,2006 - 2011
HLB-1043,Bomba de agua,POLAR,,BOMBA DE AGUA,HLB-1043,Cotizar,/IMAGENES BOMBAS DE AGUA HLB/HLB-1043.jpg,,,,MERCEDES-BENZ,C240,V6 2.6L,2001 - 2005
HLB-1043,Bomba de agua,POLAR,,BOMBA DE AGUA,HLB-1043,Cotizar,/IMAGENES BOMBAS DE AGUA HLB/HLB-1043.jpg,,,,MERCEDES-BENZ,C280,V6 2.8L,1999 - 2000
HLB-1043,Bomba de agua,POLAR,,BOMBA DE AGUA,HLB-1043,Cotizar,/IMAGENES BOMBAS DE AGUA HLB/HLB-1043.jpg,,,,MERCEDES-BENZ,C320,V6 3.2L,2001 - 2005
HLB-1043,Bomba de agua,POLAR,,BOMBA DE AGUA,HLB-1043,Cotizar,/IMAGENES BOMBAS DE AGUA HLB/HLB-1043.jpg,,,,MERCEDES-BENZ,CL500,V8 5.0L,2001 - 2006
HLB-1043,Bomba de agua,POLAR,,BOMBA DE AGUA,HLB-1043,Cotizar,/IMAGENES BOMBAS DE AGUA HLB/HLB-1043.jpg,,,,MERCEDES-BENZ,CLK320,V6 3.2L,1998 - 2005
HLB-1043,Bomba de agua,POLAR,,BOMBA DE AGUA,HLB-1043,Cotizar,/IMAGENES BOMBAS DE AGUA HLB/HLB-1043.jpg,,,,MERCEDES-BENZ,CLK430,V8 4.3L,2001 - 2003
HLB-1043,Bomba de agua,POLAR,,BOMBA DE AGUA,HLB-1043,Cotizar,/IMAGENES BOMBAS DE AGUA HLB/HLB-1043.jpg,,,,MERCEDES-BENZ,CLK500,V8 5.0L,2003 - 2006
HLB-1043,Bomba de agua,POLAR,,BOMBA DE AGUA,HLB-1043,Cotizar,/IMAGENES BOMBAS DE AGUA HLB/HLB-1043.jpg,,,,MERCEDES-BENZ,CLS500,V8 5.0L,2006 - 2006
HLB-1043,Bomba de agua,POLAR,,BOMBA DE AGUA,HLB-1043,Cotizar,/IMAGENES BOMBAS DE AGUA HLB/HLB-1043.jpg,,,,MERCEDES-BENZ,E320,V6 3.2L,1998 - 2005
HLB-1043,Bomba de agua,POLAR,,BOMBA DE AGUA,HLB-1043,Cotizar,/IMAGENES BOMBAS DE AGUA HLB/HLB-1043.jpg,,,,MERCEDES-BENZ,E430,V8 4.3L,1999 - 2002
HLB-1043,Bomba de agua,POLAR,,BOMBA DE AGUA,HLB-1043,Cotizar,/IMAGENES BOMBAS DE AGUA HLB/HLB-1043.jpg,,,,MERCEDES-BENZ,E500,V8 5.0L,2003 - 2006
HLB-1043,Bomba de agua,POLAR,,BOMBA DE AGUA,HLB-1043,Cotizar,/IMAGENES BOMBAS DE AGUA HLB/HLB-1043.jpg,,,,MERCEDES-BENZ,G500,V8 5.0L,2002 - 2008
HLB-1043,Bomba de agua,POLAR,,BOMBA DE AGUA,HLB-1043,Cotizar,/IMAGENES BOMBAS DE AGUA HLB/HLB-1043.jpg,,,,MERCEDES-BENZ,ML320,V6 3.2L,1998 - 2003
HLB-1043,Bomba de agua,POLAR,,BOMBA DE AGUA,HLB-1043,Cotizar,/IMAGENES BOMBAS DE AGUA HLB/HLB-1043.jpg,,,,MERCEDES-BENZ,ML350,V6 3.7L,2003 - 2005
HLB-1043,Bomba de agua,POLAR,,BOMBA DE AGUA,HLB-1043,Cotizar,/IMAGENES BOMBAS DE AGUA HLB/HLB-1043.jpg,,,,MERCEDES-BENZ,ML430,V8 4.3L,2001 - 2001
HLB-1043,Bomba de agua,POLAR,,BOMBA DE AGUA,HLB-1043,Cotizar,/IMAGENES BOMBAS DE AGUA HLB/HLB-1043.jpg,,,,MERCEDES-BENZ,R500,V8 5.0L,2006 - 2007
HLB-1043,Bomba de agua,POLAR,,BOMBA DE AGUA,HLB-1043,Cotizar,/IMAGENES BOMBAS DE AGUA HLB/HLB-1043.jpg,,,,MERCEDES-BENZ,S350,V6 3.7L,2006 - 2006
HLB-1043,Bomba de agua,POLAR,,BOMBA DE AGUA,HLB-1043,Cotizar,/IMAGENES BOMBAS DE AGUA HLB/HLB-1043.jpg,,,,MERCEDES-BENZ,S430,V8 4.3L,2000 - 2006
HLB-1043,Bomba de agua,POLAR,,BOMBA DE AGUA,HLB-1043,Cotizar,/IMAGENES BOMBAS DE AGUA HLB/HLB-1043.jpg,,,,MERCEDES-BENZ,S500,V8 5.0L,2000 - 2006
HLB-1043,Bomba de agua,POLAR,,BOMBA DE AGUA,HLB-1043,Cotizar,/IMAGENES BOMBAS DE AGUA HLB/HLB-1043.jpg,,,,MERCEDES-BENZ,SL500,V8 5.0L,2000 - 2006
HLB-1043,Bomba de agua,POLAR,,BOMBA DE AGUA,HLB-1043,Cotizar,/IMAGENES BOMBAS DE AGUA HLB/HLB-1043.jpg,,,,MERCEDES-BENZ,SLK320,V6 3.2L,2001 - 2004
HLB-1044,Bomba de agua,POLAR,,BOMBA DE AGUA,HLB-1044,Cotizar,/IMAGENES BOMBAS DE AGUA HLB/HLB-1044.jpg,,,,PONTIAC,GRAND AM,L4 2.0L,1987-1989
HLB-1044,Bomba de agua,POLAR,,BOMBA DE AGUA,HLB-1044,Cotizar,/IMAGENES BOMBAS DE AGUA HLB/HLB-1044.jpg,,,,PONTIAC,SUNBIRD,L4 2.0L,1987-1989
HLB-1045,Bomba de agua,POLAR,,BOMBA DE AGUA,HLB-1045,Cotizar,/IMAGENES BOMBAS DE AGUA HLB/HLB-1045.jpg,,,,NISSAN,TSURU,L4 1.6L,1990 - 1990
HLB-1046,Bomba de agua,POLAR,,BOMBA DE AGUA,HLB-1046,Cotizar,/IMAGENES BOMBAS DE AGUA HLB/HLB-1046.jpg,,,19 DIENTES,VOLKSWAGEN,BEETLE,L4 1.9L,2004 - 2006
HLB-1046,Bomba de agua,POLAR,,BOMBA DE AGUA,HLB-1046,Cotizar,/IMAGENES BOMBAS DE AGUA HLB/HLB-1046.jpg,,,19 DIENTES,VOLKSWAGEN,BORA,L4 1.9L,2004 - 2010
HLB-1046,Bomba de agua,POLAR,,BOMBA DE AGUA,HLB-1046,Cotizar,/IMAGENES BOMBAS DE AGUA HLB/HLB-1046.jpg,,,19 DIENTES,VOLKSWAGEN,EUROVAN,L4 1.9L,2005 - 2009
HLB-1046,Bomba de agua,POLAR,,BOMBA DE AGUA,HLB-1046,Cotizar,/IMAGENES BOMBAS DE AGUA HLB/HLB-1046.jpg,,,19 DIENTES,VOLKSWAGEN,JETTA,L4 1.9L,2004 - 2006
HLB-1047,Bomba de agua,POLAR,,BOMBA DE AGUA,HLB-1047,Cotizar,/IMAGENES BOMBAS DE AGUA HLB/HLB-1047.jpg,,,,BUICK,ENCORE,L4 1.4L,2013 - 2017
HLB-1047,Bomba de agua,POLAR,,BOMBA DE AGUA,HLB-1047,Cotizar,/IMAGENES BOMBAS DE AGUA HLB/HLB-1047.jpg,,,,CHEVROLET,CRUZE,L4 1.4L,2011 - 2017
HLB-1047,Bomba de agua,POLAR,,BOMBA DE AGUA,HLB-1047,Cotizar,/IMAGENES BOMBAS DE AGUA HLB/HLB-1047.jpg,,,,CHEVROLET,SONIC,L4 1.4L,2012 - 2017
HLB-1047,Bomba de agua,POLAR,,BOMBA DE AGUA,HLB-1047,Cotizar,/IMAGENES BOMBAS DE AGUA HLB/HLB-1047.jpg,,,,CHEVROLET,TRAX,L4 1.4L,2015 - 2017
HLB-1048,Bomba de agua,POLAR,,BOMBA DE AGUA,HLB-1048,Cotizar,/IMAGENES BOMBAS DE AGUA HLB/HLB-1048.jpg,,,,TOYOTA,4 RUNNER,V6 4.0L,2003 - 2009
HLB-1048,Bomba de agua,POLAR,,BOMBA DE AGUA,HLB-1048,Cotizar,/IMAGENES BOMBAS DE AGUA HLB/HLB-1048.jpg,,,,TOYOTA,FJ CRUISER,V6 4.0L,2007 - 2009
HLB-1048,Bomba de agua,POLAR,,BOMBA DE AGUA,HLB-1048,Cotizar,/IMAGENES BOMBAS DE AGUA HLB/HLB-1048.jpg,,,,TOYOTA,TACOMA,V6 4.0L,2005 - 2015
HLB-1048,Bomba de agua,POLAR,,BOMBA DE AGUA,HLB-1048,Cotizar,/IMAGENES BOMBAS DE AGUA HLB/HLB-1048.jpg,,,,TOYOTA,TUNDRA,V6 4.0L,2005 - 2011
HLB-1049,Bomba de agua,POLAR,,BOMBA DE AGUA,HLB-1049,Cotizar,/IMAGENES BOMBAS DE AGUA HLB/HLB-1049.jpg,,,,CHRYSLER,200,L4 2.4L,2011 - 2016
HLB-1049,Bomba de agua,POLAR,,BOMBA DE AGUA,HLB-1049,Cotizar,/IMAGENES BOMBAS DE AGUA HLB/HLB-1049.jpg,,,,CHRYSLER,SEBRING,L4 2.4L,2007 - 2010
HLB-1049,Bomba de agua,POLAR,,BOMBA DE AGUA,HLB-1049,Cotizar,/IMAGENES BOMBAS DE AGUA HLB/HLB-1049.jpg,,,,DODGE,AVENGER,L4 2.4L,2008 - 2014
HLB-1049,Bomba de agua,POLAR,,BOMBA DE AGUA,HLB-1049,Cotizar,/IMAGENES BOMBAS DE AGUA HLB/HLB-1049.jpg,,,,DODGE,CALIBER,L4 1.8L,2007 - 2009
HLB-1049,Bomba de agua,POLAR,,BOMBA DE AGUA,HLB-1049,Cotizar,/IMAGENES BOMBAS DE AGUA HLB/HLB-1049.jpg,,,,DODGE,CALIBER,L4 2.0L,2007 - 2012
HLB-1049,Bomba de agua,POLAR,,BOMBA DE AGUA,HLB-1049,Cotizar,/IMAGENES BOMBAS DE AGUA HLB/HLB-1049.jpg,,,,DODGE,CALIBER,L4 2.4L,2007 - 2012
HLB-1049,Bomba de agua,POLAR,,BOMBA DE AGUA,HLB-1049,Cotizar,/IMAGENES BOMBAS DE AGUA HLB/HLB-1049.jpg,,,,DODGE,DART,L4 2.0L,2013 - 2016
HLB-1049,Bomba de agua,POLAR,,BOMBA DE AGUA,HLB-1049,Cotizar,/IMAGENES BOMBAS DE AGUA HLB/HLB-1049.jpg,,,,DODGE,DART,L4 2.4L,2013 - 2016
HLB-1049,Bomba de agua,POLAR,,BOMBA DE AGUA,HLB-1049,Cotizar,/IMAGENES BOMBAS DE AGUA HLB/HLB-1049.jpg,,,,DODGE,JOURNEY,L4 2.4L,2009 - 2017
HLB-1049,Bomba de agua,POLAR,,BOMBA DE AGUA,HLB-1049,Cotizar,/IMAGENES BOMBAS DE AGUA HLB/HLB-1049.jpg,,,,JEEP,CHEROKEE,L4 2.4L,2014 - 2016
HLB-1049,Bomba de agua,POLAR,,BOMBA DE AGUA,HLB-1049,Cotizar,/IMAGENES BOMBAS DE AGUA HLB/HLB-1049.jpg,,,,JEEP,COMPASS,L4 2.0L,2007 - 2016
HLB-1049,Bomba de agua,POLAR,,BOMBA DE AGUA,HLB-1049,Cotizar,/IMAGENES BOMBAS DE AGUA HLB/HLB-1049.jpg,,,,JEEP,COMPASS,L4 2.4L,2007 - 2017
HLB-1049,Bomba de agua,POLAR,,BOMBA DE AGUA,HLB-1049,Cotizar,/IMAGENES BOMBAS DE AGUA HLB/HLB-1049.jpg,,,,JEEP,PATRIOT,L4 2.0L,2007 - 2017
HLB-1049,Bomba de agua,POLAR,,BOMBA DE AGUA,HLB-1049,Cotizar,/IMAGENES BOMBAS DE AGUA HLB/HLB-1049.jpg,,,,JEEP,PATRIOT,L4 2.4L,2007 - 2017
HLB-1049,Bomba de agua,POLAR,,BOMBA DE AGUA,HLB-1049,Cotizar,/IMAGENES BOMBAS DE AGUA HLB/HLB-1049.jpg,,,,MITSUBISHI,LANCER,L4 2.0L,2008 - 2014
HLB-1049,Bomba de agua,POLAR,,BOMBA DE AGUA,HLB-1049,Cotizar,/IMAGENES BOMBAS DE AGUA HLB/HLB-1049.jpg,,,,MITSUBISHI,LANCER,L4 2.4L,2009 - 2014
HLB-1049,Bomba de agua,POLAR,,BOMBA DE AGUA,HLB-1049,Cotizar,/IMAGENES BOMBAS DE AGUA HLB/HLB-1049.jpg,,,,MITSUBISHI,OUTLANDER,L4 2.4L,2008 - 2016
HLB-1049,Bomba de agua,POLAR,,BOMBA DE AGUA,HLB-1049,Cotizar,/IMAGENES BOMBAS DE AGUA HLB/HLB-1049.jpg,,,,RAM,PROMASTER CITY,L4 2.4L,2015 - 2016
HLB-1050,Bomba de agua,POLAR,,BOMBA DE AGUA,HLB-1050,Cotizar,/IMAGENES BOMBAS DE AGUA HLB/HLB-1050.jpg,,,,FORD,EDGE,V6 3.5L,2007 - 2010
HLB-1050,Bomba de agua,POLAR,,BOMBA DE AGUA,HLB-1050,Cotizar,/IMAGENES BOMBAS DE AGUA HLB/HLB-1050.jpg,,,,FORD,FUSION,V6 3.5L,2010 - 2012
HLB-1050,Bomba de agua,POLAR,,BOMBA DE AGUA,HLB-1050,Cotizar,/IMAGENES BOMBAS DE AGUA HLB/HLB-1050.jpg,,,,FORD,TAURUS,V6 3.5L,2008 - 2010
HLB-1050,Bomba de agua,POLAR,,BOMBA DE AGUA,HLB-1050,Cotizar,/IMAGENES BOMBAS DE AGUA HLB/HLB-1050.jpg,,,,LINCOLN,MKS,V6 3.5L,2010 - 2010
HLB-1050,Bomba de agua,POLAR,,BOMBA DE AGUA,HLB-1050,Cotizar,/IMAGENES BOMBAS DE AGUA HLB/HLB-1050.jpg,,,,LINCOLN,MKS,V6 3.7L,2009 - 2010
HLB-1050,Bomba de agua,POLAR,,BOMBA DE AGUA,HLB-1050,Cotizar,/IMAGENES BOMBAS DE AGUA HLB/HLB-1050.jpg,,,,LINCOLN,MKT,V6 3.5L,2010 - 2010
HLB-1050,Bomba de agua,POLAR,,BOMBA DE AGUA,HLB-1050,Cotizar,/IMAGENES BOMBAS DE AGUA HLB/HLB-1050.jpg,,,,LINCOLN,MKT,V6 3.7L,2010 - 2010
HLB-1050,Bomba de agua,POLAR,,BOMBA DE AGUA,HLB-1050,Cotizar,/IMAGENES BOMBAS DE AGUA HLB/HLB-1050.jpg,,,,LINCOLN,MKX,V6 3.5L,2007 - 2010
HLB-1050,Bomba de agua,POLAR,,BOMBA DE AGUA,HLB-1050,Cotizar,/IMAGENES BOMBAS DE AGUA HLB/HLB-1050.jpg,,,,LINCOLN,MKZ,V6 3.5L,2007 - 2012
HLB-1050,Bomba de agua,POLAR,,BOMBA DE AGUA,HLB-1050,Cotizar,/IMAGENES BOMBAS DE AGUA HLB/HLB-1050.jpg,,,,MAZDA,6,V6 3.7L,2009 - 2012
HLB-1050,Bomba de agua,POLAR,,BOMBA DE AGUA,HLB-1050,Cotizar,/IMAGENES BOMBAS DE AGUA HLB/HLB-1050.jpg,,,,MAZDA,CX-9,V6 3.5L,2007 - 2007
HLB-1050,Bomba de agua,POLAR,,BOMBA DE AGUA,HLB-1050,Cotizar,/IMAGENES BOMBAS DE AGUA HLB/HLB-1050.jpg,,,,MAZDA,CX-9,V6 3.7L,2008 - 2012
HLB-1050,Bomba de agua,POLAR,,BOMBA DE AGUA,HLB-1050,Cotizar,/IMAGENES BOMBAS DE AGUA HLB/HLB-1050.jpg,,,,MERCURY,SABLE,V6 3.5L,2008 - 2009
HLB-1051,Bomba de agua,POLAR,,BOMBA DE AGUA,HLB-1051,Cotizar,/IMAGENES BOMBAS DE AGUA HLB/HLB-1051.jpg,,,,DODGE,RAM 1500,6.7 D,2007-2010
HLB-1051,Bomba de agua,POLAR,,BOMBA DE AGUA,HLB-1051,Cotizar,/IMAGENES BOMBAS DE AGUA HLB/HLB-1051.jpg,,,,DODGE,RAM 2500,6.7 D,2007-2010
HLB-1051,Bomba de agua,POLAR,,BOMBA DE AGUA,HLB-1051,Cotizar,/IMAGENES BOMBAS DE AGUA HLB/HLB-1051.jpg,,,,DODGE,RAM 3500,6.7 D,2007-2010
HLB-1051,Bomba de agua,POLAR,,BOMBA DE AGUA,HLB-1051,Cotizar,/IMAGENES BOMBAS DE AGUA HLB/HLB-1051.jpg,,,,DODGE,RAM 4500,6.7 D,2007-2010
HLB-1051,Bomba de agua,POLAR,,BOMBA DE AGUA,HLB-1051,Cotizar,/IMAGENES BOMBAS DE AGUA HLB/HLB-1051.jpg,,,,DODGE,RAM 5500,6.7 D,2007-2010
HLB-1052,Bomba de agua,POLAR,,BOMBA DE AGUA,HLB-1052,Cotizar,/IMAGENES BOMBAS DE AGUA HLB/HLB-1052.jpg,,,,MERCEDES-BENZ,C280,V6 2.8L,1998 - 1999
HLB-1052,Bomba de agua,POLAR,,BOMBA DE AGUA,HLB-1052,Cotizar,/IMAGENES BOMBAS DE AGUA HLB/HLB-1052.jpg,,,,MERCEDES-BENZ,C43 AMG,V8 4.3L,1998 - 2000
HLB-1052,Bomba de agua,POLAR,,BOMBA DE AGUA,HLB-1052,Cotizar,/IMAGENES BOMBAS DE AGUA HLB/HLB-1052.jpg,,,,MERCEDES-BENZ,C55 AMG,V8 5.5L,2005 - 2006
HLB-1052,Bomba de agua,POLAR,,BOMBA DE AGUA,HLB-1052,Cotizar,/IMAGENES BOMBAS DE AGUA HLB/HLB-1052.jpg,,,,MERCEDES-BENZ,CL500,V8 5.0L,2000 - 2000
HLB-1052,Bomba de agua,POLAR,,BOMBA DE AGUA,HLB-1052,Cotizar,/IMAGENES BOMBAS DE AGUA HLB/HLB-1052.jpg,,,,MERCEDES-BENZ,CL55 AMG,V8 5.5L,2001 - 2002
HLB-1052,Bomba de agua,POLAR,,BOMBA DE AGUA,HLB-1052,Cotizar,/IMAGENES BOMBAS DE AGUA HLB/HLB-1052.jpg,,,,MERCEDES-BENZ,CLK320,V6 3.2L,1998 - 2003
HLB-1052,Bomba de agua,POLAR,,BOMBA DE AGUA,HLB-1052,Cotizar,/IMAGENES BOMBAS DE AGUA HLB/HLB-1052.jpg,,,,MERCEDES-BENZ,CLK430,V8 4.3L,1999 - 2000
HLB-1052,Bomba de agua,POLAR,,BOMBA DE AGUA,HLB-1052,Cotizar,/IMAGENES BOMBAS DE AGUA HLB/HLB-1052.jpg,,,,MERCEDES-BENZ,CLK55 AMG,V8 5.5L,2001 - 2006
HLB-1052,Bomba de agua,POLAR,,BOMBA DE AGUA,HLB-1052,Cotizar,/IMAGENES BOMBAS DE AGUA HLB/HLB-1052.jpg,,,,MERCEDES-BENZ,E320,V6 3.2L,1998 - 2005
HLB-1052,Bomba de agua,POLAR,,BOMBA DE AGUA,HLB-1052,Cotizar,/IMAGENES BOMBAS DE AGUA HLB/HLB-1052.jpg,,,,MERCEDES-BENZ,E430,V8 4.3L,1998 - 1999
HLB-1052,Bomba de agua,POLAR,,BOMBA DE AGUA,HLB-1052,Cotizar,/IMAGENES BOMBAS DE AGUA HLB/HLB-1052.jpg,,,,MERCEDES-BENZ,E55 AMG,V8 5.5L,1999 - 2002
HLB-1052,Bomba de agua,POLAR,,BOMBA DE AGUA,HLB-1052,Cotizar,/IMAGENES BOMBAS DE AGUA HLB/HLB-1052.jpg,,,,MERCEDES-BENZ,G500,V8 5.0L,2002 - 2008
HLB-1052,Bomba de agua,POLAR,,BOMBA DE AGUA,HLB-1052,Cotizar,/IMAGENES BOMBAS DE AGUA HLB/HLB-1052.jpg,,,,MERCEDES-BENZ,G55 AMG,V8 5.5L,2003 - 2005
HLB-1052,Bomba de agua,POLAR,,BOMBA DE AGUA,HLB-1052,Cotizar,/IMAGENES BOMBAS DE AGUA HLB/HLB-1052.jpg,,,,MERCEDES-BENZ,ML430,V8 4.3L,1999 - 2000
HLB-1052,Bomba de agua,POLAR,,BOMBA DE AGUA,HLB-1052,Cotizar,/IMAGENES BOMBAS DE AGUA HLB/HLB-1052.jpg,,,,MERCEDES-BENZ,ML500,V8 5.0L,2002 - 2007
HLB-1052,Bomba de agua,POLAR,,BOMBA DE AGUA,HLB-1052,Cotizar,/IMAGENES BOMBAS DE AGUA HLB/HLB-1052.jpg,,,,MERCEDES-BENZ,ML55 AMG,V8 5.5L,2000 - 2003
HLB-1052,Bomba de agua,POLAR,,BOMBA DE AGUA,HLB-1052,Cotizar,/IMAGENES BOMBAS DE AGUA HLB/HLB-1052.jpg,,,,MERCEDES-BENZ,S430,V8 4.3L,2000 - 2000
HLB-1052,Bomba de agua,POLAR,,BOMBA DE AGUA,HLB-1052,Cotizar,/IMAGENES BOMBAS DE AGUA HLB/HLB-1052.jpg,,,,MERCEDES-BENZ,S55 AMG,V8 5.5L,2001 - 2002
HLB-1052,Bomba de agua,POLAR,,BOMBA DE AGUA,HLB-1052,Cotizar,/IMAGENES BOMBAS DE AGUA HLB/HLB-1052.jpg,,,,MERCEDES-BENZ,SLK320,V6 3.2L,2001 - 2003
HLB-1053,Bomba de agua,POLAR,,BOMBA DE AGUA,HLB-1053,Cotizar,/IMAGENES BOMBAS DE AGUA HLB/HLB-1053.jpg,,,,FORD,E-150 Econoline,V8 4.6L,1997 - 2002
HLB-1053,Bomba de agua,POLAR,,BOMBA DE AGUA,HLB-1053,Cotizar,/IMAGENES BOMBAS DE AGUA HLB/HLB-1053.jpg,,,,FORD,E-150 Econoline,V8 5.4L,1997 - 2002
HLB-1053,Bomba de agua,POLAR,,BOMBA DE AGUA,HLB-1053,Cotizar,/IMAGENES BOMBAS DE AGUA HLB/HLB-1053.jpg,,,,FORD,E-150 Econoline Club Wagon,V8 4.6L,1997 - 2002
HLB-1053,Bomba de agua,POLAR,,BOMBA DE AGUA,HLB-1053,Cotizar,/IMAGENES BOMBAS DE AGUA HLB/HLB-1053.jpg,,,,FORD,E-150 Econoline Club Wagon,V8 5.4L,1997 - 2002
HLB-1053,Bomba de agua,POLAR,,BOMBA DE AGUA,HLB-1053,Cotizar,/IMAGENES BOMBAS DE AGUA HLB/HLB-1053.jpg,,,,FORD,E-250 Econoline,V8 4.6L,1997 - 2002
HLB-1053,Bomba de agua,POLAR,,BOMBA DE AGUA,HLB-1053,Cotizar,/IMAGENES BOMBAS DE AGUA HLB/HLB-1053.jpg,,,,FORD,E-250 Econoline,V8 5.4L,1997 - 2002
HLB-1053,Bomba de agua,POLAR,,BOMBA DE AGUA,HLB-1053,Cotizar,/IMAGENES BOMBAS DE AGUA HLB/HLB-1053.jpg,,,,FORD,E-350 Econoline,V8 5.4L,1997 - 2002
HLB-1053,Bomba de agua,POLAR,,BOMBA DE AGUA,HLB-1053,Cotizar,/IMAGENES BOMBAS DE AGUA HLB/HLB-1053.jpg,,,,FORD,E-350 Econoline Club Wagon,V8 5.4L,1997 - 2002
HLB-1053,Bomba de agua,POLAR,,BOMBA DE AGUA,HLB-1053,Cotizar,/IMAGENES BOMBAS DE AGUA HLB/HLB-1053.jpg,,,,FORD,EXCURSION,V8 5.4L,2000 - 2002
HLB-1053,Bomba de agua,POLAR,,BOMBA DE AGUA,HLB-1053,Cotizar,/IMAGENES BOMBAS DE AGUA HLB/HLB-1053.jpg,,,,FORD,EXPEDITION,V8 4.6L,1997 - 2002
HLB-1053,Bomba de agua,POLAR,,BOMBA DE AGUA,HLB-1053,Cotizar,/IMAGENES BOMBAS DE AGUA HLB/HLB-1053.jpg,,,,FORD,EXPEDITION,V8 5.4L,1997 - 2002
HLB-1053,Bomba de agua,POLAR,,BOMBA DE AGUA,HLB-1053,Cotizar,/IMAGENES BOMBAS DE AGUA HLB/HLB-1053.jpg,,,,FORD,F-150,V8 4.6L,1997 - 2002
HLB-1053,Bomba de agua,POLAR,,BOMBA DE AGUA,HLB-1053,Cotizar,/IMAGENES BOMBAS DE AGUA HLB/HLB-1053.jpg,,,,FORD,F-150,V8 5.4L,1997 - 2002
HLB-1053,Bomba de agua,POLAR,,BOMBA DE AGUA,HLB-1053,Cotizar,/IMAGENES BOMBAS DE AGUA HLB/HLB-1053.jpg,,,,FORD,F-250,V8 4.6L,1997 - 1999
HLB-1053,Bomba de agua,POLAR,,BOMBA DE AGUA,HLB-1053,Cotizar,/IMAGENES BOMBAS DE AGUA HLB/HLB-1053.jpg,,,,FORD,F-250,V8 5.4L,1997 - 1999
HLB-1053,Bomba de agua,POLAR,,BOMBA DE AGUA,HLB-1053,Cotizar,/IMAGENES BOMBAS DE AGUA HLB/HLB-1053.jpg,,,,FORD,F-250 Super Duty,V8 5.4L,1999 - 2002
HLB-1053,Bomba de agua,POLAR,,BOMBA DE AGUA,HLB-1053,Cotizar,/IMAGENES BOMBAS DE AGUA HLB/HLB-1053.jpg,,,,FORD,F-350 Super Duty,V8 5.4L,1999 - 2002
HLB-1053,Bomba de agua,POLAR,,BOMBA DE AGUA,HLB-1053,Cotizar,/IMAGENES BOMBAS DE AGUA HLB/HLB-1053.jpg,,,,LINCOLN,BLACKWOOD,V8 5.4L,2002 - 2002
HLB-1053,Bomba de agua,POLAR,,BOMBA DE AGUA,HLB-1053,Cotizar,/IMAGENES BOMBAS DE AGUA HLB/HLB-1053.jpg,,,,LINCOLN,NAVIGATOR,V8 5.4L,1998 - 2001
HLB-1054,Bomba de agua,POLAR,,BOMBA DE AGUA,HLB-1054,Cotizar,/IMAGENES BOMBAS DE AGUA HLB/HLB-1054.jpg,,,,AUDI,A3,L4 2.0L,2008 - 2013
HLB-1054,Bomba de agua,POLAR,,BOMBA DE AGUA,HLB-1054,Cotizar,/IMAGENES BOMBAS DE AGUA HLB/HLB-1054.jpg,,,,AUDI,A4,L4 2.0L,2009 - 2013
HLB-1054,Bomba de agua,POLAR,,BOMBA DE AGUA,HLB-1054,Cotizar,/IMAGENES BOMBAS DE AGUA HLB/HLB-1054.jpg,,,,AUDI,A4 Quattro,L4 2.0L,2009 - 2013
HLB-1054,Bomba de agua,POLAR,,BOMBA DE AGUA,HLB-1054,Cotizar,/IMAGENES BOMBAS DE AGUA HLB/HLB-1054.jpg,,,,AUDI,A5,L4 2.0L,2010 - 2013
HLB-1054,Bomba de agua,POLAR,,BOMBA DE AGUA,HLB-1054,Cotizar,/IMAGENES BOMBAS DE AGUA HLB/HLB-1054.jpg,,,,AUDI,A5 Quattro,L4 2.0L,2010 - 2013
HLB-1054,Bomba de agua,POLAR,,BOMBA DE AGUA,HLB-1054,Cotizar,/IMAGENES BOMBAS DE AGUA HLB/HLB-1054.jpg,,,,AUDI,A6,L4 2.0L,2012 - 2013
HLB-1054,Bomba de agua,POLAR,,BOMBA DE AGUA,HLB-1054,Cotizar,/IMAGENES BOMBAS DE AGUA HLB/HLB-1054.jpg,,,,AUDI,A6 Quattro,L4 2.0L,2013 - 2013
HLB-1054,Bomba de agua,POLAR,,BOMBA DE AGUA,HLB-1054,Cotizar,/IMAGENES BOMBAS DE AGUA HLB/HLB-1054.jpg,,,,AUDI,ALLROAD,L4 2.0L,2013 - 2013
HLB-1054,Bomba de agua,POLAR,,BOMBA DE AGUA,HLB-1054,Cotizar,/IMAGENES BOMBAS DE AGUA HLB/HLB-1054.jpg,,,,AUDI,Q3,L4 2.0L,2015 - 2016
HLB-1054,Bomba de agua,POLAR,,BOMBA DE AGUA,HLB-1054,Cotizar,/IMAGENES BOMBAS DE AGUA HLB/HLB-1054.jpg,,,,AUDI,Q3 Quattro,L4 2.0L,2015 - 2016
HLB-1054,Bomba de agua,POLAR,,BOMBA DE AGUA,HLB-1054,Cotizar,/IMAGENES BOMBAS DE AGUA HLB/HLB-1054.jpg,,,,AUDI,Q5,L4 2.0L,2011 - 2016
HLB-1054,Bomba de agua,POLAR,,BOMBA DE AGUA,HLB-1054,Cotizar,/IMAGENES BOMBAS DE AGUA HLB/HLB-1054.jpg,,,,AUDI,TT,L4 2.0L,2009 - 2009
HLB-1054,Bomba de agua,POLAR,,BOMBA DE AGUA,HLB-1054,Cotizar,/IMAGENES BOMBAS DE AGUA HLB/HLB-1054.jpg,,,,AUDI,TT Quattro,L4 2.0L,2009 - 2013
HLB-1054,Bomba de agua,POLAR,,BOMBA DE AGUA,HLB-1054,Cotizar,/IMAGENES BOMBAS DE AGUA HLB/HLB-1054.jpg,,,,VOLKSWAGEN,BEETLE,L4 2.0L,2012 - 2013
HLB-1054,Bomba de agua,POLAR,,BOMBA DE AGUA,HLB-1054,Cotizar,/IMAGENES BOMBAS DE AGUA HLB/HLB-1054.jpg,,,,VOLKSWAGEN,EOS,L4 2.0L,2010 - 2010
HLB-1054,Bomba de agua,POLAR,,BOMBA DE AGUA,HLB-1054,Cotizar,/IMAGENES BOMBAS DE AGUA HLB/HLB-1054.jpg,,,,VOLKSWAGEN,GTI,L4 2.0L,2008 - 2013
HLB-1054,Bomba de agua,POLAR,,BOMBA DE AGUA,HLB-1054,Cotizar,/IMAGENES BOMBAS DE AGUA HLB/HLB-1054.jpg,,,,VOLKSWAGEN,JETTA,L4 2.0L,2008 - 2010
HLB-1054,Bomba de agua,POLAR,,BOMBA DE AGUA,HLB-1054,Cotizar,/IMAGENES BOMBAS DE AGUA HLB/HLB-1054.jpg,,,,VOLKSWAGEN,JETTA,L4 2.0L,2012 - 2013
HLB-1054,Bomba de agua,POLAR,,BOMBA DE AGUA,HLB-1054,Cotizar,/IMAGENES BOMBAS DE AGUA HLB/HLB-1054.jpg,,,,VOLKSWAGEN,PASSAT,L4 2.0L,2008 - 2010
HLB-1054,Bomba de agua,POLAR,,BOMBA DE AGUA,HLB-1054,Cotizar,/IMAGENES BOMBAS DE AGUA HLB/HLB-1054.jpg,,,,VOLKSWAGEN,TIGUAN,L4 2.0L,2009 - 2016
HLB-1055,Bomba de agua,POLAR,,BOMBA DE AGUA,HLB-1055,Cotizar,/IMAGENES BOMBAS DE AGUA HLB/HLB-1055.jpg,,,,NISSAN,APRIO,L4 1.6L,2008 - 2010
HLB-1056,Bomba de agua,POLAR,,BOMBA DE AGUA,HLB-1056,Cotizar,/IMAGENES BOMBAS DE AGUA HLB/HLB-1056.jpg,,,,FORD,EDGE,V6 3.5L,2012 - 2014
HLB-1056,Bomba de agua,POLAR,,BOMBA DE AGUA,HLB-1056,Cotizar,/IMAGENES BOMBAS DE AGUA HLB/HLB-1056.jpg,,,,FORD,EXPLORER,V6 3.5L,2012 - 2019
HLB-1056,Bomba de agua,POLAR,,BOMBA DE AGUA,HLB-1056,Cotizar,/IMAGENES BOMBAS DE AGUA HLB/HLB-1056.jpg,,,,FORD,FUSION,V6 3.5L,2012 - 2012
HLB-1057,Bomba de agua,POLAR,,BOMBA DE AGUA,HLB-1057,Cotizar,/IMAGENES BOMBAS DE AGUA HLB/HLB-1057.jpg,,,,SUZUKI,SWIFT,L4 1.5L,2007 - 2012
HLB-1057,Bomba de agua,POLAR,,BOMBA DE AGUA,HLB-1057,Cotizar,/IMAGENES BOMBAS DE AGUA HLB/HLB-1057.jpg,,,,SUZUKI,SWIFT,L4 1.6L,2013 - 2016
HLB-1058,Bomba de agua,POLAR,,BOMBA DE AGUA,HLB-1058,Cotizar,/IMAGENES BOMBAS DE AGUA HLB/HLB-1058.jpg,,,,MITSUBISHI,L200,L4 2.5L,2008 - 2017
HLB-1059,Bomba de agua,POLAR,,BOMBA DE AGUA,HLB-1059,Cotizar,/IMAGENES BOMBAS DE AGUA HLB/HLB-1059.jpg,,,,PEUGEOT,306,L4 2.0L,2000-2005
HLB-1059,Bomba de agua,POLAR,,BOMBA DE AGUA,HLB-1059,Cotizar,/IMAGENES BOMBAS DE AGUA HLB/HLB-1059.jpg,,,,PEUGEOT,406,L4 2.0L,2001-2002
HLB-1060,Bomba de agua,POLAR,,BOMBA DE AGUA,HLB-1060,Cotizar,/IMAGENES BOMBAS DE AGUA HLB/HLB-1060.jpg,,,,CHEVROLET,CORVETTE,V8 6.0L,2005-2006
HLB-1061,Bomba de agua,POLAR,,BOMBA DE AGUA,HLB-1061,Cotizar,/IMAGENES BOMBAS DE AGUA HLB/HLB-1061.jpg,,,,VOLVO,960,L5 2.9L,1992-1997
HLB-1061,Bomba de agua,POLAR,,BOMBA DE AGUA,HLB-1061,Cotizar,/IMAGENES BOMBAS DE AGUA HLB/HLB-1061.jpg,,,,VOLVO,850,L5 2.4L,1993-1997
HLB-1061,Bomba de agua,POLAR,,BOMBA DE AGUA,HLB-1061,Cotizar,/IMAGENES BOMBAS DE AGUA HLB/HLB-1061.jpg,,,,VOLVO,S70,L5 2.3L,1998-2000
HLB-1061,Bomba de agua,POLAR,,BOMBA DE AGUA,HLB-1061,Cotizar,/IMAGENES BOMBAS DE AGUA HLB/HLB-1061.jpg,,,,VOLVO,S71,L5 2.4L,1998-2001
HLB-1061,Bomba de agua,POLAR,,BOMBA DE AGUA,HLB-1061,Cotizar,/IMAGENES BOMBAS DE AGUA HLB/HLB-1061.jpg,,,,VOLVO,S60,L5 2.0L,2001-2004
HLB-1061,Bomba de agua,POLAR,,BOMBA DE AGUA,HLB-1061,Cotizar,/IMAGENES BOMBAS DE AGUA HLB/HLB-1061.jpg,,,,VOLVO,S60,L5 2.5L,2003-2007
HLB-1061,Bomba de agua,POLAR,,BOMBA DE AGUA,HLB-1061,Cotizar,/IMAGENES BOMBAS DE AGUA HLB/HLB-1061.jpg,,,,VOLVO,S50 ,L5 2.5L,2005-2010
HLB-1062,Bomba de agua,POLAR,,BOMBA DE AGUA,HLB-1062,Cotizar,/IMAGENES BOMBAS DE AGUA HLB/HLB-1062.jpg,,,,AUDI,A3,L4 1.8L,2001 - 2004
HLB-1062,Bomba de agua,POLAR,,BOMBA DE AGUA,HLB-1062,Cotizar,/IMAGENES BOMBAS DE AGUA HLB/HLB-1062.jpg,,,,AUDI,A4,L4 1.8L,2001 - 2006
HLB-1062,Bomba de agua,POLAR,,BOMBA DE AGUA,HLB-1062,Cotizar,/IMAGENES BOMBAS DE AGUA HLB/HLB-1062.jpg,,,,AUDI,A4 Cabriolet,L4 1.8L,2003 - 2006
HLB-1062,Bomba de agua,POLAR,,BOMBA DE AGUA,HLB-1062,Cotizar,/IMAGENES BOMBAS DE AGUA HLB/HLB-1062.jpg,,,,AUDI,A4 Quattro,L4 1.8L,2001 - 2005
HLB-1062,Bomba de agua,POLAR,,BOMBA DE AGUA,HLB-1062,Cotizar,/IMAGENES BOMBAS DE AGUA HLB/HLB-1062.jpg,,,,AUDI,A4 Quattro Avant,L4 1.8L,2001 - 2005
HLB-1062,Bomba de agua,POLAR,,BOMBA DE AGUA,HLB-1062,Cotizar,/IMAGENES BOMBAS DE AGUA HLB/HLB-1062.jpg,,,,AUDI,TT,L4 1.8L,2000 - 2006
HLB-1062,Bomba de agua,POLAR,,BOMBA DE AGUA,HLB-1062,Cotizar,/IMAGENES BOMBAS DE AGUA HLB/HLB-1062.jpg,,,,AUDI,TT Quattro,L4 1.8L,2000 - 2006
HLB-1062,Bomba de agua,POLAR,,BOMBA DE AGUA,HLB-1062,Cotizar,/IMAGENES BOMBAS DE AGUA HLB/HLB-1062.jpg,,,,SEAT,ALHAMBRA,L4 1.8L,2001 - 2008
HLB-1062,Bomba de agua,POLAR,,BOMBA DE AGUA,HLB-1062,Cotizar,/IMAGENES BOMBAS DE AGUA HLB/HLB-1062.jpg,,,,SEAT,CORDOBA,L4 2.0L,2002 - 2009
HLB-1062,Bomba de agua,POLAR,,BOMBA DE AGUA,HLB-1062,Cotizar,/IMAGENES BOMBAS DE AGUA HLB/HLB-1062.jpg,,,,SEAT,IBIZA,L4 2.0L,2003 - 2011
HLB-1062,Bomba de agua,POLAR,,BOMBA DE AGUA,HLB-1062,Cotizar,/IMAGENES BOMBAS DE AGUA HLB/HLB-1062.jpg,,,,SEAT,IBIZA FR,L4 1.8L,2003 - 2008
HLB-1062,Bomba de agua,POLAR,,BOMBA DE AGUA,HLB-1062,Cotizar,/IMAGENES BOMBAS DE AGUA HLB/HLB-1062.jpg,,,,SEAT,LEON,L4 1.8L,2001 - 2006
HLB-1062,Bomba de agua,POLAR,,BOMBA DE AGUA,HLB-1062,Cotizar,/IMAGENES BOMBAS DE AGUA HLB/HLB-1062.jpg,,,,SEAT,TOLEDO,L4 1.8L,2001 - 2005
HLB-1062,Bomba de agua,POLAR,,BOMBA DE AGUA,HLB-1062,Cotizar,/IMAGENES BOMBAS DE AGUA HLB/HLB-1062.jpg,,,,VOLKSWAGEN,BEETLE,L4 1.8L,1999 - 2005
HLB-1062,Bomba de agua,POLAR,,BOMBA DE AGUA,HLB-1062,Cotizar,/IMAGENES BOMBAS DE AGUA HLB/HLB-1062.jpg,,,,VOLKSWAGEN,BEETLE,L4 2.0L,1998 - 2008
HLB-1062,Bomba de agua,POLAR,,BOMBA DE AGUA,HLB-1062,Cotizar,/IMAGENES BOMBAS DE AGUA HLB/HLB-1062.jpg,,,,VOLKSWAGEN,CLASICO,L4 2.0L,2009 - 2015
HLB-1062,Bomba de agua,POLAR,,BOMBA DE AGUA,HLB-1062,Cotizar,/IMAGENES BOMBAS DE AGUA HLB/HLB-1062.jpg,,,,VOLKSWAGEN,DERBY,L4 2.0L,2001 - 2004
HLB-1062,Bomba de agua,POLAR,,BOMBA DE AGUA,HLB-1062,Cotizar,/IMAGENES BOMBAS DE AGUA HLB/HLB-1062.jpg,,,,VOLKSWAGEN,GOLF,L4 1.8L,2000 - 2005
HLB-1062,Bomba de agua,POLAR,,BOMBA DE AGUA,HLB-1062,Cotizar,/IMAGENES BOMBAS DE AGUA HLB/HLB-1062.jpg,,,,VOLKSWAGEN,GOLF,L4 2.0L,1999 - 2006
HLB-1062,Bomba de agua,POLAR,,BOMBA DE AGUA,HLB-1062,Cotizar,/IMAGENES BOMBAS DE AGUA HLB/HLB-1062.jpg,,,,VOLKSWAGEN,JETTA,L4 1.8L,2000 - 2005
HLB-1062,Bomba de agua,POLAR,,BOMBA DE AGUA,HLB-1062,Cotizar,/IMAGENES BOMBAS DE AGUA HLB/HLB-1062.jpg,,,,VOLKSWAGEN,JETTA,L4 2.0L,1999 - 2010
HLB-1062,Bomba de agua,POLAR,,BOMBA DE AGUA,HLB-1062,Cotizar,/IMAGENES BOMBAS DE AGUA HLB/HLB-1062.jpg,,,,VOLKSWAGEN,POINTER GTI,L4 2.0L,1998 - 2006
HLB-1062,Bomba de agua,POLAR,,BOMBA DE AGUA,HLB-1062,Cotizar,/IMAGENES BOMBAS DE AGUA HLB/HLB-1062.jpg,,,,VOLKSWAGEN,POLO,L4 2.0L,2003 - 2007
HLB-1063,Bomba de agua,POLAR,,BOMBA DE AGUA,HLB-1063,Cotizar,/IMAGENES BOMBAS DE AGUA HLB/HLB-1063.jpg,,,,,,,
HLB-1064,Bomba de agua,POLAR,,BOMBA DE AGUA,HLB-1064,Cotizar,/IMAGENES BOMBAS DE AGUA HLB/HLB-1064.jpg,,,,INFINITI,FX50,V8 5.0L,2009 - 2011
HLB-1064,Bomba de agua,POLAR,,BOMBA DE AGUA,HLB-1064,Cotizar,/IMAGENES BOMBAS DE AGUA HLB/HLB-1064.jpg,,,,INFINITI,M56,V8 5.6L,2011 - 2011
HLB-1064,Bomba de agua,POLAR,,BOMBA DE AGUA,HLB-1064,Cotizar,/IMAGENES BOMBAS DE AGUA HLB/HLB-1064.jpg,,,,INFINITI,QX56,V8 5.6L,2004 - 2012
HLB-1064,Bomba de agua,POLAR,,BOMBA DE AGUA,HLB-1064,Cotizar,/IMAGENES BOMBAS DE AGUA HLB/HLB-1064.jpg,,,,NISSAN,ARMADA,V8 5.6L,2005 - 2015
HLB-1064,Bomba de agua,POLAR,,BOMBA DE AGUA,HLB-1064,Cotizar,/IMAGENES BOMBAS DE AGUA HLB/HLB-1064.jpg,,,,NISSAN,PATHFINDER,V8 5.6L,2004 - 2004
HLB-1064,Bomba de agua,POLAR,,BOMBA DE AGUA,HLB-1064,Cotizar,/IMAGENES BOMBAS DE AGUA HLB/HLB-1064.jpg,,,,NISSAN,PATHFINDER,V8 5.6L,2008 - 2012
HLB-1064,Bomba de agua,POLAR,,BOMBA DE AGUA,HLB-1064,Cotizar,/IMAGENES BOMBAS DE AGUA HLB/HLB-1064.jpg,,,,NISSAN,TITAN,V8 5.6L,2004 - 2015
HLB-1065,Bomba de agua,POLAR,,BOMBA DE AGUA,HLB-1065,Cotizar,/IMAGENES BOMBAS DE AGUA HLB/HLB-1065.jpg,,,,NISSAN,ICHI VAN,L4 1.8L,1990-1992
HLB-1066,Bomba de agua,POLAR,,BOMBA DE AGUA,HLB-1066,Cotizar,/IMAGENES BOMBAS DE AGUA HLB/HLB-1066.jpg,,,,NISSAN,FRONTIER,L4 2.5L,2005 - 2015
HLB-1066,Bomba de agua,POLAR,,BOMBA DE AGUA,HLB-1066,Cotizar,/IMAGENES BOMBAS DE AGUA HLB/HLB-1066.jpg,,,,NISSAN,URVAN,L4 2.5L,2007 - 2013
HLB-1066,Bomba de agua,POLAR,,BOMBA DE AGUA,HLB-1066,Cotizar,/IMAGENES BOMBAS DE AGUA HLB/HLB-1066.jpg,,,,NISSAN,URVAN NV350,L4 2.5L,2014 - 2017
HLB-1067,Bomba de agua,POLAR,,BOMBA DE AGUA,HLB-1067,Cotizar,/IMAGENES BOMBAS DE AGUA HLB/HLB-1067.jpg,,,,TOYOTA,LAND CRUISER,L6 4.5L,1993-1997
HLB-1068,Bomba de agua,POLAR,,BOMBA DE AGUA,HLB-1068,Cotizar,/IMAGENES BOMBAS DE AGUA HLB/HLB-1068.jpg,,,,FORD,F-250 Super Duty,V8 6.7L,2011 - 2016
HLB-1068,Bomba de agua,POLAR,,BOMBA DE AGUA,HLB-1068,Cotizar,/IMAGENES BOMBAS DE AGUA HLB/HLB-1068.jpg,,,,FORD,F-350 Super Duty,V8 6.7L,2011 - 2016
HLB-1068,Bomba de agua,POLAR,,BOMBA DE AGUA,HLB-1068,Cotizar,/IMAGENES BOMBAS DE AGUA HLB/HLB-1068.jpg,,,,FORD,F-450 Super Duty,V8 6.7L,2011 - 2016
HLB-1068,Bomba de agua,POLAR,,BOMBA DE AGUA,HLB-1068,Cotizar,/IMAGENES BOMBAS DE AGUA HLB/HLB-1068.jpg,,,,FORD,F-550 Super Duty,V8 6.7L,2011 - 2016
HLB-1069,Bomba de agua,POLAR,,BOMBA DE AGUA,HLB-1069,Cotizar,/IMAGENES BOMBAS DE AGUA HLB/HLB-1069.jpg,,,,FORD,F-250 Super Duty,V8 6.7L,2011 - 2016
HLB-1069,Bomba de agua,POLAR,,BOMBA DE AGUA,HLB-1069,Cotizar,/IMAGENES BOMBAS DE AGUA HLB/HLB-1069.jpg,,,,FORD,F-350 Super Duty,V8 6.7L,2011 - 2016
HLB-1069,Bomba de agua,POLAR,,BOMBA DE AGUA,HLB-1069,Cotizar,/IMAGENES BOMBAS DE AGUA HLB/HLB-1069.jpg,,,,FORD,F-450 Super Duty,V8 6.7L,2011 - 2016
HLB-1069,Bomba de agua,POLAR,,BOMBA DE AGUA,HLB-1069,Cotizar,/IMAGENES BOMBAS DE AGUA HLB/HLB-1069.jpg,,,,FORD,F-550 Super Duty,V8 6.7L,2011 - 2016
HLB-1070,Bomba de agua,POLAR,,BOMBA DE AGUA,HLB-1070,Cotizar,/IMAGENES BOMBAS DE AGUA HLB/HLB-1070.jpg,,,,NISSAN,240Z,L4 2.4L,1970-1984
HLB-1070,Bomba de agua,POLAR,,BOMBA DE AGUA,HLB-1070,Cotizar,/IMAGENES BOMBAS DE AGUA HLB/HLB-1070.jpg,,,,NISSAN,MAXIMA,L4 2.4L,1970-1984
HLB-1071,Bomba de agua,POLAR,,BOMBA DE AGUA,HLB-1071,Cotizar,/IMAGENES BOMBAS DE AGUA HLB/HLB-1071.jpg,,,,FORD,CONTOUR,V6 2.5L,1995 - 2000
HLB-1071,Bomba de agua,POLAR,,BOMBA DE AGUA,HLB-1071,Cotizar,/IMAGENES BOMBAS DE AGUA HLB/HLB-1071.jpg,,,,FORD,ESCAPE,V6 3.0L,2001 - 2003
HLB-1071,Bomba de agua,POLAR,,BOMBA DE AGUA,HLB-1071,Cotizar,/IMAGENES BOMBAS DE AGUA HLB/HLB-1071.jpg,,,,FORD,MONDEO,V6 2.5L,2002 - 2005
HLB-1071,Bomba de agua,POLAR,,BOMBA DE AGUA,HLB-1071,Cotizar,/IMAGENES BOMBAS DE AGUA HLB/HLB-1071.jpg,,,,FORD,TAURUS,V6 3.0L,2001 - 2003
HLB-1071,Bomba de agua,POLAR,,BOMBA DE AGUA,HLB-1071,Cotizar,/IMAGENES BOMBAS DE AGUA HLB/HLB-1071.jpg,,,,MAZDA,MPV,V6 2.5L,2000 - 2001
HLB-1071,Bomba de agua,POLAR,,BOMBA DE AGUA,HLB-1071,Cotizar,/IMAGENES BOMBAS DE AGUA HLB/HLB-1071.jpg,,,,MAZDA,MPV,V6 3.0L,2002 - 2003
HLB-1071,Bomba de agua,POLAR,,BOMBA DE AGUA,HLB-1071,Cotizar,/IMAGENES BOMBAS DE AGUA HLB/HLB-1071.jpg,,,,MAZDA,TRIBUTE,V6 3.0L,2001 - 2003
HLB-1071,Bomba de agua,POLAR,,BOMBA DE AGUA,HLB-1071,Cotizar,/IMAGENES BOMBAS DE AGUA HLB/HLB-1071.jpg,,,,MERCURY,COUGAR,V6 2.5L,1999 - 2002
HLB-1071,Bomba de agua,POLAR,,BOMBA DE AGUA,HLB-1071,Cotizar,/IMAGENES BOMBAS DE AGUA HLB/HLB-1071.jpg,,,,MERCURY,MYSTIQUE,V6 2.5L,1995 - 2000
HLB-1071,Bomba de agua,POLAR,,BOMBA DE AGUA,HLB-1071,Cotizar,/IMAGENES BOMBAS DE AGUA HLB/HLB-1071.jpg,,,,MERCURY,SABLE,V6 3.0L,2001 - 2003
HLB-1072,Bomba de agua,POLAR,,BOMBA DE AGUA,HLB-1072,Cotizar,/IMAGENES BOMBAS DE AGUA HLB/HLB-1072.jpg,,,,,,,
HLB-1073,Bomba de agua,POLAR,,BOMBA DE AGUA,HLB-1073,Cotizar,/IMAGENES BOMBAS DE AGUA HLB/HLB-1073.jpg,,,,HONDA,CIVIC,L4 1.8L,2006 - 2011
HLB-1074,Bomba de agua,POLAR,,BOMBA DE AGUA,HLB-1074,Cotizar,/IMAGENES BOMBAS DE AGUA HLB/HLB-1074.jpg,,,,HONDA,FIT,L4 1.5L,2007 - 2009
HLB-1075,Bomba de agua,POLAR,,BOMBA DE AGUA,HLB-1075,Cotizar,/IMAGENES BOMBAS DE AGUA HLB/HLB-1075.jpg,,,,BUICK,LUCERNE,V6 3.9L,2009 - 2011
HLB-1075,Bomba de agua,POLAR,,BOMBA DE AGUA,HLB-1075,Cotizar,/IMAGENES BOMBAS DE AGUA HLB/HLB-1075.jpg,,,,BUICK,TERRAZA,V6 3.9L,2006 - 2007
HLB-1075,Bomba de agua,POLAR,,BOMBA DE AGUA,HLB-1075,Cotizar,/IMAGENES BOMBAS DE AGUA HLB/HLB-1075.jpg,,,,CHEVROLET,IMPALA,V6 3.5L,2006 - 2011
HLB-1075,Bomba de agua,POLAR,,BOMBA DE AGUA,HLB-1075,Cotizar,/IMAGENES BOMBAS DE AGUA HLB/HLB-1075.jpg,,,,CHEVROLET,IMPALA,V6 3.9L,2006 - 2011
HLB-1075,Bomba de agua,POLAR,,BOMBA DE AGUA,HLB-1075,Cotizar,/IMAGENES BOMBAS DE AGUA HLB/HLB-1075.jpg,,,,CHEVROLET,MALIBU,V6 3.5L,2007 - 2010
HLB-1075,Bomba de agua,POLAR,,BOMBA DE AGUA,HLB-1075,Cotizar,/IMAGENES BOMBAS DE AGUA HLB/HLB-1075.jpg,,,,CHEVROLET,MALIBU,V6 3.9L,2006 - 2007
HLB-1075,Bomba de agua,POLAR,,BOMBA DE AGUA,HLB-1075,Cotizar,/IMAGENES BOMBAS DE AGUA HLB/HLB-1075.jpg,,,,CHEVROLET,MONTE CARLO,V6 3.5L,2006 - 2007
HLB-1075,Bomba de agua,POLAR,,BOMBA DE AGUA,HLB-1075,Cotizar,/IMAGENES BOMBAS DE AGUA HLB/HLB-1075.jpg,,,,CHEVROLET,MONTE CARLO,V6 3.9L,2006 - 2006
HLB-1075,Bomba de agua,POLAR,,BOMBA DE AGUA,HLB-1075,Cotizar,/IMAGENES BOMBAS DE AGUA HLB/HLB-1075.jpg,,,,CHEVROLET,UPLANDER,V6 3.9L,2006 - 2009
HLB-1075,Bomba de agua,POLAR,,BOMBA DE AGUA,HLB-1075,Cotizar,/IMAGENES BOMBAS DE AGUA HLB/HLB-1075.jpg,,,,PONTIAC,G6,V6 3.5L,2007 - 2010
HLB-1075,Bomba de agua,POLAR,,BOMBA DE AGUA,HLB-1075,Cotizar,/IMAGENES BOMBAS DE AGUA HLB/HLB-1075.jpg,,,,PONTIAC,G6,V6 3.9L,2006 - 2009
HLB-1075,Bomba de agua,POLAR,,BOMBA DE AGUA,HLB-1075,Cotizar,/IMAGENES BOMBAS DE AGUA HLB/HLB-1075.jpg,,,,PONTIAC,MONTANA,V6 3.9L,2006 - 2009
HLB-1075,Bomba de agua,POLAR,,BOMBA DE AGUA,HLB-1075,Cotizar,/IMAGENES BOMBAS DE AGUA HLB/HLB-1075.jpg,,,,SATURN,AURA,V6 3.5L,2007 - 2008
HLB-1075,Bomba de agua,POLAR,,BOMBA DE AGUA,HLB-1075,Cotizar,/IMAGENES BOMBAS DE AGUA HLB/HLB-1075.jpg,,,,SATURN,RELAY,V6 3.9L,2006 - 2007
HLB-1075,Bomba de agua,POLAR,,BOMBA DE AGUA,HLB-1075,Cotizar,/IMAGENES BOMBAS DE AGUA HLB/HLB-1075.jpg,,,,SATURN,VUE,V6 3.5L,2008 - 2010
HLB-1076,Bomba de agua,POLAR,,BOMBA DE AGUA,HLB-1076,Cotizar,/IMAGENES BOMBAS DE AGUA HLB/HLB-1076.jpg,,,,LEXUS,ES350,V6 3.5L,2007 - 2014
HLB-1076,Bomba de agua,POLAR,,BOMBA DE AGUA,HLB-1076,Cotizar,/IMAGENES BOMBAS DE AGUA HLB/HLB-1076.jpg,,,,LEXUS,RX350,V6 3.5L,2007 - 2014
HLB-1076,Bomba de agua,POLAR,,BOMBA DE AGUA,HLB-1076,Cotizar,/IMAGENES BOMBAS DE AGUA HLB/HLB-1076.jpg,,,,LEXUS,RX450H,V6 3.5L,2010 - 2014
HLB-1076,Bomba de agua,POLAR,,BOMBA DE AGUA,HLB-1076,Cotizar,/IMAGENES BOMBAS DE AGUA HLB/HLB-1076.jpg,,,,TOYOTA,AVALON,V6 3.5L,2005 - 2014
HLB-1076,Bomba de agua,POLAR,,BOMBA DE AGUA,HLB-1076,Cotizar,/IMAGENES BOMBAS DE AGUA HLB/HLB-1076.jpg,,,,TOYOTA,CAMRY,V6 3.5L,2007 - 2016
HLB-1076,Bomba de agua,POLAR,,BOMBA DE AGUA,HLB-1076,Cotizar,/IMAGENES BOMBAS DE AGUA HLB/HLB-1076.jpg,,,,TOYOTA,HIGHLANDER,V6 3.5L,2008 - 2014
HLB-1076,Bomba de agua,POLAR,,BOMBA DE AGUA,HLB-1076,Cotizar,/IMAGENES BOMBAS DE AGUA HLB/HLB-1076.jpg,,,,TOYOTA,RAV 4,V6 3.5L,2006 - 2012
HLB-1076,Bomba de agua,POLAR,,BOMBA DE AGUA,HLB-1076,Cotizar,/IMAGENES BOMBAS DE AGUA HLB/HLB-1076.jpg,,,,TOYOTA,SIENNA,V6 3.5L,2007 - 2014
HLB-1077,Bomba de agua,POLAR,,BOMBA DE AGUA,HLB-1077,Cotizar,/IMAGENES BOMBAS DE AGUA HLB/HLB-1077.jpg,,,,HYUNDAI,ELANTRA,L4 2.0L,2011 - 2017
HLB-1077,Bomba de agua,POLAR,,BOMBA DE AGUA,HLB-1077,Cotizar,/IMAGENES BOMBAS DE AGUA HLB/HLB-1077.jpg,,,,HYUNDAI,TUCSON,L4 2.0L,2016 - 2017
HLB-1077,Bomba de agua,POLAR,,BOMBA DE AGUA,HLB-1077,Cotizar,/IMAGENES BOMBAS DE AGUA HLB/HLB-1077.jpg,,,,KIA,FORTE,L4 2.0L,2014 - 2017
HLB-1077,Bomba de agua,POLAR,,BOMBA DE AGUA,HLB-1077,Cotizar,/IMAGENES BOMBAS DE AGUA HLB/HLB-1077.jpg,,,,KIA,SOUL,L4 2.0L,2012 - 2017
HLB-1078,Bomba de agua,POLAR,,BOMBA DE AGUA,HLB-1078,Cotizar,/IMAGENES BOMBAS DE AGUA HLB/HLB-1078.jpg,,,,ACURA,TL,L4 2.5L,1992-1998
HLB-1079,Bomba de agua,POLAR,,BOMBA DE AGUA,HLB-1079,Cotizar,/IMAGENES BOMBAS DE AGUA HLB/HLB-1079.jpg,,,,ACURA,ILX,L4 2.0L,2012-2015
HLB-1079,Bomba de agua,POLAR,,BOMBA DE AGUA,HLB-1079,Cotizar,/IMAGENES BOMBAS DE AGUA HLB/HLB-1079.jpg,,,,HONDA,CIVIC,L4 1.8L,2012-2015
HLB-1080,Bomba de agua,POLAR,,BOMBA DE AGUA,HLB-1080,Cotizar,/IMAGENES BOMBAS DE AGUA HLB/HLB-1080.jpg,,,,VOLKSWAGEN,BEETLE,L5 2.5L,2006 - 2015
HLB-1080,Bomba de agua,POLAR,,BOMBA DE AGUA,HLB-1080,Cotizar,/IMAGENES BOMBAS DE AGUA HLB/HLB-1080.jpg,,,,VOLKSWAGEN,BORA,L5 2.5L,2005 - 2010
HLB-1080,Bomba de agua,POLAR,,BOMBA DE AGUA,HLB-1080,Cotizar,/IMAGENES BOMBAS DE AGUA HLB/HLB-1080.jpg,,,,VOLKSWAGEN,GOLF,L5 2.5L,2010 - 2015
HLB-1080,Bomba de agua,POLAR,,BOMBA DE AGUA,HLB-1080,Cotizar,/IMAGENES BOMBAS DE AGUA HLB/HLB-1080.jpg,,,,VOLKSWAGEN,JETTA,L5 2.5L,2011 - 2018
HLB-1081,Bomba de agua,POLAR,,BOMBA DE AGUA,HLB-1081,Cotizar,/IMAGENES BOMBAS DE AGUA HLB/HLB-1081.jpg,,,,CHEVROLET,BLAZER,L4 2.5L,2019 - 2019
HLB-1081,Bomba de agua,POLAR,,BOMBA DE AGUA,HLB-1081,Cotizar,/IMAGENES BOMBAS DE AGUA HLB/HLB-1081.jpg,,,,CHEVROLET,COLORADO,L4 2.5L,2015 - 2020
HLB-1081,Bomba de agua,POLAR,,BOMBA DE AGUA,HLB-1081,Cotizar,/IMAGENES BOMBAS DE AGUA HLB/HLB-1081.jpg,,,,CHEVROLET,EQUINOX,L4 2.0L,2018 - 2020
HLB-1082,Bomba de agua,POLAR,,BOMBA DE AGUA,HLB-1082,Cotizar,/IMAGENES BOMBAS DE AGUA HLB/HLB-1082.jpg,,,,FORD,F-150,V8 5.0L,2011 - 2016
HLB-1082,Bomba de agua,POLAR,,BOMBA DE AGUA,HLB-1082,Cotizar,/IMAGENES BOMBAS DE AGUA HLB/HLB-1082.jpg,,,,FORD,MUSTANG,V8 5.0L,2011 - 2016
HLB-1083,Bomba de agua,POLAR,,BOMBA DE AGUA,HLB-1083,Cotizar,/IMAGENES BOMBAS DE AGUA HLB/HLB-1083.jpg,,,,,,,
HLB-1084,Bomba de agua,POLAR,,BOMBA DE AGUA,HLB-1084,Cotizar,/IMAGENES BOMBAS DE AGUA HLB/HLB-1084.jpg,,,,CADILLAC,ESCALADE,V8 6.2L,2014 - 2021
HLB-1084,Bomba de agua,POLAR,,BOMBA DE AGUA,HLB-1084,Cotizar,/IMAGENES BOMBAS DE AGUA HLB/HLB-1084.jpg,,,,CHEVROLET,CHEYENNE,V8 6.2L,2013 - 2021
HLB-1084,Bomba de agua,POLAR,,BOMBA DE AGUA,HLB-1084,Cotizar,/IMAGENES BOMBAS DE AGUA HLB/HLB-1084.jpg,,,,CHEVROLET,SILVERADO 1500,V6 4.3L,2013 - 2018
HLB-1084,Bomba de agua,POLAR,,BOMBA DE AGUA,HLB-1084,Cotizar,/IMAGENES BOMBAS DE AGUA HLB/HLB-1084.jpg,,,,CHEVROLET,SILVERADO 2500,V8 5.3L,2013 - 2021
HLB-1084,Bomba de agua,POLAR,,BOMBA DE AGUA,HLB-1084,Cotizar,/IMAGENES BOMBAS DE AGUA HLB/HLB-1084.jpg,,,,CHEVROLET,SUBURBAN,V8 5.3L,2014 - 2022
HLB-1084,Bomba de agua,POLAR,,BOMBA DE AGUA,HLB-1084,Cotizar,/IMAGENES BOMBAS DE AGUA HLB/HLB-1084.jpg,,,,CHEVROLET,TAHOE,V8 5.3L,2014 - 2022
HLB-1084,Bomba de agua,POLAR,,BOMBA DE AGUA,HLB-1084,Cotizar,/IMAGENES BOMBAS DE AGUA HLB/HLB-1084.jpg,,,,GMC,SIERRA 1500,V8 6.2L,2009 - 2013
HLB-1084,Bomba de agua,POLAR,,BOMBA DE AGUA,HLB-1084,Cotizar,/IMAGENES BOMBAS DE AGUA HLB/HLB-1084.jpg,,,,GMC,SIERRA 1500,V8 5.3L,2013 - 2021
HLB-1084,Bomba de agua,POLAR,,BOMBA DE AGUA,HLB-1084,Cotizar,/IMAGENES BOMBAS DE AGUA HLB/HLB-1084.jpg,,,,GMC,YUKON,V8 5.3L,2006 - 2010
HLB-1084,Bomba de agua,POLAR,,BOMBA DE AGUA,HLB-1084,Cotizar,/IMAGENES BOMBAS DE AGUA HLB/HLB-1084.jpg,,,,GMC,YUKON,V8 6.2L,2010 - 2013
HLB-1084,Bomba de agua,POLAR,,BOMBA DE AGUA,HLB-1084,Cotizar,/IMAGENES BOMBAS DE AGUA HLB/HLB-1084.jpg,,,,GMC,YUKON XL,V8 6.2L,2020 - 2023
HLB-1085,Bomba de agua,POLAR,,BOMBA DE AGUA,HLB-1085,Cotizar,/IMAGENES BOMBAS DE AGUA HLB/HLB-1085.jpg,,,,JEEP,WRANGLER,V6 3.6L,2012 - 2016
HLB-1086,Bomba de agua,POLAR,,BOMBA DE AGUA,HLB-1086,Cotizar,/IMAGENES BOMBAS DE AGUA HLB/HLB-1086.jpg,,,,CHRYSLER,200,V6 3.6L,2011 - 2017
HLB-1086,Bomba de agua,POLAR,,BOMBA DE AGUA,HLB-1086,Cotizar,/IMAGENES BOMBAS DE AGUA HLB/HLB-1086.jpg,,,,CHRYSLER,300,V6 3.6L,2011 - 2014
HLB-1086,Bomba de agua,POLAR,,BOMBA DE AGUA,HLB-1086,Cotizar,/IMAGENES BOMBAS DE AGUA HLB/HLB-1086.jpg,,,,CHRYSLER,TOWN & COUNTRY,V6 3.6L,2011 - 2016
HLB-1086,Bomba de agua,POLAR,,BOMBA DE AGUA,HLB-1086,Cotizar,/IMAGENES BOMBAS DE AGUA HLB/HLB-1086.jpg,,,,DODGE,AVENGER,V6 3.6L,2011 - 2014
HLB-1086,Bomba de agua,POLAR,,BOMBA DE AGUA,HLB-1086,Cotizar,/IMAGENES BOMBAS DE AGUA HLB/HLB-1086.jpg,,,,DODGE,CHALLENGER,V6 3.6L,2011 - 2014
HLB-1086,Bomba de agua,POLAR,,BOMBA DE AGUA,HLB-1086,Cotizar,/IMAGENES BOMBAS DE AGUA HLB/HLB-1086.jpg,,,,DODGE,CHARGER,V6 3.6L,2011 - 2014
HLB-1086,Bomba de agua,POLAR,,BOMBA DE AGUA,HLB-1086,Cotizar,/IMAGENES BOMBAS DE AGUA HLB/HLB-1086.jpg,,,,DODGE,DURANGO,V6 3.6L,2011 - 2015
HLB-1086,Bomba de agua,POLAR,,BOMBA DE AGUA,HLB-1086,Cotizar,/IMAGENES BOMBAS DE AGUA HLB/HLB-1086.jpg,,,,DODGE,GRAND CARAVAN,V6 3.6L,2011 - 2017
HLB-1086,Bomba de agua,POLAR,,BOMBA DE AGUA,HLB-1086,Cotizar,/IMAGENES BOMBAS DE AGUA HLB/HLB-1086.jpg,,,,DODGE,JOURNEY,V6 3.6L,2011 - 2016
HLB-1086,Bomba de agua,POLAR,,BOMBA DE AGUA,HLB-1086,Cotizar,/IMAGENES BOMBAS DE AGUA HLB/HLB-1086.jpg,,,,JEEP,GRAND CHEROKEE,V6 3.6L,2011 - 2015
HLB-1086,Bomba de agua,POLAR,,BOMBA DE AGUA,HLB-1086,Cotizar,/IMAGENES BOMBAS DE AGUA HLB/HLB-1086.jpg,,,,RAM,C/V,V6 3.6L,2012 - 2015
HLB-1086,Bomba de agua,POLAR,,BOMBA DE AGUA,HLB-1086,Cotizar,/IMAGENES BOMBAS DE AGUA HLB/HLB-1086.jpg,,,,VOLKSWAGEN,ROUTAN,V6 3.6L,2011 - 20
HLB-1087,Bomba de agua,POLAR,,BOMBA DE AGUA,HLB-1087,Cotizar,/IMAGENES BOMBAS DE AGUA HLB/HLB-1087.jpg,,,,FORD,F-150,V8 6.2L,2010 - 2014
HLB-1087,Bomba de agua,POLAR,,BOMBA DE AGUA,HLB-1087,Cotizar,/IMAGENES BOMBAS DE AGUA HLB/HLB-1087.jpg,,,,FORD,F-250 Super Duty,V8 6.2L,2011 - 2017
HLB-1087,Bomba de agua,POLAR,,BOMBA DE AGUA,HLB-1087,Cotizar,/IMAGENES BOMBAS DE AGUA HLB/HLB-1087.jpg,,,,FORD,F-350 Super Duty,V8 6.2L,2011 - 2017
HLB-1088,Bomba de agua,POLAR,,BOMBA DE AGUA,HLB-1088,Cotizar,/IMAGENES BOMBAS DE AGUA HLB/HLB-1088.jpg,,,,RAM,700,L4 1.6L,2014-2017
HLB-1089,Bomba de agua,POLAR,,BOMBA DE AGUA,HLB-1089,Cotizar,/IMAGENES BOMBAS DE AGUA HLB/HLB-1089.jpg,,,,AUDI,A1,L4 1.4L,2016 - 2016
HLB-1089,Bomba de agua,POLAR,,BOMBA DE AGUA,HLB-1089,Cotizar,/IMAGENES BOMBAS DE AGUA HLB/HLB-1089.jpg,,,,AUDI,A3,L4 1.4L,2013 - 2017
HLB-1089,Bomba de agua,POLAR,,BOMBA DE AGUA,HLB-1089,Cotizar,/IMAGENES BOMBAS DE AGUA HLB/HLB-1089.jpg,,,,AUDI,Q3,L4 1.4L,2016 - 2017
HLB-1089,Bomba de agua,POLAR,,BOMBA DE AGUA,HLB-1089,Cotizar,/IMAGENES BOMBAS DE AGUA HLB/HLB-1089.jpg,,,,SEAT,ATECA,L4 1.4L,2017 - 2017
HLB-1089,Bomba de agua,POLAR,,BOMBA DE AGUA,HLB-1089,Cotizar,/IMAGENES BOMBAS DE AGUA HLB/HLB-1089.jpg,,,,SEAT,IBIZA,L4 1.4L,2012 - 2013
HLB-1089,Bomba de agua,POLAR,,BOMBA DE AGUA,HLB-1089,Cotizar,/IMAGENES BOMBAS DE AGUA HLB/HLB-1089.jpg,,,,SEAT,IBIZA,L4 1.4L,2015 - 2015
HLB-1089,Bomba de agua,POLAR,,BOMBA DE AGUA,HLB-1089,Cotizar,/IMAGENES BOMBAS DE AGUA HLB/HLB-1089.jpg,,,,SEAT,LEON,L4 1.4L,2010 - 2017
HLB-1089,Bomba de agua,POLAR,,BOMBA DE AGUA,HLB-1089,Cotizar,/IMAGENES BOMBAS DE AGUA HLB/HLB-1089.jpg,,,,SEAT,TOLEDO,L4 1.4L,2015 - 2017
HLB-1089,Bomba de agua,POLAR,,BOMBA DE AGUA,HLB-1089,Cotizar,/IMAGENES BOMBAS DE AGUA HLB/HLB-1089.jpg,,,,SEAT,TOLEOD,L4 1.4L,2013 - 2013
HLB-1089,Bomba de agua,POLAR,,BOMBA DE AGUA,HLB-1089,Cotizar,/IMAGENES BOMBAS DE AGUA HLB/HLB-1089.jpg,,,,VOLKSWAGEN,CADDY,L4 1.2L,2014 - 2016
HLB-1089,Bomba de agua,POLAR,,BOMBA DE AGUA,HLB-1089,Cotizar,/IMAGENES BOMBAS DE AGUA HLB/HLB-1089.jpg,,,,VOLKSWAGEN,GOLF,L4 1.4L,2013 - 2013
HLB-1089,Bomba de agua,POLAR,,BOMBA DE AGUA,HLB-1089,Cotizar,/IMAGENES BOMBAS DE AGUA HLB/HLB-1089.jpg,,,,VOLKSWAGEN,GOLF,L4 1.4L,2015 - 2017
HLB-1089,Bomba de agua,POLAR,,BOMBA DE AGUA,HLB-1089,Cotizar,/IMAGENES BOMBAS DE AGUA HLB/HLB-1089.jpg,,,,VOLKSWAGEN,JETTA,L4 1.4L,2013 - 2016
HLB-1089,Bomba de agua,POLAR,,BOMBA DE AGUA,HLB-1089,Cotizar,/IMAGENES BOMBAS DE AGUA HLB/HLB-1089.jpg,,,,VOLKSWAGEN,POLO,L4 1.4L,2013 - 2014
HLB-1089,Bomba de agua,POLAR,,BOMBA DE AGUA,HLB-1089,Cotizar,/IMAGENES BOMBAS DE AGUA HLB/HLB-1089.jpg,,,,VOLKSWAGEN,TIGUAN,L4 1.4L,2013 - 2017
HLB-1090,Bomba de agua,POLAR,,BOMBA DE AGUA,HLB-1090,Cotizar,/IMAGENES BOMBAS DE AGUA HLB/HLB-1090.jpg,,,,CHRYSLER,300 C,V8 5.7L,2011 - 2017
HLB-1090,Bomba de agua,POLAR,,BOMBA DE AGUA,HLB-1090,Cotizar,/IMAGENES BOMBAS DE AGUA HLB/HLB-1090.jpg,,,,CHRYSLER,300 C,V8 6.4L,2012 - 2014
HLB-1090,Bomba de agua,POLAR,,BOMBA DE AGUA,HLB-1090,Cotizar,/IMAGENES BOMBAS DE AGUA HLB/HLB-1090.jpg,,,,DODGE,CHALLENGER,V8 5.7L,2011 - 2017
HLB-1090,Bomba de agua,POLAR,,BOMBA DE AGUA,HLB-1090,Cotizar,/IMAGENES BOMBAS DE AGUA HLB/HLB-1090.jpg,,,,DODGE,CHALLENGER,V8 6.4L,2011 - 2017
HLB-1090,Bomba de agua,POLAR,,BOMBA DE AGUA,HLB-1090,Cotizar,/IMAGENES BOMBAS DE AGUA HLB/HLB-1090.jpg,,,,DODGE,CHARGER,V8 5.7L,2011 - 2017
HLB-1090,Bomba de agua,POLAR,,BOMBA DE AGUA,HLB-1090,Cotizar,/IMAGENES BOMBAS DE AGUA HLB/HLB-1090.jpg,,,,DODGE,CHARGER,V8 6.4L,2012 - 2017
HLB-1090,Bomba de agua,POLAR,,BOMBA DE AGUA,HLB-1090,Cotizar,/IMAGENES BOMBAS DE AGUA HLB/HLB-1090.jpg,,,,DODGE,DURANGO,V8 5.7L,2011 - 2017
HLB-1090,Bomba de agua,POLAR,,BOMBA DE AGUA,HLB-1090,Cotizar,/IMAGENES BOMBAS DE AGUA HLB/HLB-1090.jpg,,,,JEEP,GRAND CHEROKEE,V8 5.7L,2011 - 2017
HLB-1090,Bomba de agua,POLAR,,BOMBA DE AGUA,HLB-1090,Cotizar,/IMAGENES BOMBAS DE AGUA HLB/HLB-1090.jpg,,,,JEEP,GRAND CHEROKEE,V8 6.4L,2012 - 2017
HLB-1091,Bomba de agua,POLAR,,BOMBA DE AGUA,HLB-1091,Cotizar,/IMAGENES BOMBAS DE AGUA HLB/HLB-1091.jpg,,,,FORD,E-150 Econoline,V8 4.6L,2007 - 2009
HLB-1091,Bomba de agua,POLAR,,BOMBA DE AGUA,HLB-1091,Cotizar,/IMAGENES BOMBAS DE AGUA HLB/HLB-1091.jpg,,,,FORD,E-250 Econoline,V8 4.6L,2007 - 2009
HLB-1091,Bomba de agua,POLAR,,BOMBA DE AGUA,HLB-1091,Cotizar,/IMAGENES BOMBAS DE AGUA HLB/HLB-1091.jpg,,,,FORD,E-350 Super Duty,V10 6.8L,2011 - 2013
HLB-1091,Bomba de agua,POLAR,,BOMBA DE AGUA,HLB-1091,Cotizar,/IMAGENES BOMBAS DE AGUA HLB/HLB-1091.jpg,,,,FORD,E-450 Super Duty,V10 6.8L,2011 - 2013
HLB-1091,Bomba de agua,POLAR,,BOMBA DE AGUA,HLB-1091,Cotizar,/IMAGENES BOMBAS DE AGUA HLB/HLB-1091.jpg,,,,FORD,EXPEDITION,V8 5.4L,2007 - 2008
HLB-1091,Bomba de agua,POLAR,,BOMBA DE AGUA,HLB-1091,Cotizar,/IMAGENES BOMBAS DE AGUA HLB/HLB-1091.jpg,,,,FORD,F-150,V8 4.6L,2007 - 2008
HLB-1091,Bomba de agua,POLAR,,BOMBA DE AGUA,HLB-1091,Cotizar,/IMAGENES BOMBAS DE AGUA HLB/HLB-1091.jpg,,,,FORD,F-150,V8 5.4L,2006 - 2009
HLB-1091,Bomba de agua,POLAR,,BOMBA DE AGUA,HLB-1091,Cotizar,/IMAGENES BOMBAS DE AGUA HLB/HLB-1091.jpg,,,,FORD,F-250 Super Duty,V10 6.8L,2010 - 2010
HLB-1091,Bomba de agua,POLAR,,BOMBA DE AGUA,HLB-1091,Cotizar,/IMAGENES BOMBAS DE AGUA HLB/HLB-1091.jpg,,,,FORD,F-350 Super Duty,V10 6.8L,2010 - 2010
HLB-1091,Bomba de agua,POLAR,,BOMBA DE AGUA,HLB-1091,Cotizar,/IMAGENES BOMBAS DE AGUA HLB/HLB-1091.jpg,,,,FORD,F-450 Super Duty,V10 6.8L,2010 - 2013
HLB-1091,Bomba de agua,POLAR,,BOMBA DE AGUA,HLB-1091,Cotizar,/IMAGENES BOMBAS DE AGUA HLB/HLB-1091.jpg,,,,FORD,F-550 Super Duty,V10 6.8L,2009 - 2013
HLB-1091,Bomba de agua,POLAR,,BOMBA DE AGUA,HLB-1091,Cotizar,/IMAGENES BOMBAS DE AGUA HLB/HLB-1091.jpg,,,,LINCOLN,MARK LT,V8 5.4L,2007 - 2008
HLB-1091,Bomba de agua,POLAR,,BOMBA DE AGUA,HLB-1091,Cotizar,/IMAGENES BOMBAS DE AGUA HLB/HLB-1091.jpg,,,,LINCOLN,NAVIGATOR,V8 5.4L,2007 - 2008
HLB-1092,Bomba de agua,POLAR,,BOMBA DE AGUA,HLB-1092,Cotizar,/IMAGENES BOMBAS DE AGUA HLB/HLB-1092.jpg,,,,AUDI,A4,V6 3.2L,2006 - 2008
HLB-1092,Bomba de agua,POLAR,,BOMBA DE AGUA,HLB-1092,Cotizar,/IMAGENES BOMBAS DE AGUA HLB/HLB-1092.jpg,,,,AUDI,A4 Quattro,V6 3.2L,2005 - 2009
HLB-1092,Bomba de agua,POLAR,,BOMBA DE AGUA,HLB-1092,Cotizar,/IMAGENES BOMBAS DE AGUA HLB/HLB-1092.jpg,,,,AUDI,A6,V6 3.2L,2006 - 2009
HLB-1092,Bomba de agua,POLAR,,BOMBA DE AGUA,HLB-1092,Cotizar,/IMAGENES BOMBAS DE AGUA HLB/HLB-1092.jpg,,,,AUDI,A6 Quattro,V6 3.0L,2009 - 2011
HLB-1092,Bomba de agua,POLAR,,BOMBA DE AGUA,HLB-1092,Cotizar,/IMAGENES BOMBAS DE AGUA HLB/HLB-1092.jpg,,,,AUDI,A6 Quattro,V6 3.2L,2005 - 2008
HLB-1092,Bomba de agua,POLAR,,BOMBA DE AGUA,HLB-1092,Cotizar,/IMAGENES BOMBAS DE AGUA HLB/HLB-1092.jpg,,,,AUDI,Q7,V6 3.0L,2009 - 2014
HLB-1092,Bomba de agua,POLAR,,BOMBA DE AGUA,HLB-1092,Cotizar,/IMAGENES BOMBAS DE AGUA HLB/HLB-1092.jpg,,,,AUDI,S4,V6 3.0L,2010 - 2012
HLB-1092,Bomba de agua,POLAR,,BOMBA DE AGUA,HLB-1092,Cotizar,/IMAGENES BOMBAS DE AGUA HLB/HLB-1092.jpg,,,,AUDI,S5,V6 3.0L,2010 - 2012
HLB-1092,Bomba de agua,POLAR,,BOMBA DE AGUA,HLB-1092,Cotizar,/IMAGENES BOMBAS DE AGUA HLB/HLB-1092.jpg,,,,VOLKSWAGEN,TOUAREG,V6 3.0L,2009 - 2012
HLB-1093,Bomba de agua,POLAR,,BOMBA DE AGUA,HLB-1093,Cotizar,/IMAGENES BOMBAS DE AGUA HLB/HLB-1093.jpg,,,,MITSUBISHI,ECLIPSE,L4 2.4L,2006 - 2012
HLB-1093,Bomba de agua,POLAR,,BOMBA DE AGUA,HLB-1093,Cotizar,/IMAGENES BOMBAS DE AGUA HLB/HLB-1093.jpg,,,,MITSUBISHI,GALANT,L4 2.4L,2004 - 2011
HLB-1093,Bomba de agua,POLAR,,BOMBA DE AGUA,HLB-1093,Cotizar,/IMAGENES BOMBAS DE AGUA HLB/HLB-1093.jpg,,,,MITSUBISHI,LANCER,L4 2.4L,2004 - 2006
HLB-1093,Bomba de agua,POLAR,,BOMBA DE AGUA,HLB-1093,Cotizar,/IMAGENES BOMBAS DE AGUA HLB/HLB-1093.jpg,,,,MITSUBISHI,OUTLANDER,L4 2.4L,2004 - 2006
HLB-1094,Bomba de agua,POLAR,,BOMBA DE AGUA,HLB-1094,Cotizar,/IMAGENES BOMBAS DE AGUA HLB/HLB-1094.jpg,,,,JAC,FRISON,L4 2.0L,2019-2025
HLB-1095,Bomba de agua,POLAR,,BOMBA DE AGUA,HLB-1095,Cotizar,/IMAGENES BOMBAS DE AGUA HLB/HLB-1095.jpg,,,,,,,
HLB-1096,Bomba de agua,POLAR,,BOMBA DE AGUA,HLB-1096,Cotizar,/IMAGENES BOMBAS DE AGUA HLB/HLB-1096.jpg,,,,NISSAN,SENTRA,L4 2.0L,2007 - 2012
HLB-1096,Bomba de agua,POLAR,,BOMBA DE AGUA,HLB-1096,Cotizar,/IMAGENES BOMBAS DE AGUA HLB/HLB-1096.jpg,,,,NISSAN,TIIDA,L4 1.8L,2007 - 2017
HLB-1096,Bomba de agua,POLAR,,BOMBA DE AGUA,HLB-1096,Cotizar,/IMAGENES BOMBAS DE AGUA HLB/HLB-1096.jpg,,,,RENAULT,FLUENCE,L4 2.0L,2011 - 2015
HLB-1097,Bomba de agua,POLAR,,BOMBA DE AGUA,HLB-1097,Cotizar,/IMAGENES BOMBAS DE AGUA HLB/HLB-1097.jpg,,,,BMW,128I,L6 3.0L,2012-2013
HLB-1097,Bomba de agua,POLAR,,BOMBA DE AGUA,HLB-1097,Cotizar,/IMAGENES BOMBAS DE AGUA HLB/HLB-1097.jpg,,,,BMW,135IS0,L6 3.0L,2012-2013
HLB-1097,Bomba de agua,POLAR,,BOMBA DE AGUA,HLB-1097,Cotizar,/IMAGENES BOMBAS DE AGUA HLB/HLB-1097.jpg,,,,BMW,325XI,L6 3.0L,2012-2013
HLB-1097,Bomba de agua,POLAR,,BOMBA DE AGUA,HLB-1097,Cotizar,/IMAGENES BOMBAS DE AGUA HLB/HLB-1097.jpg,,,,BMW,328I,L6 3.0L,2012-2013
HLB-1097,Bomba de agua,POLAR,,BOMBA DE AGUA,HLB-1097,Cotizar,/IMAGENES BOMBAS DE AGUA HLB/HLB-1097.jpg,,,,BMW,330I,L6 3.0L,2012-2013
HLB-1097,Bomba de agua,POLAR,,BOMBA DE AGUA,HLB-1097,Cotizar,/IMAGENES BOMBAS DE AGUA HLB/HLB-1097.jpg,,,,BMW,335I,L6 3.0L,2012-2013
HLB-1098,Bomba de agua,POLAR,,BOMBA DE AGUA,HLB-1098,Cotizar,/IMAGENES BOMBAS DE AGUA HLB/HLB-1098.jpg,,,,,,,
HLB-1099,Bomba de agua,POLAR,,BOMBA DE AGUA,HLB-1099,Cotizar,/IMAGENES BOMBAS DE AGUA HLB/HLB-1099.jpg,,,,BMW,128I,L4 3.0L,2008-2013
HLB-1099,Bomba de agua,POLAR,,BOMBA DE AGUA,HLB-1099,Cotizar,/IMAGENES BOMBAS DE AGUA HLB/HLB-1099.jpg,,,,BMW,325I,L4 2.0L,2006-2013
HLB-1099,Bomba de agua,POLAR,,BOMBA DE AGUA,HLB-1099,Cotizar,/IMAGENES BOMBAS DE AGUA HLB/HLB-1099.jpg,,,,BMW,525I,V6 3.0L,2006-2011
HLB-1099,Bomba de agua,POLAR,,BOMBA DE AGUA,HLB-1099,Cotizar,/IMAGENES BOMBAS DE AGUA HLB/HLB-1099.jpg,,,,BMW,3X,V6 3.0L,2007-2010
HLB-1099,Bomba de agua,POLAR,,BOMBA DE AGUA,HLB-1099,Cotizar,/IMAGENES BOMBAS DE AGUA HLB/HLB-1099.jpg,,,,BMW,5X,V6 3.0L,2007-2010
HLB-1099,Bomba de agua,POLAR,,BOMBA DE AGUA,HLB-1099,Cotizar,/IMAGENES BOMBAS DE AGUA HLB/HLB-1099.jpg,,,,BMW,Z4,V6 3.0L,2007-2010
HLB-1100,Bomba de agua,POLAR,,BOMBA DE AGUA,HLB-1100,Cotizar,/IMAGENES BOMBAS DE AGUA HLB/HLB-1100.jpg,,,,,,,
HLB-1101,Bomba de agua,POLAR,,BOMBA DE AGUA,HLB-1101,Cotizar,/IMAGENES BOMBAS DE AGUA HLB/HLB-1101.jpg,,,,LEXUS,LX570,V8 5.7L,2008 - 2011
HLB-1101,Bomba de agua,POLAR,,BOMBA DE AGUA,HLB-1101,Cotizar,/IMAGENES BOMBAS DE AGUA HLB/HLB-1101.jpg,,,,LEXUS,LX570,V8 5.7L,2013 - 2014
HLB-1101,Bomba de agua,POLAR,,BOMBA DE AGUA,HLB-1101,Cotizar,/IMAGENES BOMBAS DE AGUA HLB/HLB-1101.jpg,,,,TOYOTA,LAND CRUISER,V8 5.7L,2008 - 2011
HLB-1101,Bomba de agua,POLAR,,BOMBA DE AGUA,HLB-1101,Cotizar,/IMAGENES BOMBAS DE AGUA HLB/HLB-1101.jpg,,,,TOYOTA,LAND CRUISER,V8 5.7L,2013 - 2014
HLB-1101,Bomba de agua,POLAR,,BOMBA DE AGUA,HLB-1101,Cotizar,/IMAGENES BOMBAS DE AGUA HLB/HLB-1101.jpg,,,,TOYOTA,SEQUOIA,V8 5.7L,2008 - 2017
HLB-1101,Bomba de agua,POLAR,,BOMBA DE AGUA,HLB-1101,Cotizar,/IMAGENES BOMBAS DE AGUA HLB/HLB-1101.jpg,,,,TOYOTA,TUNDRA,V8 5.7L,2007 - 2016
HLB-1102,Bomba de agua,POLAR,,BOMBA DE AGUA,HLB-1102,Cotizar,/IMAGENES BOMBAS DE AGUA HLB/HLB-1102.jpg,,,,INFINITI,G35,V6 3.5L,2003 - 2004
HLB-1102,Bomba de agua,POLAR,,BOMBA DE AGUA,HLB-1102,Cotizar,/IMAGENES BOMBAS DE AGUA HLB/HLB-1102.jpg,,,,INFINITI,I35,V6 3.5L,2002 - 2004
HLB-1102,Bomba de agua,POLAR,,BOMBA DE AGUA,HLB-1102,Cotizar,/IMAGENES BOMBAS DE AGUA HLB/HLB-1102.jpg,,,,INFINITI,M35,V6 3.5L,2006 - 2010
HLB-1102,Bomba de agua,POLAR,,BOMBA DE AGUA,HLB-1102,Cotizar,/IMAGENES BOMBAS DE AGUA HLB/HLB-1102.jpg,,,,NISSAN,350Z,V6 3.5L,2003 - 2009
HLB-1102,Bomba de agua,POLAR,,BOMBA DE AGUA,HLB-1102,Cotizar,/IMAGENES BOMBAS DE AGUA HLB/HLB-1102.jpg,,,,NISSAN,370Z,V6 3.7L,2009 - 2012
HLB-1102,Bomba de agua,POLAR,,BOMBA DE AGUA,HLB-1102,Cotizar,/IMAGENES BOMBAS DE AGUA HLB/HLB-1102.jpg,,,,NISSAN,ALTIMA,V6 3.5L,2002 - 2006
HLB-1102,Bomba de agua,POLAR,,BOMBA DE AGUA,HLB-1102,Cotizar,/IMAGENES BOMBAS DE AGUA HLB/HLB-1102.jpg,,,,NISSAN,FRONTIER,V6 4.0L,2005 - 2015
HLB-1102,Bomba de agua,POLAR,,BOMBA DE AGUA,HLB-1102,Cotizar,/IMAGENES BOMBAS DE AGUA HLB/HLB-1102.jpg,,,,NISSAN,MAXIMA,V6 3.5L,2002 - 2008
HLB-1102,Bomba de agua,POLAR,,BOMBA DE AGUA,HLB-1102,Cotizar,/IMAGENES BOMBAS DE AGUA HLB/HLB-1102.jpg,,,,NISSAN,MURANO,V6 3.5L,2003 - 2007
HLB-1102,Bomba de agua,POLAR,,BOMBA DE AGUA,HLB-1102,Cotizar,/IMAGENES BOMBAS DE AGUA HLB/HLB-1102.jpg,,,,NISSAN,PATHFINDER,V6 4.0L,2005 - 2012
HLB-1102,Bomba de agua,POLAR,,BOMBA DE AGUA,HLB-1102,Cotizar,/IMAGENES BOMBAS DE AGUA HLB/HLB-1102.jpg,,,,NISSAN,QUEST,V6 3.5L,2004 - 2009
HLB-1102,Bomba de agua,POLAR,,BOMBA DE AGUA,HLB-1102,Cotizar,/IMAGENES BOMBAS DE AGUA HLB/HLB-1102.jpg,,,,NISSAN,X-TERRA,V6 4.0L,2005 - 2015
HLB-1103,Bomba de agua,POLAR,,BOMBA DE AGUA,HLB-1103,Cotizar,/IMAGENES BOMBAS DE AGUA HLB/HLB-1103.jpg,,,,AUDI,Q7,V6 3.6L,2007 - 2010
HLB-1103,Bomba de agua,POLAR,,BOMBA DE AGUA,HLB-1103,Cotizar,/IMAGENES BOMBAS DE AGUA HLB/HLB-1103.jpg,,,,VOLKSWAGEN,PASSAT,V6 3.6L,2006 - 2010
HLB-1103,Bomba de agua,POLAR,,BOMBA DE AGUA,HLB-1103,Cotizar,/IMAGENES BOMBAS DE AGUA HLB/HLB-1103.jpg,,,,VOLKSWAGEN,PASSAT,V6 3.6L,2012 - 2014
HLB-1103,Bomba de agua,POLAR,,BOMBA DE AGUA,HLB-1103,Cotizar,/IMAGENES BOMBAS DE AGUA HLB/HLB-1103.jpg,,,,VOLKSWAGEN,TOUAREG,V6 3.6L,2007 - 2010
HLB-1104,Bomba de agua,POLAR,,BOMBA DE AGUA,HLB-1104,Cotizar,/IMAGENES BOMBAS DE AGUA HLB/HLB-1104.jpg,,,,,,,
HLB-1105,Bomba de agua,POLAR,,BOMBA DE AGUA,HLB-1105,Cotizar,/IMAGENES BOMBAS DE AGUA HLB/HLB-1105.jpg,,,,MINI,COOPER,L4 1.6L,2007 - 2014
HLB-1105,Bomba de agua,POLAR,,BOMBA DE AGUA,HLB-1105,Cotizar,/IMAGENES BOMBAS DE AGUA HLB/HLB-1105.jpg,,,,PEUGEOT,207,L4 1.6L,2008 - 2014
HLB-1105,Bomba de agua,POLAR,,BOMBA DE AGUA,HLB-1105,Cotizar,/IMAGENES BOMBAS DE AGUA HLB/HLB-1105.jpg,,,,PEUGEOT,3008,L4 1.6L,2011 - 2015
HLB-1105,Bomba de agua,POLAR,,BOMBA DE AGUA,HLB-1105,Cotizar,/IMAGENES BOMBAS DE AGUA HLB/HLB-1105.jpg,,,,PEUGEOT,308,L4 1.6L,2009 - 2014
HLB-1106,Bomba de agua,POLAR,,BOMBA DE AGUA,HLB-1106,Cotizar,/IMAGENES BOMBAS DE AGUA HLB/HLB-1106.jpg,,,,CHRYSLER,TOWN & COUNTRY,V6 3.3L,2008 - 2010
HLB-1106,Bomba de agua,POLAR,,BOMBA DE AGUA,HLB-1106,Cotizar,/IMAGENES BOMBAS DE AGUA HLB/HLB-1106.jpg,,,,CHRYSLER,TOWN & COUNTRY,V6 3.8L,2008 - 2010
HLB-1106,Bomba de agua,POLAR,,BOMBA DE AGUA,HLB-1106,Cotizar,/IMAGENES BOMBAS DE AGUA HLB/HLB-1106.jpg,,,,DODGE,GRAND CARAVAN,V6 3.3L,2008 - 2010
HLB-1106,Bomba de agua,POLAR,,BOMBA DE AGUA,HLB-1106,Cotizar,/IMAGENES BOMBAS DE AGUA HLB/HLB-1106.jpg,,,,DODGE,GRAND CARAVAN,V6 3.8L,2008 - 2010
HLB-1106,Bomba de agua,POLAR,,BOMBA DE AGUA,HLB-1106,Cotizar,/IMAGENES BOMBAS DE AGUA HLB/HLB-1106.jpg,,,,VOLKSWAGEN,ROUTAN,V6 3.8L,2009 - 2010
HLB-1107,Bomba de agua,POLAR,,BOMBA DE AGUA,HLB-1107,Cotizar,/IMAGENES BOMBAS DE AGUA HLB/HLB-1107.jpg,,,,HONDA,FIT,L4 1.5L ,2015-2020
HLB-1107,Bomba de agua,POLAR,,BOMBA DE AGUA,HLB-1107,Cotizar,/IMAGENES BOMBAS DE AGUA HLB/HLB-1107.jpg,,,,HONDA,CITY,L4 1.5L,2014-2023
HLB-1108,Bomba de agua,POLAR,,BOMBA DE AGUA,HLB-1108,Cotizar,/IMAGENES BOMBAS DE AGUA HLB/HLB-1108.jpg,,,,DODGE,H100,L4 2.5L,2006 - 2014
HLB-1109,Bomba de agua,POLAR,,BOMBA DE AGUA,HLB-1109,Cotizar,/IMAGENES BOMBAS DE AGUA HLB/HLB-1109.jpg,,,,TOYOTA,4 RUNNER,L4 2.4L,1990 - 1995
HLB-1110,Bomba de agua,POLAR,,BOMBA DE AGUA,HLB-1110,Cotizar,/IMAGENES BOMBAS DE AGUA HLB/HLB-1110.jpg,,,,FORD,TRANSIT,L4 2.2L,2007-2013
HLB-1110,Bomba de agua,POLAR,,BOMBA DE AGUA,HLB-1110,Cotizar,/IMAGENES BOMBAS DE AGUA HLB/HLB-1110.jpg,,,,PEUGEOT,MANAGER,L4 2.2L,2016-2022
HLB-1111,Bomba de agua,POLAR,,BOMBA DE AGUA,HLB-1111,Cotizar,/IMAGENES BOMBAS DE AGUA HLB/HLB-1111.jpg,,,,VOLKSWAGEN,CABRIO,L4 2.0L,1995 - 2002
HLB-1111,Bomba de agua,POLAR,,BOMBA DE AGUA,HLB-1111,Cotizar,/IMAGENES BOMBAS DE AGUA HLB/HLB-1111.jpg,,,,VOLKSWAGEN,CARAVELLE,L4 1.8L,1990 - 1996
HLB-1111,Bomba de agua,POLAR,,BOMBA DE AGUA,HLB-1111,Cotizar,/IMAGENES BOMBAS DE AGUA HLB/HLB-1111.jpg,,,,VOLKSWAGEN,COMBI,L4 1.8L,1990 - 2001
HLB-1111,Bomba de agua,POLAR,,BOMBA DE AGUA,HLB-1111,Cotizar,/IMAGENES BOMBAS DE AGUA HLB/HLB-1111.jpg,,,,VOLKSWAGEN,DERBY,L4 1.8L,1995 - 2009
HLB-1111,Bomba de agua,POLAR,,BOMBA DE AGUA,HLB-1111,Cotizar,/IMAGENES BOMBAS DE AGUA HLB/HLB-1111.jpg,,,,VOLKSWAGEN,GOLF,L4 1.8L,1990 - 1999
HLB-1111,Bomba de agua,POLAR,,BOMBA DE AGUA,HLB-1111,Cotizar,/IMAGENES BOMBAS DE AGUA HLB/HLB-1111.jpg,,,,VOLKSWAGEN,JETTA,L4 1.8L,1990 - 1995
HLB-1111,Bomba de agua,POLAR,,BOMBA DE AGUA,HLB-1111,Cotizar,/IMAGENES BOMBAS DE AGUA HLB/HLB-1111.jpg,,,,VOLKSWAGEN,JETTA,L4 2.0L,1990 - 1999
HLB-1111,Bomba de agua,POLAR,,BOMBA DE AGUA,HLB-1111,Cotizar,/IMAGENES BOMBAS DE AGUA HLB/HLB-1111.jpg,,,,VOLKSWAGEN,PASSAT,L4 2.0L,1990 - 1996
HLB-1111,Bomba de agua,POLAR,,BOMBA DE AGUA,HLB-1111,Cotizar,/IMAGENES BOMBAS DE AGUA HLB/HLB-1111.jpg,,,,VOLKSWAGEN,POINTER,L4 1.8L,1998 - 2010
HLB-1111,Bomba de agua,POLAR,,BOMBA DE AGUA,HLB-1111,Cotizar,/IMAGENES BOMBAS DE AGUA HLB/HLB-1111.jpg,,,,VOLKSWAGEN,VAN DERBY,L4 1.8L,2003 - 2009
HLB-1112,Bomba de agua,POLAR,,BOMBA DE AGUA,HLB-1112,Cotizar,/IMAGENES BOMBAS DE AGUA HLB/HLB-1112.jpg,,,,PONTIAC,VIBE,L4 1.8L,2009 - 2010
HLB-1112,Bomba de agua,POLAR,,BOMBA DE AGUA,HLB-1112,Cotizar,/IMAGENES BOMBAS DE AGUA HLB/HLB-1112.jpg,,,,TOYOTA,COROLLA,L4 1.8L,2009 - 2016
HLB-1112,Bomba de agua,POLAR,,BOMBA DE AGUA,HLB-1112,Cotizar,/IMAGENES BOMBAS DE AGUA HLB/HLB-1112.jpg,,,,TOYOTA,MATRIX,L4 1.8L,2009 - 2014
HLB-1113,Bomba de agua,POLAR,,BOMBA DE AGUA,HLB-1113,Cotizar,/IMAGENES BOMBAS DE AGUA HLB/HLB-1113.jpg,,,,FIAT,DUCATO,L4 2.3L,2008 - 2015
HLB-1114,Bomba de agua,POLAR,,BOMBA DE AGUA,HLB-1114,Cotizar,/IMAGENES BOMBAS DE AGUA HLB/HLB-1114.jpg,,,,,,,
HLB-1115,Bomba de agua,POLAR,,BOMBA DE AGUA,HLB-1115,Cotizar,/IMAGENES BOMBAS DE AGUA HLB/HLB-1115.jpg,,,,,,,
HLB-1116,Bomba de agua,POLAR,,BOMBA DE AGUA,HLB-1116,Cotizar,/IMAGENES BOMBAS DE AGUA HLB/HLB-1116.jpg,,,,NISSAN,HIKARI,L4 1.6L,1990 - 1992
HLB-1117,Bomba de agua,POLAR,,BOMBA DE AGUA,HLB-1117,Cotizar,/IMAGENES BOMBAS DE AGUA HLB/HLB-1117.jpg,,,,NISSAN,200SX,L4 1.6L,1995 - 1998
HLB-1117,Bomba de agua,POLAR,,BOMBA DE AGUA,HLB-1117,Cotizar,/IMAGENES BOMBAS DE AGUA HLB/HLB-1117.jpg,,,,NISSAN,LUCINO,L4 1.6L,1996 - 2000
HLB-1117,Bomba de agua,POLAR,,BOMBA DE AGUA,HLB-1117,Cotizar,/IMAGENES BOMBAS DE AGUA HLB/HLB-1117.jpg,,,,NISSAN,SENTRA,L4 1.6L,1991 - 1999
HLB-1117,Bomba de agua,POLAR,,BOMBA DE AGUA,HLB-1117,Cotizar,/IMAGENES BOMBAS DE AGUA HLB/HLB-1117.jpg,,,,NISSAN,TSUBAME,L4 1.6L,1993 - 2004
HLB-1117,Bomba de agua,POLAR,,BOMBA DE AGUA,HLB-1117,Cotizar,/IMAGENES BOMBAS DE AGUA HLB/HLB-1117.jpg,,,,NISSAN,TSURU,L4 1.6L,1991 - 2013
HLB-1118,Bomba de agua,POLAR,,BOMBA DE AGUA,HLB-1118,Cotizar,/IMAGENES BOMBAS DE AGUA HLB/HLB-1118.jpg,,,,,,,
HLB-1119,Bomba de agua,POLAR,,BOMBA DE AGUA,HLB-1119,Cotizar,/IMAGENES BOMBAS DE AGUA HLB/HLB-1119.jpg,,,,MAZDA,3,L4 2.0L,2014 - 2018
HLB-1119,Bomba de agua,POLAR,,BOMBA DE AGUA,HLB-1119,Cotizar,/IMAGENES BOMBAS DE AGUA HLB/HLB-1119.jpg,,,,MAZDA,3,L4 2.5L,2014 - 2018
HLB-1119,Bomba de agua,POLAR,,BOMBA DE AGUA,HLB-1119,Cotizar,/IMAGENES BOMBAS DE AGUA HLB/HLB-1119.jpg,,,,MAZDA,CX-3,L4 2.0L,2015 - 2021
HLB-1119,Bomba de agua,POLAR,,BOMBA DE AGUA,HLB-1119,Cotizar,/IMAGENES BOMBAS DE AGUA HLB/HLB-1119.jpg,,,,MAZDA,CX-5,L4 2.5L,2013 - 2016
HLB-1119,Bomba de agua,POLAR,,BOMBA DE AGUA,HLB-1119,Cotizar,/IMAGENES BOMBAS DE AGUA HLB/HLB-1119.jpg,,,,MAZDA,CX-5,L4 2.5L,2014 - 2018
HLB-1119,Bomba de agua,POLAR,,BOMBA DE AGUA,HLB-1119,Cotizar,/IMAGENES BOMBAS DE AGUA HLB/HLB-1119.jpg,,,,MAZDA,CX-9,L4 2.5L,2018 - 2018
HLB-1119,Bomba de agua,POLAR,,BOMBA DE AGUA,HLB-1119,Cotizar,/IMAGENES BOMBAS DE AGUA HLB/HLB-1119.jpg,,,,TOYOTA,YARIS,L4 1.5L,2019 - 2020
HLB-1120,Bomba de agua,POLAR,,BOMBA DE AGUA,HLB-1120,Cotizar,/IMAGENES BOMBAS DE AGUA HLB/HLB-1120.jpg,,,,DODGE,H100,L4 2.4L,2001 - 2005
HLB-1121,Bomba de agua,POLAR,,BOMBA DE AGUA,HLB-1121,Cotizar,/IMAGENES BOMBAS DE AGUA HLB/HLB-1121.jpg,,,,HYUNDAI,GRAND i10,L4 1.2L,2015 - 2021
HLB-1122,Bomba de agua,POLAR,,BOMBA DE AGUA,HLB-1122,Cotizar,/IMAGENES BOMBAS DE AGUA HLB/HLB-1122.jpg,,,,NISSAN,MARCH,L4 1.6L,2011 - 2023
HLB-1122,Bomba de agua,POLAR,,BOMBA DE AGUA,HLB-1122,Cotizar,/IMAGENES BOMBAS DE AGUA HLB/HLB-1122.jpg,,,,NISSAN,NOTE,L4 1.6L,2013 - 2020
HLB-1122,Bomba de agua,POLAR,,BOMBA DE AGUA,HLB-1122,Cotizar,/IMAGENES BOMBAS DE AGUA HLB/HLB-1122.jpg,,,,NISSAN,TIIDA,L4 1.6L,2013 - 2018
HLB-1122,Bomba de agua,POLAR,,BOMBA DE AGUA,HLB-1122,Cotizar,/IMAGENES BOMBAS DE AGUA HLB/HLB-1122.jpg,,,,NISSAN,VERSA,L4 1.6L,2011 - 2019
HLB-1123,Bomba de agua,POLAR,,BOMBA DE AGUA,HLB-1123,Cotizar,/IMAGENES BOMBAS DE AGUA HLB/HLB-1123.jpg,,,,,,,
HLB-1124,Bomba de agua,POLAR,,BOMBA DE AGUA,HLB-1124,Cotizar,/IMAGENES BOMBAS DE AGUA HLB/HLB-1124.jpg,,,,,,,
HLB-1125,Bomba de agua,POLAR,,BOMBA DE AGUA,HLB-1125,Cotizar,/IMAGENES BOMBAS DE AGUA HLB/HLB-1125.jpg,,,,TOYOTA,CAMRY,L4 2.5L,2010 - 2016
HLB-1125,Bomba de agua,POLAR,,BOMBA DE AGUA,HLB-1125,Cotizar,/IMAGENES BOMBAS DE AGUA HLB/HLB-1125.jpg,,,,TOYOTA,HIGHLANDER,L4 2.5L,2008 - 2018
HLB-1125,Bomba de agua,POLAR,,BOMBA DE AGUA,HLB-1125,Cotizar,/IMAGENES BOMBAS DE AGUA HLB/HLB-1125.jpg,,,,TOYOTA,HIGHLANDER,L4 2.7L,2009 - 2017
HLB-1125,Bomba de agua,POLAR,,BOMBA DE AGUA,HLB-1125,Cotizar,/IMAGENES BOMBAS DE AGUA HLB/HLB-1125.jpg,,,,TOYOTA,RAV 4,L4 2.4L,2005 - 2012
HLB-1125,Bomba de agua,POLAR,,BOMBA DE AGUA,HLB-1125,Cotizar,/IMAGENES BOMBAS DE AGUA HLB/HLB-1125.jpg,,,,TOYOTA,RAV 4,L4 2.5L,2009 - 2017
HLB-1125,Bomba de agua,POLAR,,BOMBA DE AGUA,HLB-1125,Cotizar,/IMAGENES BOMBAS DE AGUA HLB/HLB-1125.jpg,,,,TOYOTA,RAV 4,L4 2.5L,2011 - 2014
HLB-1125,Bomba de agua,POLAR,,BOMBA DE AGUA,HLB-1125,Cotizar,/IMAGENES BOMBAS DE AGUA HLB/HLB-1125.jpg,,,,TOYOTA,RAV 4,V6 3.5L,2007 - 2022
HLB-1125,Bomba de agua,POLAR,,BOMBA DE AGUA,HLB-1125,Cotizar,/IMAGENES BOMBAS DE AGUA HLB/HLB-1125.jpg,,,,TOYOTA,SCION TC,V6 3.5L,2011 - 2016
HLB-1125,Bomba de agua,POLAR,,BOMBA DE AGUA,HLB-1125,Cotizar,/IMAGENES BOMBAS DE AGUA HLB/HLB-1125.jpg,,,,TOYOTA,SIENNA,L4 2.5L,2011 - 2016
HLB-1125,Bomba de agua,POLAR,,BOMBA DE AGUA,HLB-1125,Cotizar,/IMAGENES BOMBAS DE AGUA HLB/HLB-1125.jpg,,,,TOYOTA,SIENNA,L4 2.7L,2011 - 2012
HLB-1125,Bomba de agua,POLAR,,BOMBA DE AGUA,HLB-1125,Cotizar,/IMAGENES BOMBAS DE AGUA HLB/HLB-1125.jpg,,,,TOYOTA,TACOMA,V6 3.5L,2006 - 2012
HLB-1126,Bomba de agua,POLAR,,BOMBA DE AGUA,HLB-1126,Cotizar,/IMAGENES BOMBAS DE AGUA HLB/HLB-1126.jpg,,,,INFINITI,M30,V6 3.0L,1990 - 1992
HLB-1126,Bomba de agua,POLAR,,BOMBA DE AGUA,HLB-1126,Cotizar,/IMAGENES BOMBAS DE AGUA HLB/HLB-1126.jpg,,,,NISSAN,D21 PICKUP,V6 3.0L,1990 - 1994
HLB-1127,Bomba de agua,POLAR,,BOMBA DE AGUA,HLB-1127,Cotizar,/IMAGENES BOMBAS DE AGUA HLB/HLB-1127.jpg,,,,CHRYSLER,ASPEN,V8 5.7L,2009 - 2009
HLB-1127,Bomba de agua,POLAR,,BOMBA DE AGUA,HLB-1127,Cotizar,/IMAGENES BOMBAS DE AGUA HLB/HLB-1127.jpg,,,,DODGE,DURANGO,V8 5.7L,2009 - 2009
HLB-1127,Bomba de agua,POLAR,,BOMBA DE AGUA,HLB-1127,Cotizar,/IMAGENES BOMBAS DE AGUA HLB/HLB-1127.jpg,,,,DODGE,RAM 1500,V8 5.7L,2009 - 2010
HLB-1127,Bomba de agua,POLAR,,BOMBA DE AGUA,HLB-1127,Cotizar,/IMAGENES BOMBAS DE AGUA HLB/HLB-1127.jpg,,,,DODGE,RAM 2500,V8 5.7L,2009 - 2010
HLB-1127,Bomba de agua,POLAR,,BOMBA DE AGUA,HLB-1127,Cotizar,/IMAGENES BOMBAS DE AGUA HLB/HLB-1127.jpg,,,,DODGE,RAM 3500,V8 5.7L,2009 - 2009
HLB-1127,Bomba de agua,POLAR,,BOMBA DE AGUA,HLB-1127,Cotizar,/IMAGENES BOMBAS DE AGUA HLB/HLB-1127.jpg,,,,DODGE,RAM 4000,V8 5.7L,2009 - 2010
HLB-1127,Bomba de agua,POLAR,,BOMBA DE AGUA,HLB-1127,Cotizar,/IMAGENES BOMBAS DE AGUA HLB/HLB-1127.jpg,,,,RAM,1500,V8 5.7L,2011 - 2017
HLB-1127,Bomba de agua,POLAR,,BOMBA DE AGUA,HLB-1127,Cotizar,/IMAGENES BOMBAS DE AGUA HLB/HLB-1127.jpg,,,,RAM,2500,V8 5.7L,2011 - 2017
HLB-1127,Bomba de agua,POLAR,,BOMBA DE AGUA,HLB-1127,Cotizar,/IMAGENES BOMBAS DE AGUA HLB/HLB-1127.jpg,,,,RAM,3500,V8 5.7L,2011 - 2015
HLB-1127,Bomba de agua,POLAR,,BOMBA DE AGUA,HLB-1127,Cotizar,/IMAGENES BOMBAS DE AGUA HLB/HLB-1127.jpg,,,,RAM,4000,V8 5.7L,2011 - 2017
HLB-1128,Bomba de agua,POLAR,,BOMBA DE AGUA,HLB-1128,Cotizar,/IMAGENES BOMBAS DE AGUA HLB/HLB-1128.jpg,,,,MERCURY,VILLAGER,V6 3.0L,1993 - 1998
HLB-1128,Bomba de agua,POLAR,,BOMBA DE AGUA,HLB-1128,Cotizar,/IMAGENES BOMBAS DE AGUA HLB/HLB-1128.jpg,,,,NISSAN,MAXIMA,V6 3.0L,1990 - 1994
HLB-1128,Bomba de agua,POLAR,,BOMBA DE AGUA,HLB-1128,Cotizar,/IMAGENES BOMBAS DE AGUA HLB/HLB-1128.jpg,,,,NISSAN,QUEST,V6 3.0L,1993 - 1998
HLB-1129,Bomba de agua,POLAR,,BOMBA DE AGUA,HLB-1129,Cotizar,/IMAGENES BOMBAS DE AGUA HLB/HLB-1129.jpg,,,,SEAT,CORDOBA,L4 1.6L,2004 - 2009
HLB-1129,Bomba de agua,POLAR,,BOMBA DE AGUA,HLB-1129,Cotizar,/IMAGENES BOMBAS DE AGUA HLB/HLB-1129.jpg,,,,SEAT,IBIZA,L4 1.6L,2003 - 2008
HLB-1129,Bomba de agua,POLAR,,BOMBA DE AGUA,HLB-1129,Cotizar,/IMAGENES BOMBAS DE AGUA HLB/HLB-1129.jpg,,,,VOLKSWAGEN,CROSSFOX,L4 1.6L,2005 - 2017
HLB-1129,Bomba de agua,POLAR,,BOMBA DE AGUA,HLB-1129,Cotizar,/IMAGENES BOMBAS DE AGUA HLB/HLB-1129.jpg,,,,VOLKSWAGEN,GOL,L4 1.6L,2008 - 2021
HLB-1129,Bomba de agua,POLAR,,BOMBA DE AGUA,HLB-1129,Cotizar,/IMAGENES BOMBAS DE AGUA HLB/HLB-1129.jpg,,,,VOLKSWAGEN,LUPO,L4 1.6L,2005 - 2009
HLB-1129,Bomba de agua,POLAR,,BOMBA DE AGUA,HLB-1129,Cotizar,/IMAGENES BOMBAS DE AGUA HLB/HLB-1129.jpg,,,,VOLKSWAGEN,POLO,L4 1.6L,2003 - 2007
HLB-1129,Bomba de agua,POLAR,,BOMBA DE AGUA,HLB-1129,Cotizar,/IMAGENES BOMBAS DE AGUA HLB/HLB-1129.jpg,,,,VOLKSWAGEN,SAVEIRO,L4 1.6L,2010 - 2017
HLB-1129,Bomba de agua,POLAR,,BOMBA DE AGUA,HLB-1129,Cotizar,/IMAGENES BOMBAS DE AGUA HLB/HLB-1129.jpg,,,,VOLKSWAGEN,SPORTVAN,L4 1.6L,2006 - 2010
HLB-1130,Bomba de agua,POLAR,,BOMBA DE AGUA,HLB-1130,Cotizar,/IMAGENES BOMBAS DE AGUA HLB/HLB-1130.jpg,,,,HONDA,CITY,L4 1.5L,2010 - 2016
HLB-1130,Bomba de agua,POLAR,,BOMBA DE AGUA,HLB-1130,Cotizar,/IMAGENES BOMBAS DE AGUA HLB/HLB-1130.jpg,,,,HONDA,FIT,L4 1.5L,2009 - 2013
HLB-1131,Bomba de agua,POLAR,,BOMBA DE AGUA,HLB-1131,Cotizar,/IMAGENES BOMBAS DE AGUA HLB/HLB-1131.jpg,,,,,,,
HLB-1132,Bomba de agua,POLAR,,BOMBA DE AGUA,HLB-1132,Cotizar,/IMAGENES BOMBAS DE AGUA HLB/HLB-1132.jpg,,,,RENAULT,DUSTER,L4 2.0L,2012-2016
HLB-1132,Bomba de agua,POLAR,,BOMBA DE AGUA,HLB-1132,Cotizar,/IMAGENES BOMBAS DE AGUA HLB/HLB-1132.jpg,,,,RENAULT,TRAFIC II,L4 2.0L,2012-2016
HLB-1133,Bomba de agua,POLAR,,BOMBA DE AGUA,HLB-1133,Cotizar,/IMAGENES BOMBAS DE AGUA HLB/HLB-1133.jpg,,,,,,,
HLB-1134,Bomba de agua,POLAR,,BOMBA DE AGUA,HLB-1134,Cotizar,/IMAGENES BOMBAS DE AGUA HLB/HLB-1134.jpg,,,,FORD,F-150,V8 5.0L,2011-2020
HLB-1134,Bomba de agua,POLAR,,BOMBA DE AGUA,HLB-1134,Cotizar,/IMAGENES BOMBAS DE AGUA HLB/HLB-1134.jpg,,,,FORD,LOBO,V8 5.0L,2011-2020
HLB-1134,Bomba de agua,POLAR,,BOMBA DE AGUA,HLB-1134,Cotizar,/IMAGENES BOMBAS DE AGUA HLB/HLB-1134.jpg,,,,FORD,MUSTANG,V8 5.0L,2011-2021
HLB-1134,Bomba de agua,POLAR,,BOMBA DE AGUA,HLB-1134,Cotizar,/IMAGENES BOMBAS DE AGUA HLB/HLB-1134.jpg,,,,LINCOLN,MARK LT,V8 5.0L,2011-2014
HLB-1135,Bomba de agua,POLAR,,BOMBA DE AGUA,HLB-1135,Cotizar,/IMAGENES BOMBAS DE AGUA HLB/HLB-1135.jpg,,,,FORD,ESCORT,L4 1.8L,1991 - 1996
HLB-1136,Bomba de agua,POLAR,,BOMBA DE AGUA,HLB-1136,Cotizar,/IMAGENES BOMBAS DE AGUA HLB/HLB-1136.jpg,,,,,,,
HLB-1137,Bomba de agua,POLAR,,BOMBA DE AGUA,HLB-1137,Cotizar,/IMAGENES BOMBAS DE AGUA HLB/HLB-1137.jpg,,,,SEAT,IBIZA,L4 1.2L,2013-2017
HLB-1137,Bomba de agua,POLAR,,BOMBA DE AGUA,HLB-1137,Cotizar,/IMAGENES BOMBAS DE AGUA HLB/HLB-1137.jpg,,,,SEAT,TOLEDO,L4 1.2L,2013-2017
HLB-1137,Bomba de agua,POLAR,,BOMBA DE AGUA,HLB-1137,Cotizar,/IMAGENES BOMBAS DE AGUA HLB/HLB-1137.jpg,,,,VOLKSWAGEN,POLO TSI,L4 1.2L,2013-2017
HLB-1137,Bomba de agua,POLAR,,BOMBA DE AGUA,HLB-1137,Cotizar,/IMAGENES BOMBAS DE AGUA HLB/HLB-1137.jpg,,,,VOLKSWAGEN,CADDY TSI,L4 1.2L,2013-2017
HLB-1138,Bomba de agua,POLAR,,BOMBA DE AGUA,HLB-1138,Cotizar,/IMAGENES BOMBAS DE AGUA HLB/HLB-1138.jpg,,,,TOYOTA,CAMRY,L4 2.0L,1990 - 1991
HLB-1138,Bomba de agua,POLAR,,BOMBA DE AGUA,HLB-1138,Cotizar,/IMAGENES BOMBAS DE AGUA HLB/HLB-1138.jpg,,,,TOYOTA,CAMRY,L4 2.2L,1992 - 2001
HLB-1138,Bomba de agua,POLAR,,BOMBA DE AGUA,HLB-1138,Cotizar,/IMAGENES BOMBAS DE AGUA HLB/HLB-1138.jpg,,,,TOYOTA,MR2,L4 2.2L,1991 - 1995
HLB-1138,Bomba de agua,POLAR,,BOMBA DE AGUA,HLB-1138,Cotizar,/IMAGENES BOMBAS DE AGUA HLB/HLB-1138.jpg,,,,TOYOTA,RAV 4,L4 2.0L,1996 - 2000
HLB-1139,Bomba de agua,POLAR,,BOMBA DE AGUA,HLB-1139,Cotizar,/IMAGENES BOMBAS DE AGUA HLB/HLB-1139.jpg,,,,VOLKSWAGEN,TIGUAN,L4 2.0L,2018-2023
HLB-1140,Bomba de agua,POLAR,,BOMBA DE AGUA,HLB-1140,Cotizar,/IMAGENES BOMBAS DE AGUA HLB/HLB-1140.jpg,,,,AUDI,A3,L4 1.8L,2012 - 2016
HLB-1140,Bomba de agua,POLAR,,BOMBA DE AGUA,HLB-1140,Cotizar,/IMAGENES BOMBAS DE AGUA HLB/HLB-1140.jpg,,,,AUDI,A3,L4 2.0L,2017 - 2020
HLB-1140,Bomba de agua,POLAR,,BOMBA DE AGUA,HLB-1140,Cotizar,/IMAGENES BOMBAS DE AGUA HLB/HLB-1140.jpg,,,,AUDI,A4,L4 1.8L,2011 - 2015
HLB-1140,Bomba de agua,POLAR,,BOMBA DE AGUA,HLB-1140,Cotizar,/IMAGENES BOMBAS DE AGUA HLB/HLB-1140.jpg,,,,AUDI,A4,L4 2.0L,2013 - 2020
HLB-1140,Bomba de agua,POLAR,,BOMBA DE AGUA,HLB-1140,Cotizar,/IMAGENES BOMBAS DE AGUA HLB/HLB-1140.jpg,,,,AUDI,A4 QUATTRO,L4 1.8L,2011 - 2015
HLB-1140,Bomba de agua,POLAR,,BOMBA DE AGUA,HLB-1140,Cotizar,/IMAGENES BOMBAS DE AGUA HLB/HLB-1140.jpg,,,,AUDI,A4 QUATTRO,L4 2.0L,2013 - 2015
HLB-1140,Bomba de agua,POLAR,,BOMBA DE AGUA,HLB-1140,Cotizar,/IMAGENES BOMBAS DE AGUA HLB/HLB-1140.jpg,,,,AUDI,A5,L4 1.8L,2011 - 2016
HLB-1140,Bomba de agua,POLAR,,BOMBA DE AGUA,HLB-1140,Cotizar,/IMAGENES BOMBAS DE AGUA HLB/HLB-1140.jpg,,,,AUDI,A5,L4 2.0L,2013 - 2016
HLB-1140,Bomba de agua,POLAR,,BOMBA DE AGUA,HLB-1140,Cotizar,/IMAGENES BOMBAS DE AGUA HLB/HLB-1140.jpg,,,,AUDI,A5 QUATTRO,L4 2.0L,2013 - 2016
HLB-1140,Bomba de agua,POLAR,,BOMBA DE AGUA,HLB-1140,Cotizar,/IMAGENES BOMBAS DE AGUA HLB/HLB-1140.jpg,,,,AUDI,A5 SPORTBACK,L4 1.8L,2011 - 2017
HLB-1140,Bomba de agua,POLAR,,BOMBA DE AGUA,HLB-1140,Cotizar,/IMAGENES BOMBAS DE AGUA HLB/HLB-1140.jpg,,,,AUDI,A5 SPORTBACK QUATTRO,L4 2.0L,2013 - 2016
HLB-1140,Bomba de agua,POLAR,,BOMBA DE AGUA,HLB-1140,Cotizar,/IMAGENES BOMBAS DE AGUA HLB/HLB-1140.jpg,,,,AUDI,A6,L4 1.8L,2014 - 2018
HLB-1140,Bomba de agua,POLAR,,BOMBA DE AGUA,HLB-1140,Cotizar,/IMAGENES BOMBAS DE AGUA HLB/HLB-1140.jpg,,,,AUDI,A6,L4 2.0L,2016 - 2018
HLB-1140,Bomba de agua,POLAR,,BOMBA DE AGUA,HLB-1140,Cotizar,/IMAGENES BOMBAS DE AGUA HLB/HLB-1140.jpg,,,,AUDI,A7 SPORTBACK,L4 2.0L,2014 - 2018
HLB-1140,Bomba de agua,POLAR,,BOMBA DE AGUA,HLB-1140,Cotizar,/IMAGENES BOMBAS DE AGUA HLB/HLB-1140.jpg,,,,AUDI,A7 SPORTBACK QUATTRO,L4 2.0L,2015 - 2018
HLB-1140,Bomba de agua,POLAR,,BOMBA DE AGUA,HLB-1140,Cotizar,/IMAGENES BOMBAS DE AGUA HLB/HLB-1140.jpg,,,,AUDI,Q3 QUATTRO,L4 2.0L,2015 - 2018
HLB-1140,Bomba de agua,POLAR,,BOMBA DE AGUA,HLB-1140,Cotizar,/IMAGENES BOMBAS DE AGUA HLB/HLB-1140.jpg,,,,AUDI,Q5 QUATTRO,L4 2.0L,2016 - 2020
HLB-1140,Bomba de agua,POLAR,,BOMBA DE AGUA,HLB-1140,Cotizar,/IMAGENES BOMBAS DE AGUA HLB/HLB-1140.jpg,,,,AUDI,S3 QUATTRO,L4 2.0L,2014 - 2020
HLB-1140,Bomba de agua,POLAR,,BOMBA DE AGUA,HLB-1140,Cotizar,/IMAGENES BOMBAS DE AGUA HLB/HLB-1140.jpg,,,,AUDI,TT,L4 2.0L,2014 - 2018
HLB-1140,Bomba de agua,POLAR,,BOMBA DE AGUA,HLB-1140,Cotizar,/IMAGENES BOMBAS DE AGUA HLB/HLB-1140.jpg,,,,AUDI,TT Quattro,L4 2.0L,2015 - 2018
HLB-1140,Bomba de agua,POLAR,,BOMBA DE AGUA,HLB-1140,Cotizar,/IMAGENES BOMBAS DE AGUA HLB/HLB-1140.jpg,,,,AUDI,TTS,L4 2.0L,2015 - 2018
HLB-1140,Bomba de agua,POLAR,,BOMBA DE AGUA,HLB-1140,Cotizar,/IMAGENES BOMBAS DE AGUA HLB/HLB-1140.jpg,,,,VOLKSWAGEN,JETTA,L4 2.0L,2014 - 2017
HLB-1140,Bomba de agua,POLAR,,BOMBA DE AGUA,HLB-1140,Cotizar,/IMAGENES BOMBAS DE AGUA HLB/HLB-1140.jpg,,,,VOLKSWAGEN,POLO,L4 1.8L,2016 - 2017
HLB-1140,Bomba de agua,POLAR,,BOMBA DE AGUA,HLB-1140,Cotizar,/IMAGENES BOMBAS DE AGUA HLB/HLB-1140.jpg,,,,VOLKSWAGEN,TIGUAN 4MOTION,L4 2.0L,2018 - 2020
HLB-1141,Bomba de agua,POLAR,,BOMBA DE AGUA,HLB-1141,Cotizar,/IMAGENES BOMBAS DE AGUA HLB/HLB-1141.jpg,,,,ACURA,CL,L4 2.3L,1998 - 1999
HLB-1141,Bomba de agua,POLAR,,BOMBA DE AGUA,HLB-1141,Cotizar,/IMAGENES BOMBAS DE AGUA HLB/HLB-1141.jpg,,,,HONDA,ACCORD,L4 2.2L,1990 - 1997
HLB-1141,Bomba de agua,POLAR,,BOMBA DE AGUA,HLB-1141,Cotizar,/IMAGENES BOMBAS DE AGUA HLB/HLB-1141.jpg,,,,HONDA,ACCORD,L4 2.3L,1998 - 2002
HLB-1141,Bomba de agua,POLAR,,BOMBA DE AGUA,HLB-1141,Cotizar,/IMAGENES BOMBAS DE AGUA HLB/HLB-1141.jpg,,,,HONDA,ODYSSEY,L4 2.2L,1995 - 1997
HLB-1141,Bomba de agua,POLAR,,BOMBA DE AGUA,HLB-1141,Cotizar,/IMAGENES BOMBAS DE AGUA HLB/HLB-1141.jpg,,,,HONDA,ODYSSEY,L4 2.3L,1998 - 1998
HLB-1142,Bomba de agua,POLAR,,BOMBA DE AGUA,HLB-1142,Cotizar,/IMAGENES BOMBAS DE AGUA HLB/HLB-1142.jpg,,,,NISSAN,240SX,L4 2.4L,1990 - 1998
HLB-1142,Bomba de agua,POLAR,,BOMBA DE AGUA,HLB-1142,Cotizar,/IMAGENES BOMBAS DE AGUA HLB/HLB-1142.jpg,,,,NISSAN,D21 PICKUP,L4 2.4L,1990 - 2009
HLB-1142,Bomba de agua,POLAR,,BOMBA DE AGUA,HLB-1142,Cotizar,/IMAGENES BOMBAS DE AGUA HLB/HLB-1142.jpg,,,,NISSAN,FRONTIER,L4 2.4L,1998 - 2004
HLB-1142,Bomba de agua,POLAR,,BOMBA DE AGUA,HLB-1142,Cotizar,/IMAGENES BOMBAS DE AGUA HLB/HLB-1142.jpg,,,,NISSAN,NP300,L4 2.4L,2009 - 2015
HLB-1142,Bomba de agua,POLAR,,BOMBA DE AGUA,HLB-1142,Cotizar,/IMAGENES BOMBAS DE AGUA HLB/HLB-1142.jpg,,,,NISSAN,URVAN,L4 2.4L,2000 - 2007
HLB-1142,Bomba de agua,POLAR,,BOMBA DE AGUA,HLB-1142,Cotizar,/IMAGENES BOMBAS DE AGUA HLB/HLB-1142.jpg,,,,NISSAN,X-TERRA,L4 2.4L,1999 - 2004
HLB-1143,Bomba de agua,POLAR,,BOMBA DE AGUA,HLB-1143,Cotizar,/IMAGENES BOMBAS DE AGUA HLB/HLB-1143.jpg,,,,,,,
HLB-1144,Bomba de agua,POLAR,,BOMBA DE AGUA,HLB-1144,Cotizar,/IMAGENES BOMBAS DE AGUA HLB/HLB-1144.jpg,,,,,,,
HLB-1145,Bomba de agua,POLAR,,BOMBA DE AGUA,HLB-1145,Cotizar,/IMAGENES BOMBAS DE AGUA HLB/HLB-1145.jpg,,,,HYUNDAI,TUCSON,L4 2.4L,2014 - 2020
HLB-1145,Bomba de agua,POLAR,,BOMBA DE AGUA,HLB-1145,Cotizar,/IMAGENES BOMBAS DE AGUA HLB/HLB-1145.jpg,,,,KIA,SORENTO,L4 2.0L,2015 - 2020
HLB-1145,Bomba de agua,POLAR,,BOMBA DE AGUA,HLB-1145,Cotizar,/IMAGENES BOMBAS DE AGUA HLB/HLB-1145.jpg,,,,KIA,SPORTAGE,L4 2.4L,2015 - 2020
HLB-1146,Bomba de agua,POLAR,,BOMBA DE AGUA,HLB-1146,Cotizar,/IMAGENES BOMBAS DE AGUA HLB/HLB-1146.jpg,,,,CHEVROLET,CAVALIER,L4 1.5L,2018 - 2021
HLB-1147,Bomba de agua,POLAR,,BOMBA DE AGUA,HLB-1147,Cotizar,/IMAGENES BOMBAS DE AGUA HLB/HLB-1147.jpg,,,,MITSUBISHI,MONTERO,L4 2.4L,1997-1999
HLB-1147 ,Bomba de agua,POLAR,,BOMBA DE AGUA,HLB-1147 ,Cotizar,/IMAGENES BOMBAS DE AGUA HLB/HLB-1147 .jpg,,,,RAM,VAN 1000,L4 2.4L,2008-2009
HLB-1148,Bomba de agua,POLAR,,BOMBA DE AGUA,HLB-1148,Cotizar,/IMAGENES BOMBAS DE AGUA HLB/HLB-1148.jpg,,,,TOYOTA,AVANZA,L4 1.5L ,2015-2020
HLB-1149,Bomba de agua,POLAR,,BOMBA DE AGUA,HLB-1149,Cotizar,/IMAGENES BOMBAS DE AGUA HLB/HLB-1149.jpg,,,,CHEVROLET,CHEVY,L4 1.4L,1994 - 1996
HLB-1149,Bomba de agua,POLAR,,BOMBA DE AGUA,HLB-1149,Cotizar,/IMAGENES BOMBAS DE AGUA HLB/HLB-1149.jpg,,,,CHEVROLET,CHEVY,L4 1.6L,1997 - 2013
HLB-1149,Bomba de agua,POLAR,,BOMBA DE AGUA,HLB-1149,Cotizar,/IMAGENES BOMBAS DE AGUA HLB/HLB-1149.jpg,,,,CHEVROLET,TIGRA,L4 1.6L,1997 - 1999
HLB-1150,Bomba de agua,POLAR,,BOMBA DE AGUA,HLB-1150,Cotizar,/IMAGENES BOMBAS DE AGUA HLB/HLB-1150.jpg,,,,NISSAN,D21 PICKUP,L4 2.4L,1989-1993
HLB-1150,Bomba de agua,POLAR,,BOMBA DE AGUA,HLB-1150,Cotizar,/IMAGENES BOMBAS DE AGUA HLB/HLB-1150.jpg,,,,NISSAN,ICHI VAN,L4 2.4L,1989-1993
HLB-1150,Bomba de agua,POLAR,,BOMBA DE AGUA,HLB-1150,Cotizar,/IMAGENES BOMBAS DE AGUA HLB/HLB-1150.jpg,,,,NISSAN,PICKUP,L4 2.4L,1989-1993
HLB-1151,Bomba de agua,POLAR,,BOMBA DE AGUA,HLB-1151,Cotizar,/IMAGENES BOMBAS DE AGUA HLB/HLB-1151.jpg,,,,BMW,320i,L6 2.0L,1992 - 1995
HLB-1151,Bomba de agua,POLAR,,BOMBA DE AGUA,HLB-1151,Cotizar,/IMAGENES BOMBAS DE AGUA HLB/HLB-1151.jpg,,,,BMW,320i,L6 2.2L,2001 - 2005
HLB-1151,Bomba de agua,POLAR,,BOMBA DE AGUA,HLB-1151,Cotizar,/IMAGENES BOMBAS DE AGUA HLB/HLB-1151.jpg,,,,BMW,323Ci,L6 2.5L,2000 - 2000
HLB-1151,Bomba de agua,POLAR,,BOMBA DE AGUA,HLB-1151,Cotizar,/IMAGENES BOMBAS DE AGUA HLB/HLB-1151.jpg,,,,BMW,323i,L6 2.5L,1998 - 2000
HLB-1151,Bomba de agua,POLAR,,BOMBA DE AGUA,HLB-1151,Cotizar,/IMAGENES BOMBAS DE AGUA HLB/HLB-1151.jpg,,,,BMW,323i,L6 2.5L,2006 - 2006
HLB-1151,Bomba de agua,POLAR,,BOMBA DE AGUA,HLB-1151,Cotizar,/IMAGENES BOMBAS DE AGUA HLB/HLB-1151.jpg,,,,BMW,323iS,L6 2.5L,1998 - 1999
HLB-1151,Bomba de agua,POLAR,,BOMBA DE AGUA,HLB-1151,Cotizar,/IMAGENES BOMBAS DE AGUA HLB/HLB-1151.jpg,,,,BMW,325Ci,L6 2.5L,2001 - 2006
HLB-1151,Bomba de agua,POLAR,,BOMBA DE AGUA,HLB-1151,Cotizar,/IMAGENES BOMBAS DE AGUA HLB/HLB-1151.jpg,,,,BMW,325i,L6 2.5L,1992 - 1995
HLB-1151,Bomba de agua,POLAR,,BOMBA DE AGUA,HLB-1151,Cotizar,/IMAGENES BOMBAS DE AGUA HLB/HLB-1151.jpg,,,,BMW,325i,L6 2.5L,2001 - 2006
HLB-1151,Bomba de agua,POLAR,,BOMBA DE AGUA,HLB-1151,Cotizar,/IMAGENES BOMBAS DE AGUA HLB/HLB-1151.jpg,,,,BMW,325iS,L6 2.5L,1992 - 1995
HLB-1151,Bomba de agua,POLAR,,BOMBA DE AGUA,HLB-1151,Cotizar,/IMAGENES BOMBAS DE AGUA HLB/HLB-1151.jpg,,,,BMW,325Xi,L6 2.5L,2001 - 2005
HLB-1151,Bomba de agua,POLAR,,BOMBA DE AGUA,HLB-1151,Cotizar,/IMAGENES BOMBAS DE AGUA HLB/HLB-1151.jpg,,,,BMW,328Ci,L6 2.8L,2000 - 2000
HLB-1151,Bomba de agua,POLAR,,BOMBA DE AGUA,HLB-1151,Cotizar,/IMAGENES BOMBAS DE AGUA HLB/HLB-1151.jpg,,,,BMW,328i,L6 2.8L,1996 - 2000
HLB-1151,Bomba de agua,POLAR,,BOMBA DE AGUA,HLB-1151,Cotizar,/IMAGENES BOMBAS DE AGUA HLB/HLB-1151.jpg,,,,BMW,328iS,L6 2.8L,1996 - 1999
HLB-1151,Bomba de agua,POLAR,,BOMBA DE AGUA,HLB-1151,Cotizar,/IMAGENES BOMBAS DE AGUA HLB/HLB-1151.jpg,,,,BMW,330Ci,L6 3.0L,2001 - 2006
HLB-1151,Bomba de agua,POLAR,,BOMBA DE AGUA,HLB-1151,Cotizar,/IMAGENES BOMBAS DE AGUA HLB/HLB-1151.jpg,,,,BMW,330i,L6 3.0L,2001 - 2005
HLB-1151,Bomba de agua,POLAR,,BOMBA DE AGUA,HLB-1151,Cotizar,/IMAGENES BOMBAS DE AGUA HLB/HLB-1151.jpg,,,,BMW,330Xi,L6 3.0L,2001 - 2005
HLB-1151,Bomba de agua,POLAR,,BOMBA DE AGUA,HLB-1151,Cotizar,/IMAGENES BOMBAS DE AGUA HLB/HLB-1151.jpg,,,,BMW,525i,L6 2.5L,1991 - 1995
HLB-1151,Bomba de agua,POLAR,,BOMBA DE AGUA,HLB-1151,Cotizar,/IMAGENES BOMBAS DE AGUA HLB/HLB-1151.jpg,,,,BMW,525i,L6 2.5L,2001 - 2005
HLB-1151,Bomba de agua,POLAR,,BOMBA DE AGUA,HLB-1151,Cotizar,/IMAGENES BOMBAS DE AGUA HLB/HLB-1151.jpg,,,,BMW,525iT,L6 2.5L,1993 - 1993
HLB-1151,Bomba de agua,POLAR,,BOMBA DE AGUA,HLB-1151,Cotizar,/IMAGENES BOMBAS DE AGUA HLB/HLB-1151.jpg,,,,BMW,528i,L6 2.8L,1997 - 2000
HLB-1151,Bomba de agua,POLAR,,BOMBA DE AGUA,HLB-1151,Cotizar,/IMAGENES BOMBAS DE AGUA HLB/HLB-1151.jpg,,,,BMW,530i,L6 3.0L,2001 - 2005
HLB-1151,Bomba de agua,POLAR,,BOMBA DE AGUA,HLB-1151,Cotizar,/IMAGENES BOMBAS DE AGUA HLB/HLB-1151.jpg,,,,BMW,M3,L6 3.0L,1994 - 1995
HLB-1151,Bomba de agua,POLAR,,BOMBA DE AGUA,HLB-1151,Cotizar,/IMAGENES BOMBAS DE AGUA HLB/HLB-1151.jpg,,,,BMW,M3,L6 3.2L,1996 - 1999
HLB-1151,Bomba de agua,POLAR,,BOMBA DE AGUA,HLB-1151,Cotizar,/IMAGENES BOMBAS DE AGUA HLB/HLB-1151.jpg,,,,BMW,X3,L6 2.5L,2004 - 2006
HLB-1151,Bomba de agua,POLAR,,BOMBA DE AGUA,HLB-1151,Cotizar,/IMAGENES BOMBAS DE AGUA HLB/HLB-1151.jpg,,,,BMW,X3,L6 3.0L,2004 - 2006
HLB-1151,Bomba de agua,POLAR,,BOMBA DE AGUA,HLB-1151,Cotizar,/IMAGENES BOMBAS DE AGUA HLB/HLB-1151.jpg,,,,BMW,X5,L6 3.0L,2001 - 2006
HLB-1151,Bomba de agua,POLAR,,BOMBA DE AGUA,HLB-1151,Cotizar,/IMAGENES BOMBAS DE AGUA HLB/HLB-1151.jpg,,,,BMW,Z3,L6 2.5L,1999 - 2002
HLB-1151,Bomba de agua,POLAR,,BOMBA DE AGUA,HLB-1151,Cotizar,/IMAGENES BOMBAS DE AGUA HLB/HLB-1151.jpg,,,,BMW,Z3,L6 2.8L,1997 - 2000
HLB-1151,Bomba de agua,POLAR,,BOMBA DE AGUA,HLB-1151,Cotizar,/IMAGENES BOMBAS DE AGUA HLB/HLB-1151.jpg,,,,BMW,Z3,L6 3.0L,2001 - 2002
HLB-1151,Bomba de agua,POLAR,,BOMBA DE AGUA,HLB-1151,Cotizar,/IMAGENES BOMBAS DE AGUA HLB/HLB-1151.jpg,,,,BMW,Z3,L6 3.2L,1998 - 2000
HLB-1151,Bomba de agua,POLAR,,BOMBA DE AGUA,HLB-1151,Cotizar,/IMAGENES BOMBAS DE AGUA HLB/HLB-1151.jpg,,,,BMW,Z4,L6 2.5L,2003 - 2005
HLB-1151,Bomba de agua,POLAR,,BOMBA DE AGUA,HLB-1151,Cotizar,/IMAGENES BOMBAS DE AGUA HLB/HLB-1151.jpg,,,,BMW,Z4,L6 3.0L,2003 - 2005
HLRC-3000,Depósito de Anticongelante,NISSAN,,Depósito de Anticongelante,HLRC-3000,Cotizar,/IMAGENES  DEPOSITO RECUPERADOR HLRC/HLRC-3000.jpg,,,,NISSAN,APRIO,L4 1.6L,2008 - 2010
HLRC-3000,Depósito de Anticongelante,NISSAN,,Depósito de Anticongelante,HLRC-3000,Cotizar,/IMAGENES  DEPOSITO RECUPERADOR HLRC/HLRC-3000.jpg,,,,NISSAN,PLATINA,L4 1.6L,2001 - 2009
HLRC-3000,Depósito de Anticongelante,RENAULT,,Depósito de Anticongelante,HLRC-3000,Cotizar,/IMAGENES  DEPOSITO RECUPERADOR HLRC/HLRC-3000.jpg,,,,RENAULT,CLIO,L4 1.6L,2002 - 2009
HLRC-3000,Depósito de Anticongelante,RENAULT,,Depósito de Anticongelante,HLRC-3000,Cotizar,/IMAGENES  DEPOSITO RECUPERADOR HLRC/HLRC-3000.jpg,,,,RENAULT,CLIO,L4 2.0L,2002 - 2008
HLRC-3000,Depósito de Anticongelante,RENAULT,,Depósito de Anticongelante,HLRC-3000,Cotizar,/IMAGENES  DEPOSITO RECUPERADOR HLRC/HLRC-3000.jpg,,,,RENAULT,DUSTER,L4 2.0L,2013 - 2018
HLRC-3000,Depósito de Anticongelante,RENAULT,,Depósito de Anticongelante,HLRC-3000,Cotizar,/IMAGENES  DEPOSITO RECUPERADOR HLRC/HLRC-3000.jpg,,,,RENAULT,KANGOO,L4 1.6L,2004 - 2015
HLRC-3000,Depósito de Anticongelante,RENAULT,,Depósito de Anticongelante,HLRC-3000,Cotizar,/IMAGENES  DEPOSITO RECUPERADOR HLRC/HLRC-3000.jpg,,,,RENAULT,SANDERO,L4 1.6L,2010 - 2015
HLRC-3000,Depósito de Anticongelante,RENAULT,,Depósito de Anticongelante,HLRC-3000,Cotizar,/IMAGENES  DEPOSITO RECUPERADOR HLRC/HLRC-3000.jpg,,,,RENAULT,STEPWAY,L4 1.6L,2010 - 2015
HLRC-3001,Depósito de Anticongelante,FORD,,Depósito de Anticongelante,HLRC-3001,Cotizar,/IMAGENES  DEPOSITO RECUPERADOR HLRC/HLRC-3001.jpg,,,,FORD,EXCURSION,V10 6.8L,2000 - 2005
HLRC-3001,Depósito de Anticongelante,FORD,,Depósito de Anticongelante,HLRC-3001,Cotizar,/IMAGENES  DEPOSITO RECUPERADOR HLRC/HLRC-3001.jpg,,,,FORD,EXCURSION,V8 5.4L,2000 - 2005
HLRC-3001,Depósito de Anticongelante,FORD,,Depósito de Anticongelante,HLRC-3001,Cotizar,/IMAGENES  DEPOSITO RECUPERADOR HLRC/HLRC-3001.jpg,,,,FORD,EXCURSION,V8 7.3L,2000 - 2003
HLRC-3001,Depósito de Anticongelante,FORD,,Depósito de Anticongelante,HLRC-3001,Cotizar,/IMAGENES  DEPOSITO RECUPERADOR HLRC/HLRC-3001.jpg,,,,FORD,F-250 Super Duty,V10 6.8L,1999 - 2004
HLRC-3001,Depósito de Anticongelante,FORD,,Depósito de Anticongelante,HLRC-3001,Cotizar,/IMAGENES  DEPOSITO RECUPERADOR HLRC/HLRC-3001.jpg,,,,FORD,F-250 Super Duty,V8 5.4L,1999 - 2004
HLRC-3001,Depósito de Anticongelante,FORD,,Depósito de Anticongelante,HLRC-3001,Cotizar,/IMAGENES  DEPOSITO RECUPERADOR HLRC/HLRC-3001.jpg,,,,FORD,F-250 Super Duty,V8 7.3L,1999 - 2003
HLRC-3001,Depósito de Anticongelante,FORD,,Depósito de Anticongelante,HLRC-3001,Cotizar,/IMAGENES  DEPOSITO RECUPERADOR HLRC/HLRC-3001.jpg,,,,FORD,F-350 Super Duty,V10 6.8L,1999 - 2004
HLRC-3001,Depósito de Anticongelante,FORD,,Depósito de Anticongelante,HLRC-3001,Cotizar,/IMAGENES  DEPOSITO RECUPERADOR HLRC/HLRC-3001.jpg,,,,FORD,F-350 Super Duty,V8 5.4L,1999 - 2004
HLRC-3001,Depósito de Anticongelante,FORD,,Depósito de Anticongelante,HLRC-3001,Cotizar,/IMAGENES  DEPOSITO RECUPERADOR HLRC/HLRC-3001.jpg,,,,FORD,F-350 Super Duty,V8 7.3L,1999 - 2003
HLRC-3001,Depósito de Anticongelante,FORD,,Depósito de Anticongelante,HLRC-3001,Cotizar,/IMAGENES  DEPOSITO RECUPERADOR HLRC/HLRC-3001.jpg,,,,FORD,F-450 Super Duty,V10 6.8L,1999 - 2004
HLRC-3001,Depósito de Anticongelante,FORD,,Depósito de Anticongelante,HLRC-3001,Cotizar,/IMAGENES  DEPOSITO RECUPERADOR HLRC/HLRC-3001.jpg,,,,FORD,F-450 Super Duty,V8 7.3L,1999 - 2003
HLRC-3001,Depósito de Anticongelante,FORD,,Depósito de Anticongelante,HLRC-3001,Cotizar,/IMAGENES  DEPOSITO RECUPERADOR HLRC/HLRC-3001.jpg,,,,FORD,F-550 Super Duty,V10 6.8L,1999 - 2004
HLRC-3001,Depósito de Anticongelante,FORD,,Depósito de Anticongelante,HLRC-3001,Cotizar,/IMAGENES  DEPOSITO RECUPERADOR HLRC/HLRC-3001.jpg,,,,FORD,F-550 Super Duty,V8 7.3L,1999 - 2003
HLRC-3002,Depósito de Anticongelante,FORD,,Depósito de Anticongelante,HLRC-3002,Cotizar,/IMAGENES  DEPOSITO RECUPERADOR HLRC/HLRC-3002.jpg,,,,FORD,EXPEDITION,V8 4.6L,1997 - 2002
HLRC-3002,Depósito de Anticongelante,FORD,,Depósito de Anticongelante,HLRC-3002,Cotizar,/IMAGENES  DEPOSITO RECUPERADOR HLRC/HLRC-3002.jpg,,,,FORD,EXPEDITION,V8 5.4L,1997 - 2002
HLRC-3002,Depósito de Anticongelante,FORD,,Depósito de Anticongelante,HLRC-3002,Cotizar,/IMAGENES  DEPOSITO RECUPERADOR HLRC/HLRC-3002.jpg,,,,FORD,F-150,V6 4.2L,1997 - 2003
HLRC-3002,Depósito de Anticongelante,FORD,,Depósito de Anticongelante,HLRC-3002,Cotizar,/IMAGENES  DEPOSITO RECUPERADOR HLRC/HLRC-3002.jpg,,,,FORD,F-150,V8 4.6L,1997 - 2003
HLRC-3002,Depósito de Anticongelante,FORD,,Depósito de Anticongelante,HLRC-3002,Cotizar,/IMAGENES  DEPOSITO RECUPERADOR HLRC/HLRC-3002.jpg,,,,FORD,F-150,V8 5.4L,1997 - 2003
HLRC-3002,Depósito de Anticongelante,FORD,,Depósito de Anticongelante,HLRC-3002,Cotizar,/IMAGENES  DEPOSITO RECUPERADOR HLRC/HLRC-3002.jpg,,,,FORD,F-250,V8 4.6L,1997 - 1999
HLRC-3002,Depósito de Anticongelante,FORD,,Depósito de Anticongelante,HLRC-3002,Cotizar,/IMAGENES  DEPOSITO RECUPERADOR HLRC/HLRC-3002.jpg,,,,FORD,F-250,V8 5.0L,1997 - 1997
HLRC-3002,Depósito de Anticongelante,FORD,,Depósito de Anticongelante,HLRC-3002,Cotizar,/IMAGENES  DEPOSITO RECUPERADOR HLRC/HLRC-3002.jpg,,,,FORD,F-250,V8 5.4L,1997 - 1999
HLRC-3002,Depósito de Anticongelante,FORD,,Depósito de Anticongelante,HLRC-3002,Cotizar,/IMAGENES  DEPOSITO RECUPERADOR HLRC/HLRC-3002.jpg,,,,FORD,F-250,V8 5.8L,1997 - 1997
HLRC-3002,Depósito de Anticongelante,FORD,,Depósito de Anticongelante,HLRC-3002,Cotizar,/IMAGENES  DEPOSITO RECUPERADOR HLRC/HLRC-3002.jpg,,,,FORD,F-250,V8 7.5L,1997 - 1997
HLRC-3002,Depósito de Anticongelante,LINCOLN,,Depósito de Anticongelante,HLRC-3002,Cotizar,/IMAGENES  DEPOSITO RECUPERADOR HLRC/HLRC-3002.jpg,,,,LINCOLN,BLACKWOOD,V8 5.4L,2002 - 2002
HLRC-3002,Depósito de Anticongelante,LINCOLN,,Depósito de Anticongelante,HLRC-3002,Cotizar,/IMAGENES  DEPOSITO RECUPERADOR HLRC/HLRC-3002.jpg,,,,LINCOLN,NAVIGATOR,V8 5.4L,1999 - 2002
HLRC-3003,Depósito de Anticongelante,FORD,,Depósito de Anticongelante,HLRC-3003,Cotizar,/IMAGENES  DEPOSITO RECUPERADOR HLRC/HLRC-3003.jpg,,,,FORD,EDGE,L4 2.0L,2012 - 2015
HLRC-3003,Depósito de Anticongelante,FORD,,Depósito de Anticongelante,HLRC-3003,Cotizar,/IMAGENES  DEPOSITO RECUPERADOR HLRC/HLRC-3003.jpg,,,,FORD,EDGE,V6 3.5L,2007 - 2014
HLRC-3003,Depósito de Anticongelante,FORD,,Depósito de Anticongelante,HLRC-3003,Cotizar,/IMAGENES  DEPOSITO RECUPERADOR HLRC/HLRC-3003.jpg,,,,FORD,EDGE,V6 3.7L,2011 - 2014
HLRC-3003,Depósito de Anticongelante,LINCOLN,,Depósito de Anticongelante,HLRC-3003,Cotizar,/IMAGENES  DEPOSITO RECUPERADOR HLRC/HLRC-3003.jpg,,,,LINCOLN,MKX,V6 3.5L,2008 - 2010
HLRC-3003,Depósito de Anticongelante,LINCOLN,,Depósito de Anticongelante,HLRC-3003,Cotizar,/IMAGENES  DEPOSITO RECUPERADOR HLRC/HLRC-3003.jpg,,,,LINCOLN,MKX,V6 3.7L,2011 - 2013
HLRC-3004,Depósito de Anticongelante,FORD,,Depósito de Anticongelante,HLRC-3004,Cotizar,/IMAGENES  DEPOSITO RECUPERADOR HLRC/HLRC-3004.jpg,,,,FORD,EXCURSION,V8 6.0L,2003 - 2005
HLRC-3004,Depósito de Anticongelante,FORD,,Depósito de Anticongelante,HLRC-3004,Cotizar,/IMAGENES  DEPOSITO RECUPERADOR HLRC/HLRC-3004.jpg,,,,FORD,F-250 Super Duty,V10 6.8L,2005 - 2007
HLRC-3004,Depósito de Anticongelante,FORD,,Depósito de Anticongelante,HLRC-3004,Cotizar,/IMAGENES  DEPOSITO RECUPERADOR HLRC/HLRC-3004.jpg,,,,FORD,F-250 Super Duty,V8 5.4L,2005 - 2007
HLRC-3004,Depósito de Anticongelante,FORD,,Depósito de Anticongelante,HLRC-3004,Cotizar,/IMAGENES  DEPOSITO RECUPERADOR HLRC/HLRC-3004.jpg,,,,FORD,F-250 Super Duty,V8 6.0L,2003 - 2007
HLRC-3004,Depósito de Anticongelante,FORD,,Depósito de Anticongelante,HLRC-3004,Cotizar,/IMAGENES  DEPOSITO RECUPERADOR HLRC/HLRC-3004.jpg,,,,FORD,F-350 Super Duty,V10 6.8L,2005 - 2007
HLRC-3004,Depósito de Anticongelante,FORD,,Depósito de Anticongelante,HLRC-3004,Cotizar,/IMAGENES  DEPOSITO RECUPERADOR HLRC/HLRC-3004.jpg,,,,FORD,F-350 Super Duty,V8 5.4L,2005 - 2007
HLRC-3004,Depósito de Anticongelante,FORD,,Depósito de Anticongelante,HLRC-3004,Cotizar,/IMAGENES  DEPOSITO RECUPERADOR HLRC/HLRC-3004.jpg,,,,FORD,F-350 Super Duty,V8 6.0L,2003 - 2007
HLRC-3004,Depósito de Anticongelante,FORD,,Depósito de Anticongelante,HLRC-3004,Cotizar,/IMAGENES  DEPOSITO RECUPERADOR HLRC/HLRC-3004.jpg,,,,FORD,F-450 Super Duty,V10 6.8L,2005 - 2007
HLRC-3004,Depósito de Anticongelante,FORD,,Depósito de Anticongelante,HLRC-3004,Cotizar,/IMAGENES  DEPOSITO RECUPERADOR HLRC/HLRC-3004.jpg,,,,FORD,F-450 Super Duty,V8 6.0L,2003 - 2007
HLRC-3004,Depósito de Anticongelante,FORD,,Depósito de Anticongelante,HLRC-3004,Cotizar,/IMAGENES  DEPOSITO RECUPERADOR HLRC/HLRC-3004.jpg,,,,FORD,F-550 Super Duty,V10 6.8L,2005 - 2007
HLRC-3004,Depósito de Anticongelante,FORD,,Depósito de Anticongelante,HLRC-3004,Cotizar,/IMAGENES  DEPOSITO RECUPERADOR HLRC/HLRC-3004.jpg,,,,FORD,F-550 Super Duty,V8 6.0L,2003 - 2007
HLRC-3005,Depósito de Anticongelante,FORD,,Depósito de Anticongelante,HLRC-3005,Cotizar,/IMAGENES  DEPOSITO RECUPERADOR HLRC/HLRC-3005.jpg,,,,FORD,FUSION,L4 2.3L,2006 - 2009
HLRC-3005,Depósito de Anticongelante,FORD,,Depósito de Anticongelante,HLRC-3005,Cotizar,/IMAGENES  DEPOSITO RECUPERADOR HLRC/HLRC-3005.jpg,,,,FORD,FUSION,V6 3.0L,2006 - 2009
HLRC-3005,Depósito de Anticongelante,LINCOLN,,Depósito de Anticongelante,HLRC-3005,Cotizar,/IMAGENES  DEPOSITO RECUPERADOR HLRC/HLRC-3005.jpg,,,,LINCOLN,ZEPHYR,V6 3.0L,2006 - 2006
HLRC-3005,Depósito de Anticongelante,MERCURY,,Depósito de Anticongelante,HLRC-3005,Cotizar,/IMAGENES  DEPOSITO RECUPERADOR HLRC/HLRC-3005.jpg,,,,MERCURY,MILAN,L4 2.3L,2006 - 2009
HLRC-3005,Depósito de Anticongelante,MERCURY,,Depósito de Anticongelante,HLRC-3005,Cotizar,/IMAGENES  DEPOSITO RECUPERADOR HLRC/HLRC-3005.jpg,,,,MERCURY,MILAN,V6 3.0L,2006 - 2009
HLRC-3006,Depósito de Anticongelante,FORD,,Depósito de Anticongelante,HLRC-3006,Cotizar,/IMAGENES  DEPOSITO RECUPERADOR HLRC/HLRC-3006.jpg,,,,FORD,EXPEDITION,V8 4.6L,2003 - 2004
HLRC-3006,Depósito de Anticongelante,FORD,,Depósito de Anticongelante,HLRC-3006,Cotizar,/IMAGENES  DEPOSITO RECUPERADOR HLRC/HLRC-3006.jpg,,,,FORD,EXPEDITION,V8 5.4L,2003 - 2006
HLRC-3006,Depósito de Anticongelante,FORD,,Depósito de Anticongelante,HLRC-3006,Cotizar,/IMAGENES  DEPOSITO RECUPERADOR HLRC/HLRC-3006.jpg,,,,FORD,F-150,V6 4.2L,2005 - 2008
HLRC-3006,Depósito de Anticongelante,FORD,,Depósito de Anticongelante,HLRC-3006,Cotizar,/IMAGENES  DEPOSITO RECUPERADOR HLRC/HLRC-3006.jpg,,,,FORD,F-150,V8 4.6L,2004 - 2010
HLRC-3006,Depósito de Anticongelante,FORD,,Depósito de Anticongelante,HLRC-3006,Cotizar,/IMAGENES  DEPOSITO RECUPERADOR HLRC/HLRC-3006.jpg,,,,FORD,F-150,V8 5.4L,2004 - 2010
HLRC-3006,Depósito de Anticongelante,FORD,,Depósito de Anticongelante,HLRC-3006,Cotizar,/IMAGENES  DEPOSITO RECUPERADOR HLRC/HLRC-3006.jpg,,,,FORD,F-150,V8 6.2L,2010 - 2010
HLRC-3006,Depósito de Anticongelante,LINCOLN,,Depósito de Anticongelante,HLRC-3006,Cotizar,/IMAGENES  DEPOSITO RECUPERADOR HLRC/HLRC-3006.jpg,,,,LINCOLN,MARK LT,V8 5.4L,2006 - 2008
HLRC-3006,Depósito de Anticongelante,LINCOLN,,Depósito de Anticongelante,HLRC-3006,Cotizar,/IMAGENES  DEPOSITO RECUPERADOR HLRC/HLRC-3006.jpg,,,,LINCOLN,NAVIGATOR,V8 5.4L,2003 - 2006
HLRC-3007,Depósito de Anticongelante,FORD,,Depósito de Anticongelante,HLRC-3007,Cotizar,/IMAGENES  DEPOSITO RECUPERADOR HLRC/HLRC-3007.jpg,,,,FORD,LOBO,V8 5.0L,2015-2018
HLRC-3007,Depósito de Anticongelante,FORD,,Depósito de Anticongelante,HLRC-3007,Cotizar,/IMAGENES  DEPOSITO RECUPERADOR HLRC/HLRC-3007.jpg,,,,FORD,F-150,V6 2.7L,2015-2021
HLRC-3007,Depósito de Anticongelante,FORD,,Depósito de Anticongelante,HLRC-3007,Cotizar,/IMAGENES  DEPOSITO RECUPERADOR HLRC/HLRC-3007.jpg,,,,FORD,F-150,V6 3.5L,2015-2021
HLRC-3007,Depósito de Anticongelante,FORD,,Depósito de Anticongelante,HLRC-3007,Cotizar,/IMAGENES  DEPOSITO RECUPERADOR HLRC/HLRC-3007.jpg,,,,FORD,F-150,V8 5.0L,2015-2021
HLRC-3007,Depósito de Anticongelante,FORD,,Depósito de Anticongelante,HLRC-3007,Cotizar,/IMAGENES  DEPOSITO RECUPERADOR HLRC/HLRC-3007.jpg,,,,FORD,LOBO,V6 3.5L,2016-2018
HLRC-3007,Depósito de Anticongelante,FORD,,Depósito de Anticongelante,HLRC-3007,Cotizar,/IMAGENES  DEPOSITO RECUPERADOR HLRC/HLRC-3007.jpg,,,,FORD,EXPEDITION,V6 3.5L,2018-2021
HLRC-3007,Depósito de Anticongelante,FORD,,Depósito de Anticongelante,HLRC-3007,Cotizar,/IMAGENES  DEPOSITO RECUPERADOR HLRC/HLRC-3007.jpg,,,,FORD,F-150,V6 3.3L,2018-2021
HLRC-3007,Depósito de Anticongelante,LINCOLN,,Depósito de Anticongelante,HLRC-3007,Cotizar,/IMAGENES  DEPOSITO RECUPERADOR HLRC/HLRC-3007.jpg,,,,LINCOLN,NAVIGATOR,V6 3.5L,2018-2021
HLRC-3008,Depósito de Anticongelante,FORD,,Depósito de Anticongelante,HLRC-3008,Cotizar,/IMAGENES  DEPOSITO RECUPERADOR HLRC/HLRC-3008.jpg,,,,FORD,EXPLORER,V6 4.0L,1995 - 2002
HLRC-3008,Depósito de Anticongelante,FORD,,Depósito de Anticongelante,HLRC-3008,Cotizar,/IMAGENES  DEPOSITO RECUPERADOR HLRC/HLRC-3008.jpg,,,,FORD,EXPLORER,V8 5.0L,1996 - 2001
HLRC-3008,Depósito de Anticongelante,FORD,,Depósito de Anticongelante,HLRC-3008,Cotizar,/IMAGENES  DEPOSITO RECUPERADOR HLRC/HLRC-3008.jpg,,,,FORD,EXPLORER SPORT TRAC,V6 4.0L,2001 - 2005
HLRC-3008,Depósito de Anticongelante,FORD,,Depósito de Anticongelante,HLRC-3008,Cotizar,/IMAGENES  DEPOSITO RECUPERADOR HLRC/HLRC-3008.jpg,,,,FORD,RANGER,L4 2.3L,1995 - 1997
HLRC-3008,Depósito de Anticongelante,FORD,,Depósito de Anticongelante,HLRC-3008,Cotizar,/IMAGENES  DEPOSITO RECUPERADOR HLRC/HLRC-3008.jpg,,,,FORD,RANGER,L4 2.5L,1998 - 2001
HLRC-3008,Depósito de Anticongelante,FORD,,Depósito de Anticongelante,HLRC-3008,Cotizar,/IMAGENES  DEPOSITO RECUPERADOR HLRC/HLRC-3008.jpg,,,,FORD,RANGER,V6 3.0L,1995 - 2008
HLRC-3008,Depósito de Anticongelante,FORD,,Depósito de Anticongelante,HLRC-3008,Cotizar,/IMAGENES  DEPOSITO RECUPERADOR HLRC/HLRC-3008.jpg,,,,FORD,RANGER,V6 4.0L,1995 - 2011
HLRC-3008,Depósito de Anticongelante,MERCURY,,Depósito de Anticongelante,HLRC-3008,Cotizar,/IMAGENES  DEPOSITO RECUPERADOR HLRC/HLRC-3008.jpg,,,,MERCURY,MOUNTAINEER,V6 4.0L,1998 - 2001
HLRC-3008,Depósito de Anticongelante,MERCURY,,Depósito de Anticongelante,HLRC-3008,Cotizar,/IMAGENES  DEPOSITO RECUPERADOR HLRC/HLRC-3008.jpg,,,,MERCURY,MOUNTAINEER,V8 5.0L,1997 - 2001
HLRC-3009,Depósito de Anticongelante,FORD,,Depósito de Anticongelante,HLRC-3009,Cotizar,/IMAGENES  DEPOSITO RECUPERADOR HLRC/HLRC-3009.jpg,,,,FORD,EXPLORER,V6 4.0L,2002 - 2005
HLRC-3009,Depósito de Anticongelante,FORD,,Depósito de Anticongelante,HLRC-3009,Cotizar,/IMAGENES  DEPOSITO RECUPERADOR HLRC/HLRC-3009.jpg,,,,FORD,EXPLORER,V8 4.6L,2002 - 2005
HLRC-3009,Depósito de Anticongelante,MERCURY,,Depósito de Anticongelante,HLRC-3009,Cotizar,/IMAGENES  DEPOSITO RECUPERADOR HLRC/HLRC-3009.jpg,,,,MERCURY,MOUNTAINEER,V6 4.0L,2002 - 2005
HLRC-3009,Depósito de Anticongelante,MERCURY,,Depósito de Anticongelante,HLRC-3009,Cotizar,/IMAGENES  DEPOSITO RECUPERADOR HLRC/HLRC-3009.jpg,,,,MERCURY,MOUNTAINEER,V8 4.6L,2002 - 2005
HLRC-3010,Depósito de Anticongelante,FORD,,Depósito de Anticongelante,HLRC-3010,Cotizar,/IMAGENES  DEPOSITO RECUPERADOR HLRC/HLRC-3010.jpg,,,,FORD,TAURUS,V6 3.0L,1996 - 2005
HLRC-3010,Depósito de Anticongelante,MERCURY,,Depósito de Anticongelante,HLRC-3010,Cotizar,/IMAGENES  DEPOSITO RECUPERADOR HLRC/HLRC-3010.jpg,,,,MERCURY,SABLE,V6 3.0L,1996 - 2005
HLRC-3011,Depósito de Anticongelante,FORD,,Depósito de Anticongelante,HLRC-3011,Cotizar,/IMAGENES  DEPOSITO RECUPERADOR HLRC/HLRC-3011.jpg,,,,FORD,FOCUS,L4 2.0L,2000 - 2007
HLRC-3011,Depósito de Anticongelante,FORD,,Depósito de Anticongelante,HLRC-3011,Cotizar,/IMAGENES  DEPOSITO RECUPERADOR HLRC/HLRC-3011.jpg,,,,FORD,FOCUS,L4 2.3L,2003 - 2007
HLRC-3012,Depósito de Anticongelante,MAZDA,,Depósito de Anticongelante,HLRC-3012,Cotizar,/IMAGENES  DEPOSITO RECUPERADOR HLRC/HLRC-3012.jpg,,,,MAZDA,6,L4 2.3L,2003 - 2008
HLRC-3013,Depósito de Anticongelante,CHEVROLET,,Depósito de Anticongelante,HLRC-3013,Cotizar,/IMAGENES  DEPOSITO RECUPERADOR HLRC/HLRC-3013.jpg,,,,CHEVROLET,ASTRA,L4 1.8L,2000 - 2003
HLRC-3013,Depósito de Anticongelante,CHEVROLET,,Depósito de Anticongelante,HLRC-3013,Cotizar,/IMAGENES  DEPOSITO RECUPERADOR HLRC/HLRC-3013.jpg,,,,CHEVROLET,ASTRA,L4 2.2L,2000 - 2004
HLRC-3013,Depósito de Anticongelante,CHEVROLET,,Depósito de Anticongelante,HLRC-3013,Cotizar,/IMAGENES  DEPOSITO RECUPERADOR HLRC/HLRC-3013.jpg,,,,CHEVROLET,ZAFIRA,L4 1.8L,2002 - 2006
HLRC-3014,Depósito de Anticongelante,VOLKSWAGEN,,Depósito de Anticongelante,HLRC-3014,Cotizar,/IMAGENES  DEPOSITO RECUPERADOR HLRC/HLRC-3014.jpg,,,,VOLKSWAGEN,CARAVELLE,L4 1.8L,1990 - 1996
HLRC-3014,Depósito de Anticongelante,VOLKSWAGEN,,Depósito de Anticongelante,HLRC-3014,Cotizar,/IMAGENES  DEPOSITO RECUPERADOR HLRC/HLRC-3014.jpg,,,,VOLKSWAGEN,COMBI,L4 1.8L,1990 - 2001
HLRC-3014,Depósito de Anticongelante,VOLKSWAGEN,,Depósito de Anticongelante,HLRC-3014,Cotizar,/IMAGENES  DEPOSITO RECUPERADOR HLRC/HLRC-3014.jpg,,,,VOLKSWAGEN,VANAGON,L4 2.1L,1986 - 1991
HLRC-3015,Depósito de Anticongelante,AUDI,,Depósito de Anticongelante,HLRC-3015,Cotizar,/IMAGENES  DEPOSITO RECUPERADOR HLRC/HLRC-3015.jpg,,,,AUDI,A1,L4 1.4L,2011 - 2018
HLRC-3015,Depósito de Anticongelante,SEAT,,Depósito de Anticongelante,HLRC-3015,Cotizar,/IMAGENES  DEPOSITO RECUPERADOR HLRC/HLRC-3015.jpg,,,,SEAT,CORDOBA,L4 1.6L,2001 - 2009
HLRC-3015,Depósito de Anticongelante,SEAT,,Depósito de Anticongelante,HLRC-3015,Cotizar,/IMAGENES  DEPOSITO RECUPERADOR HLRC/HLRC-3015.jpg,,,,SEAT,CORDOBA,L4 2.0L,2003 - 2009
HLRC-3015,Depósito de Anticongelante,SEAT,,Depósito de Anticongelante,HLRC-3015,Cotizar,/IMAGENES  DEPOSITO RECUPERADOR HLRC/HLRC-3015.jpg,,,,SEAT,IBIZA,L4 1.2L,2013 - 2017
HLRC-3015,Depósito de Anticongelante,SEAT,,Depósito de Anticongelante,HLRC-3015,Cotizar,/IMAGENES  DEPOSITO RECUPERADOR HLRC/HLRC-3015.jpg,,,,SEAT,IBIZA,L4 1.4L,2011 - 2015
HLRC-3015,Depósito de Anticongelante,SEAT,,Depósito de Anticongelante,HLRC-3015,Cotizar,/IMAGENES  DEPOSITO RECUPERADOR HLRC/HLRC-3015.jpg,,,,SEAT,IBIZA,L4 1.6L,2001 - 2020
HLRC-3015,Depósito de Anticongelante,SEAT,,Depósito de Anticongelante,HLRC-3015,Cotizar,/IMAGENES  DEPOSITO RECUPERADOR HLRC/HLRC-3015.jpg,,,,SEAT,IBIZA,L4 1.8L,2005 - 2008
HLRC-3015,Depósito de Anticongelante,SEAT,,Depósito de Anticongelante,HLRC-3015,Cotizar,/IMAGENES  DEPOSITO RECUPERADOR HLRC/HLRC-3015.jpg,,,,SEAT,IBIZA,L4 2.0L,2003 - 2015
HLRC-3015,Depósito de Anticongelante,SEAT,,Depósito de Anticongelante,HLRC-3015,Cotizar,/IMAGENES  DEPOSITO RECUPERADOR HLRC/HLRC-3015.jpg,,,,SEAT,TOLEDO,L4 1.2L,2013 - 2017
HLRC-3015,Depósito de Anticongelante,SEAT,,Depósito de Anticongelante,HLRC-3015,Cotizar,/IMAGENES  DEPOSITO RECUPERADOR HLRC/HLRC-3015.jpg,,,,SEAT,TOLEDO,L4 1.4L,2013 - 2019
HLRC-3015,Depósito de Anticongelante,SEAT,,Depósito de Anticongelante,HLRC-3015,Cotizar,/IMAGENES  DEPOSITO RECUPERADOR HLRC/HLRC-3015.jpg,,,,SEAT,TOLEDO,L4 1.6L,2012 - 2019
HLRC-3015,Depósito de Anticongelante,VOLKSWAGEN,,Depósito de Anticongelante,HLRC-3015,Cotizar,/IMAGENES  DEPOSITO RECUPERADOR HLRC/HLRC-3015.jpg,,,,VOLKSWAGEN,CABRIO,L4 2.0L,2001 - 2001
HLRC-3015,Depósito de Anticongelante,VOLKSWAGEN,,Depósito de Anticongelante,HLRC-3015,Cotizar,/IMAGENES  DEPOSITO RECUPERADOR HLRC/HLRC-3015.jpg,,,,VOLKSWAGEN,CROSSFOX,L4 1.6L,2007 - 2009
HLRC-3015,Depósito de Anticongelante,VOLKSWAGEN,,Depósito de Anticongelante,HLRC-3015,Cotizar,/IMAGENES  DEPOSITO RECUPERADOR HLRC/HLRC-3015.jpg,,,,VOLKSWAGEN,LUPO,L4 1.6L,2005 - 2009
HLRC-3015,Depósito de Anticongelante,VOLKSWAGEN,,Depósito de Anticongelante,HLRC-3015,Cotizar,/IMAGENES  DEPOSITO RECUPERADOR HLRC/HLRC-3015.jpg,,,,VOLKSWAGEN,POLO,L4 1.2L,2013 - 2017
HLRC-3015,Depósito de Anticongelante,VOLKSWAGEN,,Depósito de Anticongelante,HLRC-3015,Cotizar,/IMAGENES  DEPOSITO RECUPERADOR HLRC/HLRC-3015.jpg,,,,VOLKSWAGEN,POLO,L4 1.4L,2013 - 2014
HLRC-3015,Depósito de Anticongelante,VOLKSWAGEN,,Depósito de Anticongelante,HLRC-3015,Cotizar,/IMAGENES  DEPOSITO RECUPERADOR HLRC/HLRC-3015.jpg,,,,VOLKSWAGEN,POLO,L4 1.6L,2015 - 2020
HLRC-3015,Depósito de Anticongelante,VOLKSWAGEN,,Depósito de Anticongelante,HLRC-3015,Cotizar,/IMAGENES  DEPOSITO RECUPERADOR HLRC/HLRC-3015.jpg,,,,VOLKSWAGEN,POLO,L4 2.0L,2003 - 2007
HLRC-3015,Depósito de Anticongelante,VOLKSWAGEN,,Depósito de Anticongelante,HLRC-3015,Cotizar,/IMAGENES  DEPOSITO RECUPERADOR HLRC/HLRC-3015.jpg,,,,VOLKSWAGEN,SPORTVAN,L4 1.6L,2006 - 2010
HLRC-3015,Depósito de Anticongelante,VOLKSWAGEN,,Depósito de Anticongelante,HLRC-3015,Cotizar,/IMAGENES  DEPOSITO RECUPERADOR HLRC/HLRC-3015.jpg,,,,VOLKSWAGEN,VENTO,L4 1.5L,2016 - 2018
HLRC-3015,Depósito de Anticongelante,VOLKSWAGEN,,Depósito de Anticongelante,HLRC-3015,Cotizar,/IMAGENES  DEPOSITO RECUPERADOR HLRC/HLRC-3015.jpg,,,,VOLKSWAGEN,VENTO,L4 1.6L,2014 - 2022
HLRC-3016,Depósito de Anticongelante,PEUGEOT,,Depósito de Anticongelante,HLRC-3016,Cotizar,/IMAGENES  DEPOSITO RECUPERADOR HLRC/HLRC-3016.jpg,,,,PEUGEOT,307,L4 2.0L,2003 - 2009
HLRC-3017,Depósito de Anticongelante,PEUGEOT,,Depósito de Anticongelante,HLRC-3017,Cotizar,/IMAGENES  DEPOSITO RECUPERADOR HLRC/HLRC-3017.jpg,,,,PEUGEOT,206,L4 1.4L,2000 - 2008
HLRC-3017,Depósito de Anticongelante,PEUGEOT,,Depósito de Anticongelante,HLRC-3017,Cotizar,/IMAGENES  DEPOSITO RECUPERADOR HLRC/HLRC-3017.jpg,,,,PEUGEOT,206,L4 1.6L,2001 - 2009
HLRC-3018,Depósito de Anticongelante,PEUGEOT,,Depósito de Anticongelante,HLRC-3018,Cotizar,/IMAGENES  DEPOSITO RECUPERADOR HLRC/HLRC-3018.jpg,,,,PEUGEOT,PARTNER,L4 1.6L,2001 - 2009
HLRC-3019,Depósito de Anticongelante,PEUGEOT,,Depósito de Anticongelante,HLRC-3019,Cotizar,/IMAGENES  DEPOSITO RECUPERADOR HLRC/HLRC-3019.jpg,,,,PEUGEOT,207,L4 1.4L,2008 - 2011
HLRC-3020,Depósito de Anticongelante,PEUGEOT,,Depósito de Anticongelante,HLRC-3020,Cotizar,/IMAGENES  DEPOSITO RECUPERADOR HLRC/HLRC-3020.jpg,,,,PEUGEOT,PARTNER,L4 1.6L,2009 - 2017
HLRC-3021,Depósito de Anticongelante,BMW,,Depósito de Anticongelante,HLRC-3021,Cotizar,/IMAGENES  DEPOSITO RECUPERADOR HLRC/HLRC-3021.jpg,,,,BMW,X5,V8 4.4L,2000 - 2003
HLRC-3021,Depósito de Anticongelante,BMW,,Depósito de Anticongelante,HLRC-3021,Cotizar,/IMAGENES  DEPOSITO RECUPERADOR HLRC/HLRC-3021.jpg,,,,BMW,X5,V8 4.6L,2002 - 2003
HLRC-3021,Depósito de Anticongelante,BMW,,Depósito de Anticongelante,HLRC-3021,Cotizar,/IMAGENES  DEPOSITO RECUPERADOR HLRC/HLRC-3021.jpg,,,,BMW,Z3,L6 2.5L,1999 - 2002
HLRC-3021,Depósito de Anticongelante,BMW,,Depósito de Anticongelante,HLRC-3021,Cotizar,/IMAGENES  DEPOSITO RECUPERADOR HLRC/HLRC-3021.jpg,,,,BMW,Z3,L6 2.8L,1999 - 2000
HLRC-3021,Depósito de Anticongelante,BMW,,Depósito de Anticongelante,HLRC-3021,Cotizar,/IMAGENES  DEPOSITO RECUPERADOR HLRC/HLRC-3021.jpg,,,,BMW,Z3,L6 3.0L,2001 - 2002
HLRC-3022,Depósito de Anticongelante,BMW,,Depósito de Anticongelante,HLRC-3022,Cotizar,/IMAGENES  DEPOSITO RECUPERADOR HLRC/HLRC-3022.jpg,,,,BMW,323Ci,L6 2.5L,2000 - 2000
HLRC-3022,Depósito de Anticongelante,BMW,,Depósito de Anticongelante,HLRC-3022,Cotizar,/IMAGENES  DEPOSITO RECUPERADOR HLRC/HLRC-3022.jpg,,,,BMW,323i,L6 2.5L,1999 - 2000
HLRC-3022,Depósito de Anticongelante,BMW,,Depósito de Anticongelante,HLRC-3022,Cotizar,/IMAGENES  DEPOSITO RECUPERADOR HLRC/HLRC-3022.jpg,,,,BMW,323iS,L6 2.5L,1998 - 1999
HLRC-3022,Depósito de Anticongelante,BMW,,Depósito de Anticongelante,HLRC-3022,Cotizar,/IMAGENES  DEPOSITO RECUPERADOR HLRC/HLRC-3022.jpg,,,,BMW,325Ci,L6 2.5L,2001 - 2006
HLRC-3022,Depósito de Anticongelante,BMW,,Depósito de Anticongelante,HLRC-3022,Cotizar,/IMAGENES  DEPOSITO RECUPERADOR HLRC/HLRC-3022.jpg,,,,BMW,325i,L6 2.5L,2001 - 2005
HLRC-3022,Depósito de Anticongelante,BMW,,Depósito de Anticongelante,HLRC-3022,Cotizar,/IMAGENES  DEPOSITO RECUPERADOR HLRC/HLRC-3022.jpg,,,,BMW,325Xi,L6 2.5L,2001 - 2005
HLRC-3022,Depósito de Anticongelante,BMW,,Depósito de Anticongelante,HLRC-3022,Cotizar,/IMAGENES  DEPOSITO RECUPERADOR HLRC/HLRC-3022.jpg,,,,BMW,328Ci,L6 2.8L,2000 - 2000
HLRC-3022,Depósito de Anticongelante,BMW,,Depósito de Anticongelante,HLRC-3022,Cotizar,/IMAGENES  DEPOSITO RECUPERADOR HLRC/HLRC-3022.jpg,,,,BMW,328i,L6 2.8L,1999 - 2000
HLRC-3022,Depósito de Anticongelante,BMW,,Depósito de Anticongelante,HLRC-3022,Cotizar,/IMAGENES  DEPOSITO RECUPERADOR HLRC/HLRC-3022.jpg,,,,BMW,328iS,L6 2.8L,1999 - 1999
HLRC-3022,Depósito de Anticongelante,BMW,,Depósito de Anticongelante,HLRC-3022,Cotizar,/IMAGENES  DEPOSITO RECUPERADOR HLRC/HLRC-3022.jpg,,,,BMW,330Ci,L6 3.0L,2001 - 2006
HLRC-3022,Depósito de Anticongelante,BMW,,Depósito de Anticongelante,HLRC-3022,Cotizar,/IMAGENES  DEPOSITO RECUPERADOR HLRC/HLRC-3022.jpg,,,,BMW,330i,L6 3.0L,2001 - 2005
HLRC-3022,Depósito de Anticongelante,BMW,,Depósito de Anticongelante,HLRC-3022,Cotizar,/IMAGENES  DEPOSITO RECUPERADOR HLRC/HLRC-3022.jpg,,,,BMW,330Xi,L6 3.0L,2001 - 2005
HLRC-3022,Depósito de Anticongelante,BMW,,Depósito de Anticongelante,HLRC-3022,Cotizar,/IMAGENES  DEPOSITO RECUPERADOR HLRC/HLRC-3022.jpg,,,,BMW,X3,L6 2.5L,2004 - 2005
HLRC-3022,Depósito de Anticongelante,BMW,,Depósito de Anticongelante,HLRC-3022,Cotizar,/IMAGENES  DEPOSITO RECUPERADOR HLRC/HLRC-3022.jpg,,,,BMW,X3,L6 3.0L,2004 - 2010
HLRC-3022,Depósito de Anticongelante,BMW,,Depósito de Anticongelante,HLRC-3022,Cotizar,/IMAGENES  DEPOSITO RECUPERADOR HLRC/HLRC-3022.jpg,,,,BMW,X5,L6 3.0L,2001 - 2006
HLRC-3023,Depósito de Anticongelante,NISSAN,,Depósito de Anticongelante,HLRC-3023,Cotizar,/IMAGENES  DEPOSITO RECUPERADOR HLRC/HLRC-3023.jpg,,,,NISSAN,KICKS,L4 1.6L,2017-2024
HLRC-3023,Depósito de Anticongelante,NISSAN,,Depósito de Anticongelante,HLRC-3023,Cotizar,/IMAGENES  DEPOSITO RECUPERADOR HLRC/HLRC-3023.jpg,,,,NISSAN,VERSA,L4 1.6L,2020-2025
HLRC-3024,Depósito de Anticongelante,VOLKSWAGEN,,Depósito de Anticongelante,HLRC-3024,Cotizar,/IMAGENES  DEPOSITO RECUPERADOR HLRC/HLRC-3024.jpg,,,,VOLKSWAGEN,UP!,L3 1.0L,2016-2018
HLRC-3025,Depósito de Anticongelante,FORD,,Depósito de Anticongelante,HLRC-3025,Cotizar,/IMAGENES  DEPOSITO RECUPERADOR HLRC/HLRC-3025.jpg,,,,FORD,FIGO ,1.5L,2019-2022
HLRC-3026,Depósito de Anticongelante,CHEVROLET,,Depósito de Anticongelante,HLRC-3026,Cotizar,/IMAGENES  DEPOSITO RECUPERADOR HLRC/HLRC-3026.jpg,,,,CHEVROLET,BEAT,L4 1.2L,2018 - 2018
HLRC-3026,Depósito de Anticongelante,CHEVROLET,,Depósito de Anticongelante,HLRC-3026,Cotizar,/IMAGENES  DEPOSITO RECUPERADOR HLRC/HLRC-3026.jpg,,,,CHEVROLET,SPARK,L4 1.2L,2011 - 2016
HLRC-3027,Depósito de Anticongelante,CHEVROLET,,Depósito de Anticongelante,HLRC-3027,Cotizar,/IMAGENES  DEPOSITO RECUPERADOR HLRC/HLRC-3027.jpg,,,,CHEVROLET,TORNADO,L4 1.8L,2012 - 2017
HLRC-3028,Depósito de Anticongelante,BUICK,,Depósito de Anticongelante,HLRC-3028,Cotizar,/IMAGENES  DEPOSITO RECUPERADOR HLRC/HLRC-3028.jpg,,,,BUICK,ENCORE,L4 1.4L,2013 - 2017
HLRC-3028,Depósito de Anticongelante,CHEVROLET,,Depósito de Anticongelante,HLRC-3028,Cotizar,/IMAGENES  DEPOSITO RECUPERADOR HLRC/HLRC-3028.jpg,,,,CHEVROLET,TRAX,L4 1.4L,2015 - 2017
HLRC-3028,Depósito de Anticongelante,CHEVROLET,,Depósito de Anticongelante,HLRC-3028,Cotizar,/IMAGENES  DEPOSITO RECUPERADOR HLRC/HLRC-3028.jpg,,,,CHEVROLET,TRAX,L4 1.8L,2013 - 2017
HLRC-3029,Depósito de Anticongelante,CADILLAC,,Depósito de Anticongelante,HLRC-3029,Cotizar,/IMAGENES  DEPOSITO RECUPERADOR HLRC/HLRC-3029.jpg,,,,CADILLAC,DEVILLE,V8 4.6L,1994 - 1999
HLRC-3029,Depósito de Anticongelante,CADILLAC,,Depósito de Anticongelante,HLRC-3029,Cotizar,/IMAGENES  DEPOSITO RECUPERADOR HLRC/HLRC-3029.jpg,,,,CADILLAC,DEVILLE,V8 4.9L,1994 - 1995
HLRC-3029,Depósito de Anticongelante,CADILLAC,,Depósito de Anticongelante,HLRC-3029,Cotizar,/IMAGENES  DEPOSITO RECUPERADOR HLRC/HLRC-3029.jpg,,,,CADILLAC,EL DORADO,V8 4.6L,1993 - 2002
HLRC-3029,Depósito de Anticongelante,CADILLAC,,Depósito de Anticongelante,HLRC-3029,Cotizar,/IMAGENES  DEPOSITO RECUPERADOR HLRC/HLRC-3029.jpg,,,,CADILLAC,SEVILLE,V8 4.6L,1993 - 1997
HLRC-3030,Depósito de Anticongelante,BUICK,,Depósito de Anticongelante,HLRC-3030,Cotizar,/IMAGENES  DEPOSITO RECUPERADOR HLRC/HLRC-3030.jpg,,,,BUICK,RENDEZVOUS,V6 3.4L,2002 - 2005
HLRC-3030,Depósito de Anticongelante,BUICK,,Depósito de Anticongelante,HLRC-3030,Cotizar,/IMAGENES  DEPOSITO RECUPERADOR HLRC/HLRC-3030.jpg,,,,BUICK,RENDEZVOUS,V6 3.5L,2006 - 2006
HLRC-3030,Depósito de Anticongelante,BUICK,,Depósito de Anticongelante,HLRC-3030,Cotizar,/IMAGENES  DEPOSITO RECUPERADOR HLRC/HLRC-3030.jpg,,,,BUICK,RENDEZVOUS,V6 3.6L,2004 - 2006
HLRC-3030,Depósito de Anticongelante,BUICK,,Depósito de Anticongelante,HLRC-3030,Cotizar,/IMAGENES  DEPOSITO RECUPERADOR HLRC/HLRC-3030.jpg,,,,BUICK,TERRAZA,V6 3.5L,2005 - 2006
HLRC-3030,Depósito de Anticongelante,BUICK,,Depósito de Anticongelante,HLRC-3030,Cotizar,/IMAGENES  DEPOSITO RECUPERADOR HLRC/HLRC-3030.jpg,,,,BUICK,TERRAZA,V6 3.9L,2006 - 2007
HLRC-3030,Depósito de Anticongelante,CHEVROLET,,Depósito de Anticongelante,HLRC-3030,Cotizar,/IMAGENES  DEPOSITO RECUPERADOR HLRC/HLRC-3030.jpg,,,,CHEVROLET,UPLANDER,V6 3.5L,2005 - 2006
HLRC-3030,Depósito de Anticongelante,CHEVROLET,,Depósito de Anticongelante,HLRC-3030,Cotizar,/IMAGENES  DEPOSITO RECUPERADOR HLRC/HLRC-3030.jpg,,,,CHEVROLET,UPLANDER,V6 3.9L,2006 - 2008
HLRC-3030,Depósito de Anticongelante,CHEVROLET,,Depósito de Anticongelante,HLRC-3030,Cotizar,/IMAGENES  DEPOSITO RECUPERADOR HLRC/HLRC-3030.jpg,,,,CHEVROLET,VENTURE,V6 3.4L,1997 - 2005
HLRC-3030,Depósito de Anticongelante,OLDSMOBILE,,Depósito de Anticongelante,HLRC-3030,Cotizar,/IMAGENES  DEPOSITO RECUPERADOR HLRC/HLRC-3030.jpg,,,,OLDSMOBILE,SILHOUETTE,V6 3.4L,1997 - 2004
HLRC-3030,Depósito de Anticongelante,PONTIAC,,Depósito de Anticongelante,HLRC-3030,Cotizar,/IMAGENES  DEPOSITO RECUPERADOR HLRC/HLRC-3030.jpg,,,,PONTIAC,AZTEK,V6 3.4L,2001 - 2005
HLRC-3030,Depósito de Anticongelante,PONTIAC,,Depósito de Anticongelante,HLRC-3030,Cotizar,/IMAGENES  DEPOSITO RECUPERADOR HLRC/HLRC-3030.jpg,,,,PONTIAC,MONTANA,V6 3.4L,1999 - 2005
HLRC-3030,Depósito de Anticongelante,PONTIAC,,Depósito de Anticongelante,HLRC-3030,Cotizar,/IMAGENES  DEPOSITO RECUPERADOR HLRC/HLRC-3030.jpg,,,,PONTIAC,MONTANA,V6 3.5L,2005 - 2006
HLRC-3030,Depósito de Anticongelante,PONTIAC,,Depósito de Anticongelante,HLRC-3030,Cotizar,/IMAGENES  DEPOSITO RECUPERADOR HLRC/HLRC-3030.jpg,,,,PONTIAC,MONTANA,V6 3.9L,2006 - 2006
HLRC-3030,Depósito de Anticongelante,PONTIAC,,Depósito de Anticongelante,HLRC-3030,Cotizar,/IMAGENES  DEPOSITO RECUPERADOR HLRC/HLRC-3030.jpg,,,,PONTIAC,TRANS SPORT,V6 3.4L,1997 - 1998
HLRC-3030,Depósito de Anticongelante,SATURN,,Depósito de Anticongelante,HLRC-3030,Cotizar,/IMAGENES  DEPOSITO RECUPERADOR HLRC/HLRC-3030.jpg,,,,SATURN,RELAY,V6 3.5L,2005 - 2006
HLRC-3030,Depósito de Anticongelante,SATURN,,Depósito de Anticongelante,HLRC-3030,Cotizar,/IMAGENES  DEPOSITO RECUPERADOR HLRC/HLRC-3030.jpg,,,,SATURN,RELAY,V6 3.9L,2006 - 2007
HLRC-3031,Depósito de Anticongelante,BUICK,,Depósito de Anticongelante,HLRC-3031,Cotizar,/IMAGENES  DEPOSITO RECUPERADOR HLRC/HLRC-3031.jpg,,,,BUICK,LACROSSE,L4 2.4L,2010 - 2013
HLRC-3031,Depósito de Anticongelante,BUICK,,Depósito de Anticongelante,HLRC-3031,Cotizar,/IMAGENES  DEPOSITO RECUPERADOR HLRC/HLRC-3031.jpg,,,,BUICK,LACROSSE,V6 3.0L,2010 - 2010
HLRC-3031,Depósito de Anticongelante,BUICK,,Depósito de Anticongelante,HLRC-3031,Cotizar,/IMAGENES  DEPOSITO RECUPERADOR HLRC/HLRC-3031.jpg,,,,BUICK,LACROSSE,V6 3.6L,2010 - 2013
HLRC-3031,Depósito de Anticongelante,BUICK,,Depósito de Anticongelante,HLRC-3031,Cotizar,/IMAGENES  DEPOSITO RECUPERADOR HLRC/HLRC-3031.jpg,,,,BUICK,REGAL,L4 2.0L,2011 - 2013
HLRC-3031,Depósito de Anticongelante,BUICK,,Depósito de Anticongelante,HLRC-3031,Cotizar,/IMAGENES  DEPOSITO RECUPERADOR HLRC/HLRC-3031.jpg,,,,BUICK,REGAL,L4 2.4L,2011 - 2013
HLRC-3031,Depósito de Anticongelante,CADILLAC,,Depósito de Anticongelante,HLRC-3031,Cotizar,/IMAGENES  DEPOSITO RECUPERADOR HLRC/HLRC-3031.jpg,,,,CADILLAC,XTS,V6 3.6L,2013 - 2013
HLRC-3031,Depósito de Anticongelante,CHEVROLET,,Depósito de Anticongelante,HLRC-3031,Cotizar,/IMAGENES  DEPOSITO RECUPERADOR HLRC/HLRC-3031.jpg,,,,CHEVROLET,MALIBU,L4 2.0L,2013 - 2015
HLRC-3031,Depósito de Anticongelante,CHEVROLET,,Depósito de Anticongelante,HLRC-3031,Cotizar,/IMAGENES  DEPOSITO RECUPERADOR HLRC/HLRC-3031.jpg,,,,CHEVROLET,MALIBU,L4 2.4L,2013 - 2014
HLRC-3032,Depósito de Anticongelante,CHEVROLET,,Depósito de Anticongelante,HLRC-3032,Cotizar,/IMAGENES  DEPOSITO RECUPERADOR HLRC/HLRC-3032.jpg,,,,CHEVROLET,MALIBU,L4 2.2L,2006 - 2008
HLRC-3032,Depósito de Anticongelante,CHEVROLET,,Depósito de Anticongelante,HLRC-3032,Cotizar,/IMAGENES  DEPOSITO RECUPERADOR HLRC/HLRC-3032.jpg,,,,CHEVROLET,MALIBU,L4 2.4L,2008 - 2012
HLRC-3032,Depósito de Anticongelante,CHEVROLET,,Depósito de Anticongelante,HLRC-3032,Cotizar,/IMAGENES  DEPOSITO RECUPERADOR HLRC/HLRC-3032.jpg,,,,CHEVROLET,MALIBU,V6 3.5L,2007 - 2010
HLRC-3032,Depósito de Anticongelante,CHEVROLET,,Depósito de Anticongelante,HLRC-3032,Cotizar,/IMAGENES  DEPOSITO RECUPERADOR HLRC/HLRC-3032.jpg,,,,CHEVROLET,MALIBU,V6 3.6L,2008 - 2012
HLRC-3032,Depósito de Anticongelante,CHEVROLET,,Depósito de Anticongelante,HLRC-3032,Cotizar,/IMAGENES  DEPOSITO RECUPERADOR HLRC/HLRC-3032.jpg,,,,CHEVROLET,MALIBU,V6 3.9L,2006 - 2007
HLRC-3032,Depósito de Anticongelante,PONTIAC,,Depósito de Anticongelante,HLRC-3032,Cotizar,/IMAGENES  DEPOSITO RECUPERADOR HLRC/HLRC-3032.jpg,,,,PONTIAC,G6,L4 2.4L,2006 - 2010
HLRC-3032,Depósito de Anticongelante,PONTIAC,,Depósito de Anticongelante,HLRC-3032,Cotizar,/IMAGENES  DEPOSITO RECUPERADOR HLRC/HLRC-3032.jpg,,,,PONTIAC,G6,V6 3.5L,2006 - 2010
HLRC-3032,Depósito de Anticongelante,PONTIAC,,Depósito de Anticongelante,HLRC-3032,Cotizar,/IMAGENES  DEPOSITO RECUPERADOR HLRC/HLRC-3032.jpg,,,,PONTIAC,G6,V6 3.6L,2007 - 2009
HLRC-3032,Depósito de Anticongelante,PONTIAC,,Depósito de Anticongelante,HLRC-3032,Cotizar,/IMAGENES  DEPOSITO RECUPERADOR HLRC/HLRC-3032.jpg,,,,PONTIAC,G6,V6 3.9L,2006 - 2009
HLRC-3032,Depósito de Anticongelante,SATURN,,Depósito de Anticongelante,HLRC-3032,Cotizar,/IMAGENES  DEPOSITO RECUPERADOR HLRC/HLRC-3032.jpg,,,,SATURN,AURA,L4 2.4L,2007 - 2009
HLRC-3032,Depósito de Anticongelante,SATURN,,Depósito de Anticongelante,HLRC-3032,Cotizar,/IMAGENES  DEPOSITO RECUPERADOR HLRC/HLRC-3032.jpg,,,,SATURN,AURA,V6 3.5L,2007 - 2008
HLRC-3032,Depósito de Anticongelante,SATURN,,Depósito de Anticongelante,HLRC-3032,Cotizar,/IMAGENES  DEPOSITO RECUPERADOR HLRC/HLRC-3032.jpg,,,,SATURN,AURA,V6 3.6L,2007 - 2009
HLRC-3033,Depósito de Anticongelante,CHEVROLET,,Depósito de Anticongelante,HLRC-3033,Cotizar,/IMAGENES  DEPOSITO RECUPERADOR HLRC/HLRC-3033.jpg,,,,CHEVROLET,MALIBU,L4 2.2L,2004 - 2006
HLRC-3033,Depósito de Anticongelante,CHEVROLET,,Depósito de Anticongelante,HLRC-3033,Cotizar,/IMAGENES  DEPOSITO RECUPERADOR HLRC/HLRC-3033.jpg,,,,CHEVROLET,MALIBU,V6 3.5L,2004 - 2006
HLRC-3033,Depósito de Anticongelante,CHEVROLET,,Depósito de Anticongelante,HLRC-3033,Cotizar,/IMAGENES  DEPOSITO RECUPERADOR HLRC/HLRC-3033.jpg,,,,CHEVROLET,MALIBU,V6 3.9L,2006 - 2006
HLRC-3033,Depósito de Anticongelante,PONTIAC,,Depósito de Anticongelante,HLRC-3033,Cotizar,/IMAGENES  DEPOSITO RECUPERADOR HLRC/HLRC-3033.jpg,,,,PONTIAC,G6,L4 2.4L,2006 - 2006
HLRC-3033,Depósito de Anticongelante,PONTIAC,,Depósito de Anticongelante,HLRC-3033,Cotizar,/IMAGENES  DEPOSITO RECUPERADOR HLRC/HLRC-3033.jpg,,,,PONTIAC,G6,V6 3.5L,2005 - 2006
HLRC-3033,Depósito de Anticongelante,PONTIAC,,Depósito de Anticongelante,HLRC-3033,Cotizar,/IMAGENES  DEPOSITO RECUPERADOR HLRC/HLRC-3033.jpg,,,,PONTIAC,G6,V6 3.9L,2006 - 2006
HLRC-3034,Depósito de Anticongelante,CHEVROLET,,Depósito de Anticongelante,HLRC-3034,Cotizar,/IMAGENES  DEPOSITO RECUPERADOR HLRC/HLRC-3034.jpg,,,,CHEVROLET,EQUINOX,V6 3.4L,2005 - 2005
HLRC-3035,Depósito de Anticongelante,CHEVROLET,,Depósito de Anticongelante,HLRC-3035,Cotizar,/IMAGENES  DEPOSITO RECUPERADOR HLRC/HLRC-3035.jpg,,,,CHEVROLET,EQUINOX,V6 3.4L,2006-2009
HLRC-3035,Depósito de Anticongelante,PONTIAC,,Depósito de Anticongelante,HLRC-3035,Cotizar,/IMAGENES  DEPOSITO RECUPERADOR HLRC/HLRC-3035.jpg,,,,PONTIAC,TORRENT,V6 3.4L,2006-2009
HLRC-3035,Depósito de Anticongelante,SUZUKI,,Depósito de Anticongelante,HLRC-3035,Cotizar,/IMAGENES  DEPOSITO RECUPERADOR HLRC/HLRC-3035.jpg,,,,SUZUKI,XL-7,V6 3.6L,2007-2009
HLRC-3035,Depósito de Anticongelante,CHEVROLET,,Depósito de Anticongelante,HLRC-3035,Cotizar,/IMAGENES  DEPOSITO RECUPERADOR HLRC/HLRC-3035.jpg,,,,CHEVROLET,EQUINOX,V6 3.6L,2008-2009
HLRC-3035,Depósito de Anticongelante,PONTIAC,,Depósito de Anticongelante,HLRC-3035,Cotizar,/IMAGENES  DEPOSITO RECUPERADOR HLRC/HLRC-3035.jpg,,,,PONTIAC,TORRENT,V6 3.6L,2008-2009
HLRC-3036,Depósito de Anticongelante,BUICK,,Depósito de Anticongelante,HLRC-3036,Cotizar,/IMAGENES  DEPOSITO RECUPERADOR HLRC/HLRC-3036.jpg,,,,BUICK,ENCLAVE,V6 3.6L,2008 - 2017
HLRC-3036,Depósito de Anticongelante,CHEVROLET,,Depósito de Anticongelante,HLRC-3036,Cotizar,/IMAGENES  DEPOSITO RECUPERADOR HLRC/HLRC-3036.jpg,,,,CHEVROLET,TRAVERSE,V6 3.6L,2009 - 2017
HLRC-3036,Depósito de Anticongelante,GMC,,Depósito de Anticongelante,HLRC-3036,Cotizar,/IMAGENES  DEPOSITO RECUPERADOR HLRC/HLRC-3036.jpg,,,,GMC,ACADIA,V6 3.6L,2007 - 2017
HLRC-3037,Depósito de Anticongelante,MAZDA,,Depósito de Anticongelante,HLRC-3037,Cotizar,/IMAGENES  DEPOSITO RECUPERADOR HLRC/HLRC-3037.jpg,,,,MAZDA,3,L4 2.0L,2004 - 2013
HLRC-3037,Depósito de Anticongelante,MAZDA,,Depósito de Anticongelante,HLRC-3037,Cotizar,/IMAGENES  DEPOSITO RECUPERADOR HLRC/HLRC-3037.jpg,,,,MAZDA,3,L4 2.3L,2004 - 2009
HLRC-3037,Depósito de Anticongelante,MAZDA,,Depósito de Anticongelante,HLRC-3037,Cotizar,/IMAGENES  DEPOSITO RECUPERADOR HLRC/HLRC-3037.jpg,,,,MAZDA,3,L4 2.3L,2007 - 2013
HLRC-3037,Depósito de Anticongelante,MAZDA,,Depósito de Anticongelante,HLRC-3037,Cotizar,/IMAGENES  DEPOSITO RECUPERADOR HLRC/HLRC-3037.jpg,,,,MAZDA,3,L4 2.5L,2010 - 2013
HLRC-3038,Depósito de Anticongelante,FORD,,Depósito de Anticongelante,HLRC-3038,Cotizar,/IMAGENES  DEPOSITO RECUPERADOR HLRC/HLRC-3038.jpg,,,,FORD,FOCUS,L5 2.5L,2007 - 2011
HLRC-3038,Depósito de Anticongelante,VOLVO,,Depósito de Anticongelante,HLRC-3038,Cotizar,/IMAGENES  DEPOSITO RECUPERADOR HLRC/HLRC-3038.jpg,,,,VOLVO,C30,L5 2.5L,2008 - 2013
HLRC-3038,Depósito de Anticongelante,VOLVO,,Depósito de Anticongelante,HLRC-3038,Cotizar,/IMAGENES  DEPOSITO RECUPERADOR HLRC/HLRC-3038.jpg,,,,VOLVO,C70,L5 2.5L,2006 - 2013
HLRC-3038,Depósito de Anticongelante,VOLVO,,Depósito de Anticongelante,HLRC-3038,Cotizar,/IMAGENES  DEPOSITO RECUPERADOR HLRC/HLRC-3038.jpg,,,,VOLVO,S40,L4 2.0L,2011 - 2011
HLRC-3038,Depósito de Anticongelante,VOLVO,,Depósito de Anticongelante,HLRC-3038,Cotizar,/IMAGENES  DEPOSITO RECUPERADOR HLRC/HLRC-3038.jpg,,,,VOLVO,S40,L5 2.4L,2004 - 2010
HLRC-3038,Depósito de Anticongelante,VOLVO,,Depósito de Anticongelante,HLRC-3038,Cotizar,/IMAGENES  DEPOSITO RECUPERADOR HLRC/HLRC-3038.jpg,,,,VOLVO,S40,L5 2.5L,2004 - 2011
HLRC-3038,Depósito de Anticongelante,VOLVO,,Depósito de Anticongelante,HLRC-3038,Cotizar,/IMAGENES  DEPOSITO RECUPERADOR HLRC/HLRC-3038.jpg,,,,VOLVO,V50,L5 2.4L,2005 - 2010
HLRC-3038,Depósito de Anticongelante,VOLVO,,Depósito de Anticongelante,HLRC-3038,Cotizar,/IMAGENES  DEPOSITO RECUPERADOR HLRC/HLRC-3038.jpg,,,,VOLVO,V50,L5 2.5L,2005 - 2011
HLRC-3039,Depósito de Anticongelante,GMC,,Depósito de Anticongelante,HLRC-3039,Cotizar,/IMAGENES  DEPOSITO RECUPERADOR HLRC/HLRC-3039.jpg,,,,GMC,Canyon,V6 3.6L,2015 - 2016
HLRC-3039,Depósito de Anticongelante,Chevrolet,,Depósito de Anticongelante,HLRC-3039,Cotizar,/IMAGENES  DEPOSITO RECUPERADOR HLRC/HLRC-3039.jpg,,,,Chevrolet,Colorado,L4 2.5L,2015 - 2020
HLRC-3039,Depósito de Anticongelante,GMC,,Depósito de Anticongelante,HLRC-3039,Cotizar,/IMAGENES  DEPOSITO RECUPERADOR HLRC/HLRC-3039.jpg,,,,GMC,Canyon,L4 2.5L,2015 - 2022
HLRC-3039,Depósito de Anticongelante,GMC,,Depósito de Anticongelante,HLRC-3039,Cotizar,/IMAGENES  DEPOSITO RECUPERADOR HLRC/HLRC-3039.jpg,,,,GMC,Canyon,L4 2.8L,2016 - 2019
HLRC-3039,Depósito de Anticongelante,Chevrolet,,Depósito de Anticongelante,HLRC-3039,Cotizar,/IMAGENES  DEPOSITO RECUPERADOR HLRC/HLRC-3039.jpg,,,,Chevrolet,Colorado,L4 2.8L,2016 - 2020
HLRC-3039,Depósito de Anticongelante,Chevrolet,,Depósito de Anticongelante,HLRC-3039,Cotizar,/IMAGENES  DEPOSITO RECUPERADOR HLRC/HLRC-3039.jpg,,,,Chevrolet,Colorado,V6 3.6L,2016 - 2022
HLRC-3040,Depósito de Anticongelante,LAND ROVER,,Depósito de Anticongelante,HLRC-3040,Cotizar,/IMAGENES  DEPOSITO RECUPERADOR HLRC/HLRC-3040.jpg,,,,LAND ROVER,FREELANDER,L4 1.8L,1999-2001 
HLRC-3040,Depósito de Anticongelante,LAND ROVER,,Depósito de Anticongelante,HLRC-3040,Cotizar,/IMAGENES  DEPOSITO RECUPERADOR HLRC/HLRC-3040.jpg,,,,LAND ROVER,FREELANDER,V6 2.5L,2001-2006
HLRC-3041,Depósito de Anticongelante,HONDA,,Depósito de Anticongelante,HLRC-3041,Cotizar,/IMAGENES  DEPOSITO RECUPERADOR HLRC/HLRC-3041.jpg,,,,HONDA,HR-V,L4 1.8,2016-2020
HLRC-3042,Depósito de Anticongelante,BUICK,,Depósito de Anticongelante,HLRC-3042,Cotizar,/IMAGENES  DEPOSITO RECUPERADOR HLRC/HLRC-3042.jpg,,,,BUICK,VERANO,L4 2.0L,2013 - 2016
HLRC-3042,Depósito de Anticongelante,BUICK,,Depósito de Anticongelante,HLRC-3042,Cotizar,/IMAGENES  DEPOSITO RECUPERADOR HLRC/HLRC-3042.jpg,,,,BUICK,VERANO,L4 2.4L,2012 - 2017
HLRC-3042,Depósito de Anticongelante,CHEVROLET,,Depósito de Anticongelante,HLRC-3042,Cotizar,/IMAGENES  DEPOSITO RECUPERADOR HLRC/HLRC-3042.jpg,,,,CHEVROLET,CRUZE,L4 1.4L,2011 - 2017
HLRC-3042,Depósito de Anticongelante,CHEVROLET,,Depósito de Anticongelante,HLRC-3042,Cotizar,/IMAGENES  DEPOSITO RECUPERADOR HLRC/HLRC-3042.jpg,,,,CHEVROLET,CRUZE,L4 1.8L,2011 - 2017
HLRC-3042,Depósito de Anticongelante,CHEVROLET,,Depósito de Anticongelante,HLRC-3042,Cotizar,/IMAGENES  DEPOSITO RECUPERADOR HLRC/HLRC-3042.jpg,,,,CHEVROLET,CRUZE,L4 2.0L,2014 - 2015
HLRC-3043,Depósito de Anticongelante,NISSAN,,Depósito de Anticongelante,HLRC-3043,Cotizar,/IMAGENES  DEPOSITO RECUPERADOR HLRC/HLRC-3043.jpg,,,,NISSAN,NP300,L4 2.5,2016-2020
HLRC-3043,Depósito de Anticongelante,NISSAN,,Depósito de Anticongelante,HLRC-3043,Cotizar,/IMAGENES  DEPOSITO RECUPERADOR HLRC/HLRC-3043.jpg,,,,NISSAN,NP300 FRONTIER,L4 2.6,2016-2021
HLRC-3044,Depósito de Anticongelante,JEEP,,Depósito de Anticongelante,HLRC-3044,Cotizar,/IMAGENES  DEPOSITO RECUPERADOR HLRC/HLRC-3044.jpg,,,,JEEP,LIBERTY,V6 3.7L,2008-2013
HLRC-3045,Depósito de Anticongelante,FORD,,Depósito de Anticongelante,HLRC-3045,Cotizar,/IMAGENES  DEPOSITO RECUPERADOR HLRC/HLRC-3045.jpg,,,,FORD,EDGE,V6 2.7L,2015-2020
HLRC-3045,Depósito de Anticongelante,LINCOLN,,Depósito de Anticongelante,HLRC-3045,Cotizar,/IMAGENES  DEPOSITO RECUPERADOR HLRC/HLRC-3045.jpg,,,,LINCOLN,MKX,L4 2.6,2016-2017
HLRC-3046,Depósito de Anticongelante,FORD,,Depósito de Anticongelante,HLRC-3046,Cotizar,/IMAGENES  DEPOSITO RECUPERADOR HLRC/HLRC-3046.jpg,,,,FORD,F-250 SUPER DUTY,V8 6.7L TDI,2011-2016
HLRC-3046,Depósito de Anticongelante,FORD,,Depósito de Anticongelante,HLRC-3046,Cotizar,/IMAGENES  DEPOSITO RECUPERADOR HLRC/HLRC-3046.jpg,,,,FORD,F-350 SUPER DUTY,V8 6.7L TDI,2011-2016
HLRC-3046,Depósito de Anticongelante,FORD,,Depósito de Anticongelante,HLRC-3046,Cotizar,/IMAGENES  DEPOSITO RECUPERADOR HLRC/HLRC-3046.jpg,,,,FORD,F-450 SUPER DUTY,V8 6.7L TDI,2011-2016
HLRC-3046,Depósito de Anticongelante,FORD,,Depósito de Anticongelante,HLRC-3046,Cotizar,/IMAGENES  DEPOSITO RECUPERADOR HLRC/HLRC-3046.jpg,,,,FORD,F-550 SUPER DUTY,V8 6.7L TDI,2011-2016
HLRC-3047,Depósito de Anticongelante,CHEVROLET,,Depósito de Anticongelante,HLRC-3047,Cotizar,/IMAGENES  DEPOSITO RECUPERADOR HLRC/HLRC-3047.jpg,,,,CHEVROLET,AVEO,L4 1.6L,2007 - 2022
HLRC-3047,Depósito de Anticongelante,PONTIAC,,Depósito de Anticongelante,HLRC-3047,Cotizar,/IMAGENES  DEPOSITO RECUPERADOR HLRC/HLRC-3047.jpg,,,,PONTIAC,G3,L4 1.6L,2006 - 2010
HLRC-3048,Depósito de Anticongelante,CADILLAC,,Depósito de Anticongelante,HLRC-3048,Cotizar,/IMAGENES  DEPOSITO RECUPERADOR HLRC/HLRC-3048.jpg,,,,CADILLAC,ESCALADE,V8 6.0L,2011 - 2011
HLRC-3048,Depósito de Anticongelante,CADILLAC,,Depósito de Anticongelante,HLRC-3048,Cotizar,/IMAGENES  DEPOSITO RECUPERADOR HLRC/HLRC-3048.jpg,,,,CADILLAC,ESCALADE,V8 6.2L,2007 - 2011
HLRC-3048,Depósito de Anticongelante,CHEVROLET,,Depósito de Anticongelante,HLRC-3048,Cotizar,/IMAGENES  DEPOSITO RECUPERADOR HLRC/HLRC-3048.jpg,,,,CHEVROLET,AVALANCHE,V8 5.3L,2007 - 2011
HLRC-3048,Depósito de Anticongelante,CHEVROLET,,Depósito de Anticongelante,HLRC-3048,Cotizar,/IMAGENES  DEPOSITO RECUPERADOR HLRC/HLRC-3048.jpg,,,,CHEVROLET,AVALANCHE,V8 6.0L,2007 - 2009
HLRC-3048,Depósito de Anticongelante,CHEVROLET,,Depósito de Anticongelante,HLRC-3048,Cotizar,/IMAGENES  DEPOSITO RECUPERADOR HLRC/HLRC-3048.jpg,,,,CHEVROLET,SILVERADO 1500,V6 4.3L,2007 - 2013
HLRC-3048,Depósito de Anticongelante,CHEVROLET,,Depósito de Anticongelante,HLRC-3048,Cotizar,/IMAGENES  DEPOSITO RECUPERADOR HLRC/HLRC-3048.jpg,,,,CHEVROLET,SILVERADO 1500,V8 4.8L,2007 - 2013
HLRC-3048,Depósito de Anticongelante,CHEVROLET,,Depósito de Anticongelante,HLRC-3048,Cotizar,/IMAGENES  DEPOSITO RECUPERADOR HLRC/HLRC-3048.jpg,,,,CHEVROLET,SILVERADO 1500,V8 5.3L,2007 - 2013
HLRC-3048,Depósito de Anticongelante,CHEVROLET,,Depósito de Anticongelante,HLRC-3048,Cotizar,/IMAGENES  DEPOSITO RECUPERADOR HLRC/HLRC-3048.jpg,,,,CHEVROLET,SILVERADO 1500,V8 6.0L,2007 - 2009
HLRC-3048,Depósito de Anticongelante,CHEVROLET,,Depósito de Anticongelante,HLRC-3048,Cotizar,/IMAGENES  DEPOSITO RECUPERADOR HLRC/HLRC-3048.jpg,,,,CHEVROLET,SILVERADO 1500,V8 6.2L,2009 - 2013
HLRC-3048,Depósito de Anticongelante,CHEVROLET,,Depósito de Anticongelante,HLRC-3048,Cotizar,/IMAGENES  DEPOSITO RECUPERADOR HLRC/HLRC-3048.jpg,,,,CHEVROLET,SILVERADO 2500 HD,V8 6.0L,2008 - 2010
HLRC-3048,Depósito de Anticongelante,CHEVROLET,,Depósito de Anticongelante,HLRC-3048,Cotizar,/IMAGENES  DEPOSITO RECUPERADOR HLRC/HLRC-3048.jpg,,,,CHEVROLET,SILVERADO 2500 HD,V8 6.6L,2009 - 2010
HLRC-3048,Depósito de Anticongelante,CHEVROLET,,Depósito de Anticongelante,HLRC-3048,Cotizar,/IMAGENES  DEPOSITO RECUPERADOR HLRC/HLRC-3048.jpg,,,,CHEVROLET,SILVERADO 3500 HD,V8 6.0L,2007 - 2011
HLRC-3048,Depósito de Anticongelante,CHEVROLET,,Depósito de Anticongelante,HLRC-3048,Cotizar,/IMAGENES  DEPOSITO RECUPERADOR HLRC/HLRC-3048.jpg,,,,CHEVROLET,SILVERADO 3500 HD,V8 6.6L,2010 - 2010
HLRC-3048,Depósito de Anticongelante,CHEVROLET,,Depósito de Anticongelante,HLRC-3048,Cotizar,/IMAGENES  DEPOSITO RECUPERADOR HLRC/HLRC-3048.jpg,,,,CHEVROLET,SUBURBAN 1500,V8 5.3L,2007 - 2014
HLRC-3048,Depósito de Anticongelante,CHEVROLET,,Depósito de Anticongelante,HLRC-3048,Cotizar,/IMAGENES  DEPOSITO RECUPERADOR HLRC/HLRC-3048.jpg,,,,CHEVROLET,SUBURBAN 1500,V8 6.0L,2007 - 2009
HLRC-3048,Depósito de Anticongelante,CHEVROLET,,Depósito de Anticongelante,HLRC-3048,Cotizar,/IMAGENES  DEPOSITO RECUPERADOR HLRC/HLRC-3048.jpg,,,,CHEVROLET,SUBURBAN 2500,V8 6.0L,2007 - 2013
HLRC-3048,Depósito de Anticongelante,CHEVROLET,,Depósito de Anticongelante,HLRC-3048,Cotizar,/IMAGENES  DEPOSITO RECUPERADOR HLRC/HLRC-3048.jpg,,,,CHEVROLET,TAHOE,V8 4.8L,2007 - 2009
HLRC-3048,Depósito de Anticongelante,CHEVROLET,,Depósito de Anticongelante,HLRC-3048,Cotizar,/IMAGENES  DEPOSITO RECUPERADOR HLRC/HLRC-3048.jpg,,,,CHEVROLET,TAHOE,V8 5.3L,2007 - 2013
HLRC-3048,Depósito de Anticongelante,GMC,,Depósito de Anticongelante,HLRC-3048,Cotizar,/IMAGENES  DEPOSITO RECUPERADOR HLRC/HLRC-3048.jpg,,,,GMC,SIERRA 1500,V6 4.3L,2007 - 2013
HLRC-3048,Depósito de Anticongelante,GMC,,Depósito de Anticongelante,HLRC-3048,Cotizar,/IMAGENES  DEPOSITO RECUPERADOR HLRC/HLRC-3048.jpg,,,,GMC,SIERRA 1500,V8 4.8L,2007 - 2013
HLRC-3048,Depósito de Anticongelante,GMC,,Depósito de Anticongelante,HLRC-3048,Cotizar,/IMAGENES  DEPOSITO RECUPERADOR HLRC/HLRC-3048.jpg,,,,GMC,SIERRA 1500,V8 5.3L,2007 - 2014
HLRC-3048,Depósito de Anticongelante,GMC,,Depósito de Anticongelante,HLRC-3048,Cotizar,/IMAGENES  DEPOSITO RECUPERADOR HLRC/HLRC-3048.jpg,,,,GMC,SIERRA 1500,V8 6.0L,2007 - 2013
HLRC-3048,Depósito de Anticongelante,GMC,,Depósito de Anticongelante,HLRC-3048,Cotizar,/IMAGENES  DEPOSITO RECUPERADOR HLRC/HLRC-3048.jpg,,,,GMC,SIERRA 1500,V8 6.2L,2009 - 2013
HLRC-3048,Depósito de Anticongelante,GMC,,Depósito de Anticongelante,HLRC-3048,Cotizar,/IMAGENES  DEPOSITO RECUPERADOR HLRC/HLRC-3048.jpg,,,,GMC,SIERRA 2500 HD,V8 6.0L,2007 - 2013
HLRC-3048,Depósito de Anticongelante,GMC,,Depósito de Anticongelante,HLRC-3048,Cotizar,/IMAGENES  DEPOSITO RECUPERADOR HLRC/HLRC-3048.jpg,,,,GMC,SIERRA 2500 HD,V8 6.6L,2008 - 2010
HLRC-3048,Depósito de Anticongelante,GMC,,Depósito de Anticongelante,HLRC-3048,Cotizar,/IMAGENES  DEPOSITO RECUPERADOR HLRC/HLRC-3048.jpg,,,,GMC,SIERRA 3500 HD,V8 6.0L,2007 - 2013
HLRC-3048,Depósito de Anticongelante,GMC,,Depósito de Anticongelante,HLRC-3048,Cotizar,/IMAGENES  DEPOSITO RECUPERADOR HLRC/HLRC-3048.jpg,,,,GMC,SIERRA 3500 HD,V8 6.6L,2009 - 2010
HLRC-3048,Depósito de Anticongelante,GMC,,Depósito de Anticongelante,HLRC-3048,Cotizar,/IMAGENES  DEPOSITO RECUPERADOR HLRC/HLRC-3048.jpg,,,,GMC,YUKON,V8 4.8L,2007 - 2009
HLRC-3048,Depósito de Anticongelante,GMC,,Depósito de Anticongelante,HLRC-3048,Cotizar,/IMAGENES  DEPOSITO RECUPERADOR HLRC/HLRC-3048.jpg,,,,GMC,YUKON,V8 5.3L,2007 - 2013
HLRC-3048,Depósito de Anticongelante,GMC,,Depósito de Anticongelante,HLRC-3048,Cotizar,/IMAGENES  DEPOSITO RECUPERADOR HLRC/HLRC-3048.jpg,,,,GMC,YUKON,V8 6.0L,2011 - 2013
HLRC-3048,Depósito de Anticongelante,GMC,,Depósito de Anticongelante,HLRC-3048,Cotizar,/IMAGENES  DEPOSITO RECUPERADOR HLRC/HLRC-3048.jpg,,,,GMC,YUKON,V8 6.2L,2007 - 2013
HLRC-3048,Depósito de Anticongelante,GMC,,Depósito de Anticongelante,HLRC-3048,Cotizar,/IMAGENES  DEPOSITO RECUPERADOR HLRC/HLRC-3048.jpg,,,,GMC,YUKON XL 1500,V8 5.3L,2007 - 2013
HLRC-3048,Depósito de Anticongelante,GMC,,Depósito de Anticongelante,HLRC-3048,Cotizar,/IMAGENES  DEPOSITO RECUPERADOR HLRC/HLRC-3048.jpg,,,,GMC,YUKON XL 1500,V8 6.0L,2007 - 2009
HLRC-3048,Depósito de Anticongelante,GMC,,Depósito de Anticongelante,HLRC-3048,Cotizar,/IMAGENES  DEPOSITO RECUPERADOR HLRC/HLRC-3048.jpg,,,,GMC,YUKON XL 1500,V8 6.2L,2007 - 2013
HLRC-3048,Depósito de Anticongelante,GMC,,Depósito de Anticongelante,HLRC-3048,Cotizar,/IMAGENES  DEPOSITO RECUPERADOR HLRC/HLRC-3048.jpg,,,,GMC,YUKON XL 2500,V8 6.0L,2007 - 2013
HLRC-3049,Depósito de Anticongelante,Ford,,Depósito de Anticongelante,HLRC-3049,Cotizar,/IMAGENES  DEPOSITO RECUPERADOR HLRC/HLRC-3049.jpg,,,,Ford,F-250 Super Duty,V8 6.7L TDI,2011 - 2016
HLRC-3049,Depósito de Anticongelante,Ford,,Depósito de Anticongelante,HLRC-3049,Cotizar,/IMAGENES  DEPOSITO RECUPERADOR HLRC/HLRC-3049.jpg,,,,Ford,F-350 Super Duty,V8 6.7L TDI,2011 - 2016
HLRC-3049,Depósito de Anticongelante,Ford,,Depósito de Anticongelante,HLRC-3049,Cotizar,/IMAGENES  DEPOSITO RECUPERADOR HLRC/HLRC-3049.jpg,,,,Ford,F-450 Super Duty,V8 6.7L TDI,2011 - 2016
HLRC-3049,Depósito de Anticongelante,Ford,,Depósito de Anticongelante,HLRC-3049,Cotizar,/IMAGENES  DEPOSITO RECUPERADOR HLRC/HLRC-3049.jpg,,,,Ford,F-550 Super Duty,V8 6.7L TDI,2011 - 2016
HLRC-3050,Depósito de Anticongelante,,,Depósito de Anticongelante,HLRC-3050,Cotizar,/IMAGENES  DEPOSITO RECUPERADOR HLRC/HLRC-3050.jpg,,,,,,,
HLRC-3051,Depósito de Anticongelante,MAZDA,,Depósito de Anticongelante,HLRC-3051,Cotizar,/IMAGENES  DEPOSITO RECUPERADOR HLRC/HLRC-3051.jpg,,,,MAZDA,6,L4 2.3L,2006 - 2008
HLRC-3052,Depósito de Anticongelante,Ford,,Depósito de Anticongelante,HLRC-3052,Cotizar,/IMAGENES  DEPOSITO RECUPERADOR HLRC/HLRC-3052.jpg,,,,Ford,F-250 Super Duty,V8 6.2L,2011 - 2016
HLRC-3052,Depósito de Anticongelante,Ford,,Depósito de Anticongelante,HLRC-3052,Cotizar,/IMAGENES  DEPOSITO RECUPERADOR HLRC/HLRC-3052.jpg,,,,Ford,F-350 Super Duty,V8 6.2L,2011 - 2016
HLRC-3052,Depósito de Anticongelante,Ford,,Depósito de Anticongelante,HLRC-3052,Cotizar,/IMAGENES  DEPOSITO RECUPERADOR HLRC/HLRC-3052.jpg,,,,Ford,F-450 Super Duty,V10 6.8L,2011 - 2016
HLRC-3052,Depósito de Anticongelante,Ford,,Depósito de Anticongelante,HLRC-3052,Cotizar,/IMAGENES  DEPOSITO RECUPERADOR HLRC/HLRC-3052.jpg,,,,Ford,F-550 Super Duty,V10 6.8L,2011 - 2016
HLRC-3052,Depósito de Anticongelante,Ford,,Depósito de Anticongelante,HLRC-3052,Cotizar,/IMAGENES  DEPOSITO RECUPERADOR HLRC/HLRC-3052.jpg,,,,Ford,F-350,V8 6.2L,2015 - 2016
HLRC-3053,Depósito de Anticongelante,TOYOTA,,Depósito de Anticongelante,HLRC-3053,Cotizar,/IMAGENES  DEPOSITO RECUPERADOR HLRC/HLRC-3053.jpg,,,,TOYOTA,TACOMA,L4 2.4L,1995 - 2004
HLRC-3053,Depósito de Anticongelante,TOYOTA,,Depósito de Anticongelante,HLRC-3053,Cotizar,/IMAGENES  DEPOSITO RECUPERADOR HLRC/HLRC-3053.jpg,,,,TOYOTA,TACOMA,L4 2.7L,1995 - 2004
HLRC-3053,Depósito de Anticongelante,TOYOTA,,Depósito de Anticongelante,HLRC-3053,Cotizar,/IMAGENES  DEPOSITO RECUPERADOR HLRC/HLRC-3053.jpg,,,,TOYOTA,TACOMA,V6 3.4L,1995 - 2004
HLRC-3054,Depósito de Anticongelante,Ford,,Depósito de Anticongelante,HLRC-3054,Cotizar,/IMAGENES  DEPOSITO RECUPERADOR HLRC/HLRC-3054.jpg,,,,Ford,F-150,V8 6.2L,2010-2014
HLRC-3054,Depósito de Anticongelante,Ford,,Depósito de Anticongelante,HLRC-3054,Cotizar,/IMAGENES  DEPOSITO RECUPERADOR HLRC/HLRC-3054.jpg,,,,Ford,Lobo,V8 6.2L,2011-2014
HLRC-3054,Depósito de Anticongelante,Ford,,Depósito de Anticongelante,HLRC-3054,Cotizar,/IMAGENES  DEPOSITO RECUPERADOR HLRC/HLRC-3054.jpg,,,,Ford,Lobo,V8 6.2L,2011-2014
HLRC-3055,Depósito de Anticongelante,Ford,,Depósito de Anticongelante,HLRC-3055,Cotizar,/IMAGENES  DEPOSITO RECUPERADOR HLRC/HLRC-3055.jpg,,,,Ford,Mustang,V 8 5.0L,2015-2021
HLRC-3055,Depósito de Anticongelante,Ford,,Depósito de Anticongelante,HLRC-3055,Cotizar,/IMAGENES  DEPOSITO RECUPERADOR HLRC/HLRC-3055.jpg,,,,Ford,Mustang,L4 2.3L,2015-2022
HLRC-3055,Depósito de Anticongelante,Ford,,Depósito de Anticongelante,HLRC-3055,Cotizar,/IMAGENES  DEPOSITO RECUPERADOR HLRC/HLRC-3055.jpg,,,,Ford,Mustang,L4 2.3L,2015-2022
HLRC-3056,Depósito de Anticongelante,TOYOTA,,Depósito de Anticongelante,HLRC-3056,Cotizar,/IMAGENES  DEPOSITO RECUPERADOR HLRC/HLRC-3056.jpg,,,,TOYOTA,SEQUOIA,V8 4.7L,2001 - 2007
HLRC-3056,Depósito de Anticongelante,TOYOTA,,Depósito de Anticongelante,HLRC-3056,Cotizar,/IMAGENES  DEPOSITO RECUPERADOR HLRC/HLRC-3056.jpg,,,,TOYOTA,TUNDRA,V8 4.7L,2004 - 2006
HLRC-3057,Depósito de Anticongelante,,,Depósito de Anticongelante,HLRC-3057,Cotizar,/IMAGENES  DEPOSITO RECUPERADOR HLRC/HLRC-3057.jpg,,,,,,,
HLRC-3058,Depósito de Anticongelante,TOYOTA,,Depósito de Anticongelante,HLRC-3058,Cotizar,/IMAGENES  DEPOSITO RECUPERADOR HLRC/HLRC-3058.jpg,,,,TOYOTA,CAMRY,V6 3.0L,1997 - 2001
HLRC-3059,Depósito de Anticongelante,TOYOTA,,Depósito de Anticongelante,HLRC-3059,Cotizar,/IMAGENES  DEPOSITO RECUPERADOR HLRC/HLRC-3059.jpg,,,,TOYOTA,CAMRY,L4 2.4L,2002 - 2006
HLRC-3059,Depósito de Anticongelante,TOYOTA,,Depósito de Anticongelante,HLRC-3059,Cotizar,/IMAGENES  DEPOSITO RECUPERADOR HLRC/HLRC-3059.jpg,,,,TOYOTA,CAMRY,V6 3.0L,2002 - 2006
HLRC-3059,Depósito de Anticongelante,TOYOTA,,Depósito de Anticongelante,HLRC-3059,Cotizar,/IMAGENES  DEPOSITO RECUPERADOR HLRC/HLRC-3059.jpg,,,,TOYOTA,CAMRY,V6 3.3L,2004 - 2006
HLRC-3060,Depósito de Anticongelante,TOYOTA,,Depósito de Anticongelante,HLRC-3060,Cotizar,/IMAGENES  DEPOSITO RECUPERADOR HLRC/HLRC-3060.jpg,,,,TOYOTA,CAMRY,L4 2.4L,2007 - 2011
HLRC-3060,Depósito de Anticongelante,TOYOTA,,Depósito de Anticongelante,HLRC-3060,Cotizar,/IMAGENES  DEPOSITO RECUPERADOR HLRC/HLRC-3060.jpg,,,,TOYOTA,CAMRY,L4 2.5L,2010 - 2010
HLRC-3060,Depósito de Anticongelante,TOYOTA,,Depósito de Anticongelante,HLRC-3060,Cotizar,/IMAGENES  DEPOSITO RECUPERADOR HLRC/HLRC-3060.jpg,,,,TOYOTA,CAMRY,V6 3.5L,2007 - 2010
HLRC-3061,Depósito de Anticongelante,TOYOTA,,Depósito de Anticongelante,HLRC-3061,Cotizar,/IMAGENES  DEPOSITO RECUPERADOR HLRC/HLRC-3061.jpg,,,,TOYOTA,4 RUNNER,V6 4.0L,2003 - 2009
HLRC-3061,Depósito de Anticongelante,TOYOTA,,Depósito de Anticongelante,HLRC-3061,Cotizar,/IMAGENES  DEPOSITO RECUPERADOR HLRC/HLRC-3061.jpg,,,,TOYOTA,4 RUNNER,V8 4.7L,2003 - 2009
HLRC-3061,Depósito de Anticongelante,TOYOTA,,Depósito de Anticongelante,HLRC-3061,Cotizar,/IMAGENES  DEPOSITO RECUPERADOR HLRC/HLRC-3061.jpg,,,,TOYOTA,FJ CRUISER,V6 4.0L,2007 - 2009
HLRC-3062,Depósito de Anticongelante,TOYOTA,,Depósito de Anticongelante,HLRC-3062,Cotizar,/IMAGENES  DEPOSITO RECUPERADOR HLRC/HLRC-3062.jpg,,,,TOYOTA,4 RUNNER,L4 2.7L,1996 - 2000
HLRC-3062,Depósito de Anticongelante,TOYOTA,,Depósito de Anticongelante,HLRC-3062,Cotizar,/IMAGENES  DEPOSITO RECUPERADOR HLRC/HLRC-3062.jpg,,,,TOYOTA,4 RUNNER,V6 3.4L,1996 - 2002
HLRC-3063,Depósito de Anticongelante,TOYOTA,,Depósito de Anticongelante,HLRC-3063,Cotizar,/IMAGENES  DEPOSITO RECUPERADOR HLRC/HLRC-3063.jpg,,,,TOYOTA,RAV 4,L4 2.0L,2001 - 2003
HLRC-3063,Depósito de Anticongelante,TOYOTA,,Depósito de Anticongelante,HLRC-3063,Cotizar,/IMAGENES  DEPOSITO RECUPERADOR HLRC/HLRC-3063.jpg,,,,TOYOTA,RAV 4,L4 2.4L,2004 - 2005
HLRC-3064,Depósito de Anticongelante,FORD,,Depósito de Anticongelante,HLRC-3064,Cotizar,/IMAGENES  DEPOSITO RECUPERADOR HLRC/HLRC-3064.jpg,,,,FORD,F-150,V6 3.5L TURBO,2011-2014
HLRC-3064,Depósito de Anticongelante,FORD,,Depósito de Anticongelante,HLRC-3064,Cotizar,/IMAGENES  DEPOSITO RECUPERADOR HLRC/HLRC-3064.jpg,,,,FORD,F-150,V6 3.7L,2011-2014
HLRC-3064,Depósito de Anticongelante,FORD,,Depósito de Anticongelante,HLRC-3064,Cotizar,/IMAGENES  DEPOSITO RECUPERADOR HLRC/HLRC-3064.jpg,,,,FORD,F-150,V8 5.0L,2011-2014
HLRC-3064,Depósito de Anticongelante,FORD,,Depósito de Anticongelante,HLRC-3064,Cotizar,/IMAGENES  DEPOSITO RECUPERADOR HLRC/HLRC-3064.jpg,,,,FORD,LOBO,V8 5.0L,2011-2014
HLRC-3064,Depósito de Anticongelante,LINCOLN,,Depósito de Anticongelante,HLRC-3064,Cotizar,/IMAGENES  DEPOSITO RECUPERADOR HLRC/HLRC-3064.jpg,,,,LINCOLN,MARK LT,V8 5.0L,2011-2014
HLRC-3064,Depósito de Anticongelante,FORD,,Depósito de Anticongelante,HLRC-3064,Cotizar,/IMAGENES  DEPOSITO RECUPERADOR HLRC/HLRC-3064.jpg,,,,FORD,EXPEDITION,V6 3.5L TURBO,2015-2017
HLRC-3064,Depósito de Anticongelante,LINCOLN,,Depósito de Anticongelante,HLRC-3064,Cotizar,/IMAGENES  DEPOSITO RECUPERADOR HLRC/HLRC-3064.jpg,,,,LINCOLN,NAVIGATOR,V6 3.5L TURBO,2015-2017
HLRC-3065,Depósito de Anticongelante,TOYOTA,,Depósito de Anticongelante,HLRC-3065,Cotizar,/IMAGENES  DEPOSITO RECUPERADOR HLRC/HLRC-3065.jpg,,,,TOYOTA,AVANZA,L4 1.5L,2016-2019
HLRC-3066,Depósito de Anticongelante,BMW,,Depósito de Anticongelante,HLRC-3066,Cotizar,/IMAGENES  DEPOSITO RECUPERADOR HLRC/HLRC-3066.jpg,,,,BMW,118I,L4 2.0L,2004 - 2008
HLRC-3066,Depósito de Anticongelante,BMW,,Depósito de Anticongelante,HLRC-3066,Cotizar,/IMAGENES  DEPOSITO RECUPERADOR HLRC/HLRC-3066.jpg,,,,BMW,120I,L4 2.0L,2007 - 2012
HLRC-3066,Depósito de Anticongelante,BMW,,Depósito de Anticongelante,HLRC-3066,Cotizar,/IMAGENES  DEPOSITO RECUPERADOR HLRC/HLRC-3066.jpg,,,,BMW,125I,L6 3.0L,2008 - 2013
HLRC-3066,Depósito de Anticongelante,BMW,,Depósito de Anticongelante,HLRC-3066,Cotizar,/IMAGENES  DEPOSITO RECUPERADOR HLRC/HLRC-3066.jpg,,,,BMW,130I,L6 3.0L,2005 - 2012
HLRC-3066,Depósito de Anticongelante,BMW,,Depósito de Anticongelante,HLRC-3066,Cotizar,/IMAGENES  DEPOSITO RECUPERADOR HLRC/HLRC-3066.jpg,,,,BMW,135I,L6 3.0L,2007 - 2013
HLRC-3066,Depósito de Anticongelante,BMW,,Depósito de Anticongelante,HLRC-3066,Cotizar,/IMAGENES  DEPOSITO RECUPERADOR HLRC/HLRC-3066.jpg,,,,BMW,320I,L4 2.0L,2007 - 2011
HLRC-3066,Depósito de Anticongelante,BMW,,Depósito de Anticongelante,HLRC-3066,Cotizar,/IMAGENES  DEPOSITO RECUPERADOR HLRC/HLRC-3066.jpg,,,,BMW,325I,L6 3.5L,2005 - 2011
HLRC-3066,Depósito de Anticongelante,BMW,,Depósito de Anticongelante,HLRC-3066,Cotizar,/IMAGENES  DEPOSITO RECUPERADOR HLRC/HLRC-3066.jpg,,,,BMW,330I xDrive,L6 3.0L,2008 - 2011
HLRC-3066,Depósito de Anticongelante,BMW,,Depósito de Anticongelante,HLRC-3066,Cotizar,/IMAGENES  DEPOSITO RECUPERADOR HLRC/HLRC-3066.jpg,,,,BMW,335I,L6 3.0L,2006 - 2013
HLRC-3066,Depósito de Anticongelante,BMW,,Depósito de Anticongelante,HLRC-3066,Cotizar,/IMAGENES  DEPOSITO RECUPERADOR HLRC/HLRC-3066.jpg,,,,BMW,M1,L6 3.0L,2011 - 2012
HLRC-3066,Depósito de Anticongelante,BMW,,Depósito de Anticongelante,HLRC-3066,Cotizar,/IMAGENES  DEPOSITO RECUPERADOR HLRC/HLRC-3066.jpg,,,,BMW,X1 xDrive 20I,L4 2.0L,2011 - 2015
HLRC-3066,Depósito de Anticongelante,BMW,,Depósito de Anticongelante,HLRC-3066,Cotizar,/IMAGENES  DEPOSITO RECUPERADOR HLRC/HLRC-3066.jpg,,,,BMW,X1 xDrive 25I,L6 3.0L,2010 - 2012
HLRC-3066,Depósito de Anticongelante,BMW,,Depósito de Anticongelante,HLRC-3066,Cotizar,/IMAGENES  DEPOSITO RECUPERADOR HLRC/HLRC-3066.jpg,,,,BMW,X1 xDrive 28I,L4 2.0L,2011 - 2015
HLRC-3066,Depósito de Anticongelante,BMW,,Depósito de Anticongelante,HLRC-3066,Cotizar,/IMAGENES  DEPOSITO RECUPERADOR HLRC/HLRC-3066.jpg,,,,BMW,X1xDrive 28l,L6 3.0L,2009 - 2015
HLRC-3066,Depósito de Anticongelante,BMW,,Depósito de Anticongelante,HLRC-3066,Cotizar,/IMAGENES  DEPOSITO RECUPERADOR HLRC/HLRC-3066.jpg,,,,BMW,Z4 sDrive 18I,L4 2.0L,2013 - 2016
HLRC-3066,Depósito de Anticongelante,BMW,,Depósito de Anticongelante,HLRC-3066,Cotizar,/IMAGENES  DEPOSITO RECUPERADOR HLRC/HLRC-3066.jpg,,,,BMW,Z4 sDrive 20,L4 2.0L,2011 - 2013
HLRC-3066,Depósito de Anticongelante,BMW,,Depósito de Anticongelante,HLRC-3066,Cotizar,/IMAGENES  DEPOSITO RECUPERADOR HLRC/HLRC-3066.jpg,,,,BMW,Z4 sDrive 23I,L6 2.5L,2009 - 2013
HLRC-3066,Depósito de Anticongelante,BMW,,Depósito de Anticongelante,HLRC-3066,Cotizar,/IMAGENES  DEPOSITO RECUPERADOR HLRC/HLRC-3066.jpg,,,,BMW,Z4 sDrive 35IS,L6 3.0L,2010 - 2016
HLRC-3067,Depósito de Anticongelante,BMW,,Depósito de Anticongelante,HLRC-3067,Cotizar,/IMAGENES  DEPOSITO RECUPERADOR HLRC/HLRC-3067.jpg,,,,BMW,335I,L6 3.0L,2011 - 2015
HLRC-3067,Depósito de Anticongelante,BMW,,Depósito de Anticongelante,HLRC-3067,Cotizar,/IMAGENES  DEPOSITO RECUPERADOR HLRC/HLRC-3067.jpg,,,,BMW,435I,L6 3.0L,2013 - 2016
HLRC-3067,Depósito de Anticongelante,BMW,,Depósito de Anticongelante,HLRC-3067,Cotizar,/IMAGENES  DEPOSITO RECUPERADOR HLRC/HLRC-3067.jpg,,,,BMW,M2,L6 3.0L,2016 - 2018
HLRC-3068,Depósito de Anticongelante,BMW,,Depósito de Anticongelante,HLRC-3068,Cotizar,/IMAGENES  DEPOSITO RECUPERADOR HLRC/HLRC-3068.jpg,,,,BMW,X3 xDrive 28I,L4 2.0L,2012 - 2017
HLRC-3068,Depósito de Anticongelante,BMW,,Depósito de Anticongelante,HLRC-3068,Cotizar,/IMAGENES  DEPOSITO RECUPERADOR HLRC/HLRC-3068.jpg,,,,BMW,X3 xDrive 35I,L6 3.0L,2010 - 2017
HLRC-3069,Depósito de Anticongelante,,,Depósito de Anticongelante,HLRC-3069,Cotizar,/IMAGENES  DEPOSITO RECUPERADOR HLRC/HLRC-3069.jpg,,,,,,,
HLRC-3070,Depósito de Anticongelante,SUZUKI,,Depósito de Anticongelante,HLRC-3070,Cotizar,/IMAGENES  DEPOSITO RECUPERADOR HLRC/HLRC-3070.jpg,,,,SUZUKI,SX4,L4 2.0L,2007 - 2011
HLRC-3071,Depósito de Anticongelante,FORD,,Depósito de Anticongelante,HLRC-3071,Cotizar,/IMAGENES  DEPOSITO RECUPERADOR HLRC/HLRC-3071.jpg,,,,FORD,ESCAPE,V6 3.0L,2001 - 2006
HLRC-3071,Depósito de Anticongelante,MAZDA,,Depósito de Anticongelante,HLRC-3071,Cotizar,/IMAGENES  DEPOSITO RECUPERADOR HLRC/HLRC-3071.jpg,,,,MAZDA,TRIBUTE,V6 3.0L,2001 - 2006
HLRC-3071,Depósito de Anticongelante,MERCURY,,Depósito de Anticongelante,HLRC-3071,Cotizar,/IMAGENES  DEPOSITO RECUPERADOR HLRC/HLRC-3071.jpg,,,,MERCURY,MARINER,V6 3.0L,2005 - 2006
HLRC-3072,Depósito de Anticongelante,NISSAN,,Depósito de Anticongelante,HLRC-3072,Cotizar,/IMAGENES  DEPOSITO RECUPERADOR HLRC/HLRC-3072.jpg,,,,NISSAN,ALTIMA,L4 2.5L,2007 - 2013
HLRC-3073,Depósito de Anticongelante,NISSAN,,Depósito de Anticongelante,HLRC-3073,Cotizar,/IMAGENES  DEPOSITO RECUPERADOR HLRC/HLRC-3073.jpg,,,,NISSAN,URVAN,L4 2.5L,2007 - 2013
HLRC-3073,Depósito de Anticongelante,NISSAN,,Depósito de Anticongelante,HLRC-3073,Cotizar,/IMAGENES  DEPOSITO RECUPERADOR HLRC/HLRC-3073.jpg,,,,NISSAN,URVAN NV350,L4 2.5L,2014 - 2025
HLRC-3074,Depósito de Anticongelante,VOLKSWAGEN,,Depósito de Anticongelante,HLRC-3074,Cotizar,/IMAGENES  DEPOSITO RECUPERADOR HLRC/HLRC-3074.jpg,,,,VOLKSWAGEN,VW VAN,L4 1.8L,2003-2004
HLRC-3074,Depósito de Anticongelante,VOLKSWAGEN,,Depósito de Anticongelante,HLRC-3074,Cotizar,/IMAGENES  DEPOSITO RECUPERADOR HLRC/HLRC-3074.jpg,,,,VOLKSWAGEN,GOL,L4 1.6L,2009-2020
HLRC-3074,Depósito de Anticongelante,VOLKSWAGEN,,Depósito de Anticongelante,HLRC-3074,Cotizar,/IMAGENES  DEPOSITO RECUPERADOR HLRC/HLRC-3074.jpg,,,,VOLKSWAGEN,SAVEIRO,L4 1.6L,2011-2019
HLRC-3074,Depósito de Anticongelante,VOLKSWAGEN,,Depósito de Anticongelante,HLRC-3074,Cotizar,/IMAGENES  DEPOSITO RECUPERADOR HLRC/HLRC-3074.jpg,,,,VOLKSWAGEN,CROSSFOX,L4 1.6L,2015-2017
HLRC-3075,Depósito de Anticongelante,NISSAN,,Depósito de Anticongelante,HLRC-3075,Cotizar,/IMAGENES  DEPOSITO RECUPERADOR HLRC/HLRC-3075.jpg,,,,NISSAN,ALTIMA,L4 2.5L,2002 - 2006
HLRC-3075,Depósito de Anticongelante,NISSAN,,Depósito de Anticongelante,HLRC-3075,Cotizar,/IMAGENES  DEPOSITO RECUPERADOR HLRC/HLRC-3075.jpg,,,,NISSAN,ALTIMA,V6 3.5L,2002 - 2006
HLRC-3075,Depósito de Anticongelante,NISSAN,,Depósito de Anticongelante,HLRC-3075,Cotizar,/IMAGENES  DEPOSITO RECUPERADOR HLRC/HLRC-3075.jpg,,,,NISSAN,MAXIMA,V6 3.5L,2004 - 2008
HLRC-3076,Depósito de Anticongelante,RENAULT,,Depósito de Anticongelante,HLRC-3076,Cotizar,/IMAGENES  DEPOSITO RECUPERADOR HLRC/HLRC-3076.jpg,,,,RENAULT,FLUENCE,L4 2.0L,2011-2017
HLRC-3077,Depósito de Anticongelante,INFINITI,,Depósito de Anticongelante,HLRC-3077,Cotizar,/IMAGENES  DEPOSITO RECUPERADOR HLRC/HLRC-3077.jpg,,,,INFINITI,QX4,V6 3.3L,1997 - 2000
HLRC-3077,Depósito de Anticongelante,NISSAN,,Depósito de Anticongelante,HLRC-3077,Cotizar,/IMAGENES  DEPOSITO RECUPERADOR HLRC/HLRC-3077.jpg,,,,NISSAN,PATHFINDER,V6 3.3L,1996 - 1999
HLRC-3078,Depósito de Anticongelante,AUDI,,Depósito de Anticongelante,HLRC-3078,Cotizar,/IMAGENES  DEPOSITO RECUPERADOR HLRC/HLRC-3078.jpg,,,,AUDI,A4,V6 3.0L,2002 - 2005
HLRC-3078,Depósito de Anticongelante,AUDI,,Depósito de Anticongelante,HLRC-3078,Cotizar,/IMAGENES  DEPOSITO RECUPERADOR HLRC/HLRC-3078.jpg,,,,AUDI,A4,V6 3.2L,2006 - 2006
HLRC-3078,Depósito de Anticongelante,AUDI,,Depósito de Anticongelante,HLRC-3078,Cotizar,/IMAGENES  DEPOSITO RECUPERADOR HLRC/HLRC-3078.jpg,,,,AUDI,A4 Quattro,V6 3.0L,2002 - 2006
HLRC-3078,Depósito de Anticongelante,AUDI,,Depósito de Anticongelante,HLRC-3078,Cotizar,/IMAGENES  DEPOSITO RECUPERADOR HLRC/HLRC-3078.jpg,,,,AUDI,A4 Quattro,V6 3.2L,2005 - 2006
HLRC-3079,Depósito de Anticongelante,AUDI,,Depósito de Anticongelante,HLRC-3079,Cotizar,/IMAGENES  DEPOSITO RECUPERADOR HLRC/HLRC-3079.jpg,,,,AUDI,A3,L4 1.8L,2001 - 2004
HLRC-3079,Depósito de Anticongelante,AUDI,,Depósito de Anticongelante,HLRC-3079,Cotizar,/IMAGENES  DEPOSITO RECUPERADOR HLRC/HLRC-3079.jpg,,,,AUDI,TT,L4 1.8L,2000 - 2006
HLRC-3079,Depósito de Anticongelante,AUDI,,Depósito de Anticongelante,HLRC-3079,Cotizar,/IMAGENES  DEPOSITO RECUPERADOR HLRC/HLRC-3079.jpg,,,,AUDI,TT Quattro,L4 1.8L,2000 - 2006
HLRC-3079,Depósito de Anticongelante,SEAT,,Depósito de Anticongelante,HLRC-3079,Cotizar,/IMAGENES  DEPOSITO RECUPERADOR HLRC/HLRC-3079.jpg,,,,SEAT,LEON,L4 1.8L,2001 - 2006
HLRC-3079,Depósito de Anticongelante,VOLKSWAGEN,,Depósito de Anticongelante,HLRC-3079,Cotizar,/IMAGENES  DEPOSITO RECUPERADOR HLRC/HLRC-3079.jpg,,,,VOLKSWAGEN,CLASICO,L4 2.0L,2011 - 2015
HLRC-3079,Depósito de Anticongelante,VOLKSWAGEN,,Depósito de Anticongelante,HLRC-3079,Cotizar,/IMAGENES  DEPOSITO RECUPERADOR HLRC/HLRC-3079.jpg,,,,VOLKSWAGEN,GOLF,L4 1.8L,2000 - 2005
HLRC-3079,Depósito de Anticongelante,VOLKSWAGEN,,Depósito de Anticongelante,HLRC-3079,Cotizar,/IMAGENES  DEPOSITO RECUPERADOR HLRC/HLRC-3079.jpg,,,,VOLKSWAGEN,GOLF,L4 2.0L,2000 - 2006
HLRC-3079,Depósito de Anticongelante,VOLKSWAGEN,,Depósito de Anticongelante,HLRC-3079,Cotizar,/IMAGENES  DEPOSITO RECUPERADOR HLRC/HLRC-3079.jpg,,,,VOLKSWAGEN,GOLF,V6 2.8L,2000 - 2005
HLRC-3079,Depósito de Anticongelante,VOLKSWAGEN,,Depósito de Anticongelante,HLRC-3079,Cotizar,/IMAGENES  DEPOSITO RECUPERADOR HLRC/HLRC-3079.jpg,,,,VOLKSWAGEN,JETTA,L4 1.8L,2000 - 2005
HLRC-3079,Depósito de Anticongelante,VOLKSWAGEN,,Depósito de Anticongelante,HLRC-3079,Cotizar,/IMAGENES  DEPOSITO RECUPERADOR HLRC/HLRC-3079.jpg,,,,VOLKSWAGEN,JETTA,L4 1.9L,1999 - 2003
HLRC-3079,Depósito de Anticongelante,VOLKSWAGEN,,Depósito de Anticongelante,HLRC-3079,Cotizar,/IMAGENES  DEPOSITO RECUPERADOR HLRC/HLRC-3079.jpg,,,,VOLKSWAGEN,JETTA,L4 1.9L,2004 - 2006
HLRC-3079,Depósito de Anticongelante,VOLKSWAGEN,,Depósito de Anticongelante,HLRC-3079,Cotizar,/IMAGENES  DEPOSITO RECUPERADOR HLRC/HLRC-3079.jpg,,,,VOLKSWAGEN,JETTA,L4 2.0L,1999 - 2010
HLRC-3079,Depósito de Anticongelante,VOLKSWAGEN,,Depósito de Anticongelante,HLRC-3079,Cotizar,/IMAGENES  DEPOSITO RECUPERADOR HLRC/HLRC-3079.jpg,,,,VOLKSWAGEN,JETTA,V6 2.8L,1999 - 2004
HLRC-3079,Depósito de Anticongelante,VOLKSWAGEN,,Depósito de Anticongelante,HLRC-3079,Cotizar,/IMAGENES  DEPOSITO RECUPERADOR HLRC/HLRC-3079.jpg,,,,VOLKSWAGEN,POINTER GTI,L4 2.0L,1998 - 2006
HLRC-3080,Depósito de Anticongelante,AUDI,,Depósito de Anticongelante,HLRC-3080,Cotizar,/IMAGENES  DEPOSITO RECUPERADOR HLRC/HLRC-3080.jpg,,,,AUDI,RS4,V8 4.2L,2007 - 2008
HLRC-3080,Depósito de Anticongelante,AUDI,,Depósito de Anticongelante,HLRC-3080,Cotizar,/IMAGENES  DEPOSITO RECUPERADOR HLRC/HLRC-3080.jpg,,,,AUDI,S4,V8 4.2L,2004 - 2009
HLRC-3081,Depósito de Anticongelante,AUDI,,Depósito de Anticongelante,HLRC-3081,Cotizar,/IMAGENES  DEPOSITO RECUPERADOR HLRC/HLRC-3081.jpg,,,,AUDI,A4,L4 1.8L,1998 - 2001
HLRC-3081,Depósito de Anticongelante,AUDI,,Depósito de Anticongelante,HLRC-3081,Cotizar,/IMAGENES  DEPOSITO RECUPERADOR HLRC/HLRC-3081.jpg,,,,AUDI,A4,V6 2.8L,1998 - 2001
HLRC-3081,Depósito de Anticongelante,AUDI,,Depósito de Anticongelante,HLRC-3081,Cotizar,/IMAGENES  DEPOSITO RECUPERADOR HLRC/HLRC-3081.jpg,,,,AUDI,A4,V6 3.0L,2002 - 2002
HLRC-3081,Depósito de Anticongelante,AUDI,,Depósito de Anticongelante,HLRC-3081,Cotizar,/IMAGENES  DEPOSITO RECUPERADOR HLRC/HLRC-3081.jpg,,,,AUDI,A4 Quattro,L4 1.8L,1998 - 2001
HLRC-3081,Depósito de Anticongelante,AUDI,,Depósito de Anticongelante,HLRC-3081,Cotizar,/IMAGENES  DEPOSITO RECUPERADOR HLRC/HLRC-3081.jpg,,,,AUDI,A4 Quattro,V6 2.8L,1998 - 2001
HLRC-3081,Depósito de Anticongelante,AUDI,,Depósito de Anticongelante,HLRC-3081,Cotizar,/IMAGENES  DEPOSITO RECUPERADOR HLRC/HLRC-3081.jpg,,,,AUDI,A4 Quattro,V6 3.0L,2002 - 2002
HLRC-3081,Depósito de Anticongelante,AUDI,,Depósito de Anticongelante,HLRC-3081,Cotizar,/IMAGENES  DEPOSITO RECUPERADOR HLRC/HLRC-3081.jpg,,,,AUDI,A4 Quattro Avant,V6 2.8L,1998 - 1998
HLRC-3081,Depósito de Anticongelante,AUDI,,Depósito de Anticongelante,HLRC-3081,Cotizar,/IMAGENES  DEPOSITO RECUPERADOR HLRC/HLRC-3081.jpg,,,,AUDI,A6,V6 2.8L,1998 - 1998
HLRC-3081,Depósito de Anticongelante,AUDI,,Depósito de Anticongelante,HLRC-3081,Cotizar,/IMAGENES  DEPOSITO RECUPERADOR HLRC/HLRC-3081.jpg,,,,AUDI,A6 Quattro,V6 2.8L,1998 - 1998
HLRC-3081,Depósito de Anticongelante,AUDI,,Depósito de Anticongelante,HLRC-3081,Cotizar,/IMAGENES  DEPOSITO RECUPERADOR HLRC/HLRC-3081.jpg,,,,AUDI,S4,V6 2.7L,2000 - 2002
HLRC-3081,Depósito de Anticongelante,VOLKSWAGEN,,Depósito de Anticongelante,HLRC-3081,Cotizar,/IMAGENES  DEPOSITO RECUPERADOR HLRC/HLRC-3081.jpg,,,,VOLKSWAGEN,PASSAT,L4 1.8L,1998 - 2005
HLRC-3081,Depósito de Anticongelante,VOLKSWAGEN,,Depósito de Anticongelante,HLRC-3081,Cotizar,/IMAGENES  DEPOSITO RECUPERADOR HLRC/HLRC-3081.jpg,,,,VOLKSWAGEN,PASSAT,V6 2.8L,1999 - 2005
HLRC-3082,Depósito de Anticongelante,AUDI,,Depósito de Anticongelante,HLRC-3082,Cotizar,/IMAGENES  DEPOSITO RECUPERADOR HLRC/HLRC-3082.jpg,,,,AUDI,A4,L4 1.8L,2002 - 2006
HLRC-3082,Depósito de Anticongelante,AUDI,,Depósito de Anticongelante,HLRC-3082,Cotizar,/IMAGENES  DEPOSITO RECUPERADOR HLRC/HLRC-3082.jpg,,,,AUDI,A4,L4 2.0L,2005 - 2008
HLRC-3082,Depósito de Anticongelante,AUDI,,Depósito de Anticongelante,HLRC-3082,Cotizar,/IMAGENES  DEPOSITO RECUPERADOR HLRC/HLRC-3082.jpg,,,,AUDI,A4,V6 3.2L,2007 - 2008
HLRC-3082,Depósito de Anticongelante,AUDI,,Depósito de Anticongelante,HLRC-3082,Cotizar,/IMAGENES  DEPOSITO RECUPERADOR HLRC/HLRC-3082.jpg,,,,AUDI,A4 Quattro,L4 1.8L,2002 - 2005
HLRC-3082,Depósito de Anticongelante,AUDI,,Depósito de Anticongelante,HLRC-3082,Cotizar,/IMAGENES  DEPOSITO RECUPERADOR HLRC/HLRC-3082.jpg,,,,AUDI,A4 Quattro,L4 2.0L,2005 - 2008
HLRC-3082,Depósito de Anticongelante,AUDI,,Depósito de Anticongelante,HLRC-3082,Cotizar,/IMAGENES  DEPOSITO RECUPERADOR HLRC/HLRC-3082.jpg,,,,AUDI,A4 Quattro,V6 3.2L,2007 - 2008
HLRC-3083,Depósito de Anticongelante,SEAT,,Depósito de Anticongelante,HLRC-3083,Cotizar,/IMAGENES  DEPOSITO RECUPERADOR HLRC/HLRC-3083.jpg,,,,SEAT,IBIZA,L4 1.6L,2001 - 2002
HLRC-3083,Depósito de Anticongelante,SEAT,,Depósito de Anticongelante,HLRC-3083,Cotizar,/IMAGENES  DEPOSITO RECUPERADOR HLRC/HLRC-3083.jpg,,,,SEAT,IBIZA,L4 2.0L,2001 - 2002
HLRC-3083,Depósito de Anticongelante,VOLKSWAGEN,,Depósito de Anticongelante,HLRC-3083,Cotizar,/IMAGENES  DEPOSITO RECUPERADOR HLRC/HLRC-3083.jpg,,,,VOLKSWAGEN,CABRIO,L4 2.0L,1995 - 2002
HLRC-3083,Depósito de Anticongelante,VOLKSWAGEN,,Depósito de Anticongelante,HLRC-3083,Cotizar,/IMAGENES  DEPOSITO RECUPERADOR HLRC/HLRC-3083.jpg,,,,VOLKSWAGEN,DERBY,L4 1.8L,1995 - 1998
HLRC-3083,Depósito de Anticongelante,VOLKSWAGEN,,Depósito de Anticongelante,HLRC-3083,Cotizar,/IMAGENES  DEPOSITO RECUPERADOR HLRC/HLRC-3083.jpg,,,,VOLKSWAGEN,GOLF,L4 1.8L,1990 - 1999
HLRC-3083,Depósito de Anticongelante,VOLKSWAGEN,,Depósito de Anticongelante,HLRC-3083,Cotizar,/IMAGENES  DEPOSITO RECUPERADOR HLRC/HLRC-3083.jpg,,,,VOLKSWAGEN,GOLF,L4 2.0L,1990 - 1999
HLRC-3083,Depósito de Anticongelante,VOLKSWAGEN,,Depósito de Anticongelante,HLRC-3083,Cotizar,/IMAGENES  DEPOSITO RECUPERADOR HLRC/HLRC-3083.jpg,,,,VOLKSWAGEN,JETTA,L4 1.8L,1990 - 1995
HLRC-3083,Depósito de Anticongelante,VOLKSWAGEN,,Depósito de Anticongelante,HLRC-3083,Cotizar,/IMAGENES  DEPOSITO RECUPERADOR HLRC/HLRC-3083.jpg,,,,VOLKSWAGEN,JETTA,L4 2.0L,1990 - 1998
HLRC-3083,Depósito de Anticongelante,VOLKSWAGEN,,Depósito de Anticongelante,HLRC-3083,Cotizar,/IMAGENES  DEPOSITO RECUPERADOR HLRC/HLRC-3083.jpg,,,,VOLKSWAGEN,PASSAT,L4 2.0L,1993 - 1996
HLRC-3083,Depósito de Anticongelante,VOLKSWAGEN,,Depósito de Anticongelante,HLRC-3083,Cotizar,/IMAGENES  DEPOSITO RECUPERADOR HLRC/HLRC-3083.jpg,,,,VOLKSWAGEN,POINTER,L4 1.8L,2002 - 2008
HLRC-3084,Depósito de Anticongelante,VOLKSWAGEN,,Depósito de Anticongelante,HLRC-3084,Cotizar,/IMAGENES  DEPOSITO RECUPERADOR HLRC/HLRC-3084.jpg,,,,VOLKSWAGEN,DERBY,L4 1.8L,1999 - 2009
HLRC-3084,Depósito de Anticongelante,VOLKSWAGEN,,Depósito de Anticongelante,HLRC-3084,Cotizar,/IMAGENES  DEPOSITO RECUPERADOR HLRC/HLRC-3084.jpg,,,,VOLKSWAGEN,DERBY,L4 2.0L,1999 - 2004
HLRC-3085,Depósito de Anticongelante,VOLKSWAGEN,,Depósito de Anticongelante,HLRC-3085,Cotizar,/IMAGENES  DEPOSITO RECUPERADOR HLRC/HLRC-3085.jpg,,,,VOLKSWAGEN,EUROVAN,L5 2.5L,2001 - 2005
HLRC-3086,Depósito de Anticongelante,VOLKSWAGEN,,Depósito de Anticongelante,HLRC-3086,Cotizar,/IMAGENES  DEPOSITO RECUPERADOR HLRC/HLRC-3086.jpg,,,,VOLKSWAGEN,POINTER,L4 1.8L,1998 - 2001
HLRC-3087,Depósito de Anticongelante,VOLKSWAGEN,,Depósito de Anticongelante,HLRC-3087,Cotizar,/IMAGENES  DEPOSITO RECUPERADOR HLRC/HLRC-3087.jpg,,,,VOLKSWAGEN,TRANSPORTER,L4 2.0L,2010 - 2017
HLRC-3088,Depósito de Anticongelante,AUDI,,Depósito de Anticongelante,HLRC-3088,Cotizar,/IMAGENES  DEPOSITO RECUPERADOR HLRC/HLRC-3088.jpg,,,,AUDI,A3,L4 2.0L,2009 - 2012
HLRC-3088,Depósito de Anticongelante,AUDI,,Depósito de Anticongelante,HLRC-3088,Cotizar,/IMAGENES  DEPOSITO RECUPERADOR HLRC/HLRC-3088.jpg,,,,AUDI,Q3,L4 2.0L,2015 - 2016
HLRC-3088,Depósito de Anticongelante,AUDI,,Depósito de Anticongelante,HLRC-3088,Cotizar,/IMAGENES  DEPOSITO RECUPERADOR HLRC/HLRC-3088.jpg,,,,AUDI,Q3 Quattro,L4 2.0L,2015 - 2016
HLRC-3088,Depósito de Anticongelante,AUDI,,Depósito de Anticongelante,HLRC-3088,Cotizar,/IMAGENES  DEPOSITO RECUPERADOR HLRC/HLRC-3088.jpg,,,,AUDI,TT,L4 2.0L,2008 - 2010
HLRC-3088,Depósito de Anticongelante,SEAT,,Depósito de Anticongelante,HLRC-3088,Cotizar,/IMAGENES  DEPOSITO RECUPERADOR HLRC/HLRC-3088.jpg,,,,SEAT,LEON,L4 2.0L,2005 - 2010
HLRC-3088,Depósito de Anticongelante,VOLKSWAGEN,,Depósito de Anticongelante,HLRC-3088,Cotizar,/IMAGENES  DEPOSITO RECUPERADOR HLRC/HLRC-3088.jpg,,,,VOLKSWAGEN,BORA,L4 2.0L,2006 - 2010
HLRC-3088,Depósito de Anticongelante,VOLKSWAGEN,,Depósito de Anticongelante,HLRC-3088,Cotizar,/IMAGENES  DEPOSITO RECUPERADOR HLRC/HLRC-3088.jpg,,,,VOLKSWAGEN,BORA,L5 2.5L,2005 - 2010
HLRC-3088,Depósito de Anticongelante,VOLKSWAGEN,,Depósito de Anticongelante,HLRC-3088,Cotizar,/IMAGENES  DEPOSITO RECUPERADOR HLRC/HLRC-3088.jpg,,,,VOLKSWAGEN,CADDY,L4 1.2L,2014 - 2015
HLRC-3088,Depósito de Anticongelante,VOLKSWAGEN,,Depósito de Anticongelante,HLRC-3088,Cotizar,/IMAGENES  DEPOSITO RECUPERADOR HLRC/HLRC-3088.jpg,,,,VOLKSWAGEN,EOS,L4 2.0L,2010 - 2010
HLRC-3088,Depósito de Anticongelante,VOLKSWAGEN,,Depósito de Anticongelante,HLRC-3088,Cotizar,/IMAGENES  DEPOSITO RECUPERADOR HLRC/HLRC-3088.jpg,,,,VOLKSWAGEN,GOLF,L4 1.4L,2011 - 2016
HLRC-3088,Depósito de Anticongelante,VOLKSWAGEN,,Depósito de Anticongelante,HLRC-3088,Cotizar,/IMAGENES  DEPOSITO RECUPERADOR HLRC/HLRC-3088.jpg,,,,VOLKSWAGEN,GOLF,L5 2.5L,2010 - 2015
HLRC-3088,Depósito de Anticongelante,VOLKSWAGEN,,Depósito de Anticongelante,HLRC-3088,Cotizar,/IMAGENES  DEPOSITO RECUPERADOR HLRC/HLRC-3088.jpg,,,,VOLKSWAGEN,GTI,L4 2.0L,2006 - 2013
HLRC-3088,Depósito de Anticongelante,VOLKSWAGEN,,Depósito de Anticongelante,HLRC-3088,Cotizar,/IMAGENES  DEPOSITO RECUPERADOR HLRC/HLRC-3088.jpg,,,,VOLKSWAGEN,JETTA,L4 1.8L,2008 - 2008
HLRC-3088,Depósito de Anticongelante,VOLKSWAGEN,,Depósito de Anticongelante,HLRC-3088,Cotizar,/IMAGENES  DEPOSITO RECUPERADOR HLRC/HLRC-3088.jpg,,,,VOLKSWAGEN,JETTA,L4 2.0L,2011 - 2015
HLRC-3088,Depósito de Anticongelante,VOLKSWAGEN,,Depósito de Anticongelante,HLRC-3088,Cotizar,/IMAGENES  DEPOSITO RECUPERADOR HLRC/HLRC-3088.jpg,,,,VOLKSWAGEN,JETTA,L5 2.5L,2011 - 2018
HLRC-3088,Depósito de Anticongelante,VOLKSWAGEN,,Depósito de Anticongelante,HLRC-3088,Cotizar,/IMAGENES  DEPOSITO RECUPERADOR HLRC/HLRC-3088.jpg,,,,VOLKSWAGEN,PASSAT,L4 2.0L,2006 - 2010
HLRC-3088,Depósito de Anticongelante,VOLKSWAGEN,,Depósito de Anticongelante,HLRC-3088,Cotizar,/IMAGENES  DEPOSITO RECUPERADOR HLRC/HLRC-3088.jpg,,,,VOLKSWAGEN,PASSAT,V6 3.6L,2006 - 2008
HLRC-3088,Depósito de Anticongelante,VOLKSWAGEN,,Depósito de Anticongelante,HLRC-3088,Cotizar,/IMAGENES  DEPOSITO RECUPERADOR HLRC/HLRC-3088.jpg,,,,VOLKSWAGEN,PASSAT,V6 3.6L,2012 - 2013
HLRC-3088,Depósito de Anticongelante,VOLKSWAGEN,,Depósito de Anticongelante,HLRC-3088,Cotizar,/IMAGENES  DEPOSITO RECUPERADOR HLRC/HLRC-3088.jpg,,,,VOLKSWAGEN,TIGUAN,L4 2.0L,2009 - 2016
HLRC-3089,Depósito de Anticongelante,VOLKSWAGEN,,Depósito de Anticongelante,HLRC-3089,Cotizar,/IMAGENES  DEPOSITO RECUPERADOR HLRC/HLRC-3089.jpg,,,,VOLKSWAGEN,CROSSFOX,L4 1.6L,2007 - 2017
HLRC-3089,Depósito de Anticongelante,VOLKSWAGEN,,Depósito de Anticongelante,HLRC-3089,Cotizar,/IMAGENES  DEPOSITO RECUPERADOR HLRC/HLRC-3089.jpg,,,,VOLKSWAGEN,GOL,L4 1.6L,2009 - 2017
HLRC-3089,Depósito de Anticongelante,VOLKSWAGEN,,Depósito de Anticongelante,HLRC-3089,Cotizar,/IMAGENES  DEPOSITO RECUPERADOR HLRC/HLRC-3089.jpg,,,,VOLKSWAGEN,SAVEIRO,L4 1.6L,2010 - 2017
HLRC-3090,Depósito de Anticongelante,NISSAN,,Depósito de Anticongelante,HLRC-3090,Cotizar,/IMAGENES  DEPOSITO RECUPERADOR HLRC/HLRC-3090.jpg,,,,NISSAN,ALTIMA,L4 2.5L,2007 - 2013
HLRC-3090,Depósito de Anticongelante,NISSAN,,Depósito de Anticongelante,HLRC-3090,Cotizar,/IMAGENES  DEPOSITO RECUPERADOR HLRC/HLRC-3090.jpg,,,,NISSAN,ALTIMA,V6 3.5L,2007 - 2013
HLRC-3090,Depósito de Anticongelante,NISSAN,,Depósito de Anticongelante,HLRC-3090,Cotizar,/IMAGENES  DEPOSITO RECUPERADOR HLRC/HLRC-3090.jpg,,,,NISSAN,MAXIMA,V6 3.5L,2009 - 2014
HLRC-3091,Depósito de Anticongelante,NISSAN,,Depósito de Anticongelante,HLRC-3091,Cotizar,/IMAGENES  DEPOSITO RECUPERADOR HLRC/HLRC-3091.jpg,,,,NISSAN,URVAN,L4 2.4L,2002 - 2007
HLRC-3092,Depósito de Anticongelante,NISSAN,,Depósito de Anticongelante,HLRC-3092,Cotizar,/IMAGENES  DEPOSITO RECUPERADOR HLRC/HLRC-3092.jpg,,,,NISSAN,ALMERA,L4 1.8L,2001 - 2005
HLRC-3092,Depósito de Anticongelante,NISSAN,,Depósito de Anticongelante,HLRC-3092,Cotizar,/IMAGENES  DEPOSITO RECUPERADOR HLRC/HLRC-3092.jpg,,,,NISSAN,SENTRA,L4 1.8L,2000 - 2006
HLRC-3092,Depósito de Anticongelante,NISSAN,,Depósito de Anticongelante,HLRC-3092,Cotizar,/IMAGENES  DEPOSITO RECUPERADOR HLRC/HLRC-3092.jpg,,,,NISSAN,SENTRA,L4 2.0L,2000 - 2001
HLRC-3092,Depósito de Anticongelante,NISSAN,,Depósito de Anticongelante,HLRC-3092,Cotizar,/IMAGENES  DEPOSITO RECUPERADOR HLRC/HLRC-3092.jpg,,,,NISSAN,SENTRA,L4 2.5L,2002 - 2006
HLRC-3093,Depósito de Anticongelante,NISSAN,,Depósito de Anticongelante,HLRC-3093,Cotizar,/IMAGENES  DEPOSITO RECUPERADOR HLRC/HLRC-3093.jpg,,,,NISSAN,SENTRA,L4 1.6L,1995 - 1999
HLRC-3093,Depósito de Anticongelante,NISSAN,,Depósito de Anticongelante,HLRC-3093,Cotizar,/IMAGENES  DEPOSITO RECUPERADOR HLRC/HLRC-3093.jpg,,,,NISSAN,TSUBAME,L4 1.6L,1993 - 2004
HLRC-3093,Depósito de Anticongelante,NISSAN,,Depósito de Anticongelante,HLRC-3093,Cotizar,/IMAGENES  DEPOSITO RECUPERADOR HLRC/HLRC-3093.jpg,,,,NISSAN,TSURU,L4 1.6L,1994 - 2013
HLRC-3094,Depósito de Anticongelante,NISSAN,,Depósito de Anticongelante,HLRC-3094,Cotizar,/IMAGENES  DEPOSITO RECUPERADOR HLRC/HLRC-3094.jpg,,,,NISSAN,FRONTIER,L4 2.4L,1999 - 2004
HLRC-3094,Depósito de Anticongelante,NISSAN,,Depósito de Anticongelante,HLRC-3094,Cotizar,/IMAGENES  DEPOSITO RECUPERADOR HLRC/HLRC-3094.jpg,,,,NISSAN,FRONTIER,V6 3.3L,1999 - 2004
HLRC-3094,Depósito de Anticongelante,NISSAN,,Depósito de Anticongelante,HLRC-3094,Cotizar,/IMAGENES  DEPOSITO RECUPERADOR HLRC/HLRC-3094.jpg,,,,NISSAN,NP300,L4 2.4L,2009 - 2021
HLRC-3094,Depósito de Anticongelante,NISSAN,,Depósito de Anticongelante,HLRC-3094,Cotizar,/IMAGENES  DEPOSITO RECUPERADOR HLRC/HLRC-3094.jpg,,,,NISSAN,NP300,L4 2.5L,2009 - 2015
HLRC-3094,Depósito de Anticongelante,NISSAN,,Depósito de Anticongelante,HLRC-3094,Cotizar,/IMAGENES  DEPOSITO RECUPERADOR HLRC/HLRC-3094.jpg,,,,NISSAN,X-TERRA,L4 2.4L,1999 - 2004
HLRC-3094,Depósito de Anticongelante,NISSAN,,Depósito de Anticongelante,HLRC-3094,Cotizar,/IMAGENES  DEPOSITO RECUPERADOR HLRC/HLRC-3094.jpg,,,,NISSAN,X-TERRA,V6 3.3L,1999 - 2004
HLRC-3095,Depósito de Anticongelante,NISSAN,,Depósito de Anticongelante,HLRC-3095,Cotizar,/IMAGENES  DEPOSITO RECUPERADOR HLRC/HLRC-3095.jpg,,,,NISSAN,SENTRA,L4 2.0L,2007 - 2012
HLRC-3095,Depósito de Anticongelante,NISSAN,,Depósito de Anticongelante,HLRC-3095,Cotizar,/IMAGENES  DEPOSITO RECUPERADOR HLRC/HLRC-3095.jpg,,,,NISSAN,SENTRA,L4 2.5L,2007 - 2012
HLRC-3096,Depósito de Anticongelante,FIAT,,Depósito de Anticongelante,HLRC-3096,Cotizar,/IMAGENES  DEPOSITO RECUPERADOR HLRC/HLRC-3096.jpg,,,,FIAT,PALIO,L4 1.6L,2004 - 2011
HLRC-3096,Depósito de Anticongelante,FIAT,,Depósito de Anticongelante,HLRC-3096,Cotizar,/IMAGENES  DEPOSITO RECUPERADOR HLRC/HLRC-3096.jpg,,,,FIAT,PALIO,L4 1.8L,2005 - 2011
HLRC-3097,Depósito de Anticongelante,FIAT,,Depósito de Anticongelante,HLRC-3097,Cotizar,/IMAGENES  DEPOSITO RECUPERADOR HLRC/HLRC-3097.jpg,,,,FIAT,PALIO,L4 1.6L,2004 - 2011
HLRC-3097,Depósito de Anticongelante,FIAT,,Depósito de Anticongelante,HLRC-3097,Cotizar,/IMAGENES  DEPOSITO RECUPERADOR HLRC/HLRC-3097.jpg,,,,FIAT,PALIO,L4 1.8L,2006 - 2008
HLRC-3097,Depósito de Anticongelante,RAM,,Depósito de Anticongelante,HLRC-3097,Cotizar,/IMAGENES  DEPOSITO RECUPERADOR HLRC/HLRC-3097.jpg,,,,RAM,700,L4 1.6L,2015 - 2017
HLRC-3098,Depósito de Anticongelante,FORD,,Depósito de Anticongelante,HLRC-3098,Cotizar,/IMAGENES  DEPOSITO RECUPERADOR HLRC/HLRC-3098.jpg,,,,FORD,RANGER,L4 2.3L,2007 - 2012
HLRC-3099,Depósito de Anticongelante,FORD,,Depósito de Anticongelante,HLRC-3099,Cotizar,/IMAGENES  DEPOSITO RECUPERADOR HLRC/HLRC-3099.jpg,,,,FORD,FREESTAR,V6 3.9L,2004 - 2007
HLRC-3099,Depósito de Anticongelante,FORD,,Depósito de Anticongelante,HLRC-3099,Cotizar,/IMAGENES  DEPOSITO RECUPERADOR HLRC/HLRC-3099.jpg,,,,FORD,FREESTAR,V6 4.2L,2004 - 2007
HLRC-3099,Depósito de Anticongelante,FORD,,Depósito de Anticongelante,HLRC-3099,Cotizar,/IMAGENES  DEPOSITO RECUPERADOR HLRC/HLRC-3099.jpg,,,,FORD,WINDSTAR,V6 3.0L,1999 - 2000
HLRC-3099,Depósito de Anticongelante,FORD,,Depósito de Anticongelante,HLRC-3099,Cotizar,/IMAGENES  DEPOSITO RECUPERADOR HLRC/HLRC-3099.jpg,,,,FORD,WINDSTAR,V6 3.8L,1999 - 2003
HLRC-3099,Depósito de Anticongelante,MERCURY,,Depósito de Anticongelante,HLRC-3099,Cotizar,/IMAGENES  DEPOSITO RECUPERADOR HLRC/HLRC-3099.jpg,,,,MERCURY,MONTEREY,V6 4.2L,2004 - 2007
HLRC-3100,Depósito de Anticongelante,FORD,,Depósito de Anticongelante,HLRC-3100,Cotizar,/IMAGENES  DEPOSITO RECUPERADOR HLRC/HLRC-3100.jpg,,,,FORD,RANGER,L4 2.3L,2001 - 2011
HLRC-3101,Depósito de Anticongelante,,,Depósito de Anticongelante,HLRC-3101,Cotizar,/IMAGENES  DEPOSITO RECUPERADOR HLRC/HLRC-3101.jpg,,,,,,,
HLRC-3102,Depósito de Anticongelante,CHEVROLET,,Depósito de Anticongelante,HLRC-3102,Cotizar,/IMAGENES  DEPOSITO RECUPERADOR HLRC/HLRC-3102.jpg,,,,CHEVROLET,MERIVA,L4 1.8L,2004 - 2008
HLRC-3103,Depósito de Anticongelante,CHEVROLET,,Depósito de Anticongelante,HLRC-3103,Cotizar,/IMAGENES  DEPOSITO RECUPERADOR HLRC/HLRC-3103.jpg,,,,CHEVROLET,CORSA,L4 1.8L,2002 - 2008
HLRC-3103,Depósito de Anticongelante,CHEVROLET,,Depósito de Anticongelante,HLRC-3103,Cotizar,/IMAGENES  DEPOSITO RECUPERADOR HLRC/HLRC-3103.jpg,,,,CHEVROLET,TORNADO,L4 1.8L,2003 - 2011
HLRC-3104,Depósito de Anticongelante,CHEVROLET,,Depósito de Anticongelante,HLRC-3104,Cotizar,/IMAGENES  DEPOSITO RECUPERADOR HLRC/HLRC-3104.jpg,,,,CHEVROLET,CORSA,L4 1.8L,2002 - 2008
HLRC-3104,Depósito de Anticongelante,CHEVROLET,,Depósito de Anticongelante,HLRC-3104,Cotizar,/IMAGENES  DEPOSITO RECUPERADOR HLRC/HLRC-3104.jpg,,,,CHEVROLET,TORNADO,L4 1.8L,2003 - 2011
HLRC-3105,Depósito de Anticongelante,CHEVROLET,,Depósito de Anticongelante,HLRC-3105,Cotizar,/IMAGENES  DEPOSITO RECUPERADOR HLRC/HLRC-3105.jpg,,,,CHEVROLET,MERIVA,L4 1.8L,2004 - 2008
HLRC-3106,Depósito de Anticongelante,CHEVROLET,,Depósito de Anticongelante,HLRC-3106,Cotizar,/IMAGENES  DEPOSITO RECUPERADOR HLRC/HLRC-3106.jpg,,,,CHEVROLET,CHEVY,L4 1.4L,1994 - 2003
HLRC-3106,Depósito de Anticongelante,CHEVROLET,,Depósito de Anticongelante,HLRC-3106,Cotizar,/IMAGENES  DEPOSITO RECUPERADOR HLRC/HLRC-3106.jpg,,,,CHEVROLET,CHEVY,L4 1.6L,1997 - 2013
HLRC-3107,Depósito de Anticongelante,VOLKSWAGEN,,Depósito de Anticongelante,HLRC-3107,Cotizar,/IMAGENES  DEPOSITO RECUPERADOR HLRC/HLRC-3107.jpg,,,,VOLKSWAGEN,TOUAREG,V10 4.9L,2004
HLRC-3107,Depósito de Anticongelante,VOLKSWAGEN,,Depósito de Anticongelante,HLRC-3107,Cotizar,/IMAGENES  DEPOSITO RECUPERADOR HLRC/HLRC-3107.jpg,,,,VOLKSWAGEN,TOUAREG,V6 3.2L,2004-2007
HLRC-3107,Depósito de Anticongelante,VOLKSWAGEN,,Depósito de Anticongelante,HLRC-3107,Cotizar,/IMAGENES  DEPOSITO RECUPERADOR HLRC/HLRC-3107.jpg,,,,VOLKSWAGEN,TOUAREG,V8 4.2L,2004-2009
HLRC-3107,Depósito de Anticongelante,VOLKSWAGEN,,Depósito de Anticongelante,HLRC-3107,Cotizar,/IMAGENES  DEPOSITO RECUPERADOR HLRC/HLRC-3107.jpg,,,,VOLKSWAGEN,TOUAREG,V10 5.0L,2005-2008
HLRC-3107,Depósito de Anticongelante,AUDI,,Depósito de Anticongelante,HLRC-3107,Cotizar,/IMAGENES  DEPOSITO RECUPERADOR HLRC/HLRC-3107.jpg,,,,AUDI,Q7,V6 3.6L,2007-2010
HLRC-3107,Depósito de Anticongelante,VOLKSWAGEN,,Depósito de Anticongelante,HLRC-3107,Cotizar,/IMAGENES  DEPOSITO RECUPERADOR HLRC/HLRC-3107.jpg,,,,VOLKSWAGEN,TOUAREG,V6 3.6L,2007-2010
HLRC-3107,Depósito de Anticongelante,AUDI,,Depósito de Anticongelante,HLRC-3107,Cotizar,/IMAGENES  DEPOSITO RECUPERADOR HLRC/HLRC-3107.jpg,,,,AUDI,Q7,V8 4.2L,2007-2015
HLRC-3107,Depósito de Anticongelante,AUDI,,Depósito de Anticongelante,HLRC-3107,Cotizar,/IMAGENES  DEPOSITO RECUPERADOR HLRC/HLRC-3107.jpg,,,,AUDI,Q7,V6 3.0L,2008-2015
HLRC-3107,Depósito de Anticongelante,VOLKSWAGEN,,Depósito de Anticongelante,HLRC-3107,Cotizar,/IMAGENES  DEPOSITO RECUPERADOR HLRC/HLRC-3107.jpg,,,,VOLKSWAGEN,TOUAREG,V6 3.0L,2009-2010
HLRC-3107,Depósito de Anticongelante,AUDI,,Depósito de Anticongelante,HLRC-3107,Cotizar,/IMAGENES  DEPOSITO RECUPERADOR HLRC/HLRC-3107.jpg,,,,AUDI,Q7 TDI,V6 3.0L,2011-2015
HLRC-3108,Depósito de Anticongelante,,,Depósito de Anticongelante,HLRC-3108,Cotizar,/IMAGENES  DEPOSITO RECUPERADOR HLRC/HLRC-3108.jpg,,,,,,,
HLRC-3109,Depósito de Anticongelante,DODGE/RAM,,Depósito de Anticongelante,HLRC-3109,Cotizar,/IMAGENES  DEPOSITO RECUPERADOR HLRC/HLRC-3109.jpg,,,,DODGE/RAM,RAM 1500 1/2 TON,V6 3.7L,2002-2003
HLRC-3109,Depósito de Anticongelante,DODGE/RAM,,Depósito de Anticongelante,HLRC-3109,Cotizar,/IMAGENES  DEPOSITO RECUPERADOR HLRC/HLRC-3109.jpg,,,,DODGE/RAM,RAM 1500 1/2 TON,V8 4.7L,2002-2003
HLRC-3109,Depósito de Anticongelante,DODGE/RAM,,Depósito de Anticongelante,HLRC-3109,Cotizar,/IMAGENES  DEPOSITO RECUPERADOR HLRC/HLRC-3109.jpg,,,,DODGE/RAM,RAM 2500 3/4 TON,V8 4.7L,2002-2003
HLRC-3109,Depósito de Anticongelante,DODGE/RAM,,Depósito de Anticongelante,HLRC-3109,Cotizar,/IMAGENES  DEPOSITO RECUPERADOR HLRC/HLRC-3109.jpg,,,,DODGE/RAM,RAM 1500 1/2 TON,V8 5.7L,2003
HLRC-3109,Depósito de Anticongelante,DODGE/RAM,,Depósito de Anticongelante,HLRC-3109,Cotizar,/IMAGENES  DEPOSITO RECUPERADOR HLRC/HLRC-3109.jpg,,,,DODGE/RAM,RAM 1500 1/2 TON,V8 5.9L,2003
HLRC-3109,Depósito de Anticongelante,DODGE/RAM,,Depósito de Anticongelante,HLRC-3109,Cotizar,/IMAGENES  DEPOSITO RECUPERADOR HLRC/HLRC-3109.jpg,,,,DODGE/RAM,RAM 1500 VAN,V8 5.9L,2003
HLRC-3109,Depósito de Anticongelante,DODGE/RAM,,Depósito de Anticongelante,HLRC-3109,Cotizar,/IMAGENES  DEPOSITO RECUPERADOR HLRC/HLRC-3109.jpg,,,,DODGE/RAM,RAM 2500 3/4 TON,V10 8.0L,2003
HLRC-3109,Depósito de Anticongelante,DODGE/RAM,,Depósito de Anticongelante,HLRC-3109,Cotizar,/IMAGENES  DEPOSITO RECUPERADOR HLRC/HLRC-3109.jpg,,,,DODGE/RAM,RAM 2500 3/4 TON,V6 5.9L,2003
HLRC-3109,Depósito de Anticongelante,DODGE/RAM,,Depósito de Anticongelante,HLRC-3109,Cotizar,/IMAGENES  DEPOSITO RECUPERADOR HLRC/HLRC-3109.jpg,,,,DODGE/RAM,RAM 2500 3/4 TON,V8 5.7L,2003
HLRC-3109,Depósito de Anticongelante,DODGE/RAM,,Depósito de Anticongelante,HLRC-3109,Cotizar,/IMAGENES  DEPOSITO RECUPERADOR HLRC/HLRC-3109.jpg,,,,DODGE/RAM,RAM 2500 VAN,V8 5.9L,2003
HLRC-3109,Depósito de Anticongelante,DODGE/RAM,,Depósito de Anticongelante,HLRC-3109,Cotizar,/IMAGENES  DEPOSITO RECUPERADOR HLRC/HLRC-3109.jpg,,,,DODGE/RAM,RAM 3500 1 TON,V10 8.0L,2003
HLRC-3109,Depósito de Anticongelante,DODGE/RAM,,Depósito de Anticongelante,HLRC-3109,Cotizar,/IMAGENES  DEPOSITO RECUPERADOR HLRC/HLRC-3109.jpg,,,,DODGE/RAM,RAM 3500 1 TON,V6 5.9L,2003
HLRC-3109,Depósito de Anticongelante,DODGE/RAM,,Depósito de Anticongelante,HLRC-3109,Cotizar,/IMAGENES  DEPOSITO RECUPERADOR HLRC/HLRC-3109.jpg,,,,DODGE/RAM,RAM 3500 1 TON,V8 5.7L,2003
HLRC-3109,Depósito de Anticongelante,DODGE/RAM,,Depósito de Anticongelante,HLRC-3109,Cotizar,/IMAGENES  DEPOSITO RECUPERADOR HLRC/HLRC-3109.jpg,,,,DODGE/RAM,RAM 3500 VAN,V8 5.9L,2003
HLRC-3110,Depósito de Anticongelante,,,Depósito de Anticongelante,HLRC-3110,Cotizar,/IMAGENES  DEPOSITO RECUPERADOR HLRC/HLRC-3110.jpg,,,,,,,
HLRC-3111,Depósito de Anticongelante,,,Depósito de Anticongelante,HLRC-3111,Cotizar,/IMAGENES  DEPOSITO RECUPERADOR HLRC/HLRC-3111.jpg,,,,,,,
HLRC-3112,Depósito de Anticongelante,CHRYSLER,,Depósito de Anticongelante,HLRC-3112,Cotizar,/IMAGENES  DEPOSITO RECUPERADOR HLRC/HLRC-3112.jpg,,,,CHRYSLER,CONCORD,V6 3.3 3.5,1993-1997
HLRC-3112,Depósito de Anticongelante,DODGE,,Depósito de Anticongelante,HLRC-3112,Cotizar,/IMAGENES  DEPOSITO RECUPERADOR HLRC/HLRC-3112.jpg,,,,DODGE,INTREPID,V6 3.3 3.5,1993-1997
HLRC-3113,Depósito de Anticongelante,SEAT,,Depósito de Anticongelante,HLRC-3113,Cotizar,/IMAGENES  DEPOSITO RECUPERADOR HLRC/HLRC-3113.jpg,,,,SEAT,ALHAMBRA,V6 2.8L,2002-2005
HLRC-3113,Depósito de Anticongelante,SEAT,,Depósito de Anticongelante,HLRC-3113,Cotizar,/IMAGENES  DEPOSITO RECUPERADOR HLRC/HLRC-3113.jpg,,,,SEAT,ALHAMBRA,L4 1.8L,2002-2007
HLRC-3113,Depósito de Anticongelante,VOLKSWAGEN,,Depósito de Anticongelante,HLRC-3113,Cotizar,/IMAGENES  DEPOSITO RECUPERADOR HLRC/HLRC-3113.jpg,,,,VOLKSWAGEN,SHARAN,L4 1.8L,2002-2008
HLRC-3113,Depósito de Anticongelante,SEAT,,Depósito de Anticongelante,HLRC-3113,Cotizar,/IMAGENES  DEPOSITO RECUPERADOR HLRC/HLRC-3113.jpg,,,,SEAT,ALHAMBRA,V6 2.8L,2007-2008
HLRC-3114,Depósito de Anticongelante,VOLVO,,Depósito de Anticongelante,HLRC-3114,Cotizar,/IMAGENES  DEPOSITO RECUPERADOR HLRC/HLRC-3114.jpg,,,,VOLVO,S40,L4 1.9L,1999-2004
HLRC-3114,Depósito de Anticongelante,VOLVO,,Depósito de Anticongelante,HLRC-3114,Cotizar,/IMAGENES  DEPOSITO RECUPERADOR HLRC/HLRC-3114.jpg,,,,VOLVO,V40,L4 1.9L,1999-2004
HLRC-3114,Depósito de Anticongelante,VOLVO,,Depósito de Anticongelante,HLRC-3114,Cotizar,/IMAGENES  DEPOSITO RECUPERADOR HLRC/HLRC-3114.jpg,,,,VOLVO,S40,L4 1.9L,1999-2004
HLRC-3115,Depósito de Anticongelante,SATURN,,Depósito de Anticongelante,HLRC-3115,Cotizar,/IMAGENES  DEPOSITO RECUPERADOR HLRC/HLRC-3115.jpg,,,,SATURN,SC,L4 1.9L,1991-1992
HLRC-3115,Depósito de Anticongelante,SATURN,,Depósito de Anticongelante,HLRC-3115,Cotizar,/IMAGENES  DEPOSITO RECUPERADOR HLRC/HLRC-3115.jpg,,,,SATURN,SL,L4 1.9L,1991-2002
HLRC-3115,Depósito de Anticongelante,SATURN,,Depósito de Anticongelante,HLRC-3115,Cotizar,/IMAGENES  DEPOSITO RECUPERADOR HLRC/HLRC-3115.jpg,,,,SATURN,SW1,L4 1.9L,1993-1999
HLRC-3115,Depósito de Anticongelante,SATURN,,Depósito de Anticongelante,HLRC-3115,Cotizar,/IMAGENES  DEPOSITO RECUPERADOR HLRC/HLRC-3115.jpg,,,,SATURN,SW2,L4 1.9L,1993-2001
HLRC-3115,Depósito de Anticongelante,SATURN,,Depósito de Anticongelante,HLRC-3115,Cotizar,/IMAGENES  DEPOSITO RECUPERADOR HLRC/HLRC-3115.jpg,,,,SATURN,SC1,L4 1.9L,1993-2002
HLRC-3115,Depósito de Anticongelante,SATURN,,Depósito de Anticongelante,HLRC-3115,Cotizar,/IMAGENES  DEPOSITO RECUPERADOR HLRC/HLRC-3115.jpg,,,,SATURN,SC2,L4 1.9L,1993-2002
HLRC-3116,Depósito de Anticongelante,CHRYSLER,,Depósito de Anticongelante,HLRC-3116,Cotizar,/IMAGENES  DEPOSITO RECUPERADOR HLRC/HLRC-3116.jpg,,,,CHRYSLER,CONCORDE,V6 3.2L,1998-2001
HLRC-3116,Depósito de Anticongelante,CHRYSLER,,Depósito de Anticongelante,HLRC-3116,Cotizar,/IMAGENES  DEPOSITO RECUPERADOR HLRC/HLRC-3116.jpg,,,,CHRYSLER,INTREPID,V6 3.2L,1998-2001
HLRC-3116,Depósito de Anticongelante,DODGE/RAM,,Depósito de Anticongelante,HLRC-3116,Cotizar,/IMAGENES  DEPOSITO RECUPERADOR HLRC/HLRC-3116.jpg,,,,DODGE/RAM,INTREPID,V6 3.2L,1998-2001
HLRC-3116,Depósito de Anticongelante,CHRYSLER,,Depósito de Anticongelante,HLRC-3116,Cotizar,/IMAGENES  DEPOSITO RECUPERADOR HLRC/HLRC-3116.jpg,,,,CHRYSLER,CONCORDE,V6 2.7L,1998-2004
HLRC-3116,Depósito de Anticongelante,CHRYSLER,,Depósito de Anticongelante,HLRC-3116,Cotizar,/IMAGENES  DEPOSITO RECUPERADOR HLRC/HLRC-3116.jpg,,,,CHRYSLER,INTREPID,V6 2.7L,1998-2004
HLRC-3116,Depósito de Anticongelante,DODGE/RAM,,Depósito de Anticongelante,HLRC-3116,Cotizar,/IMAGENES  DEPOSITO RECUPERADOR HLRC/HLRC-3116.jpg,,,,DODGE/RAM,INTREPID,V6 2.7L,1998-2004
HLRC-3116,Depósito de Anticongelante,CHRYSLER,,Depósito de Anticongelante,HLRC-3116,Cotizar,/IMAGENES  DEPOSITO RECUPERADOR HLRC/HLRC-3116.jpg,,,,CHRYSLER,LHS,V6 3.5L,1999-2001
HLRC-3116,Depósito de Anticongelante,CHRYSLER,,Depósito de Anticongelante,HLRC-3116,Cotizar,/IMAGENES  DEPOSITO RECUPERADOR HLRC/HLRC-3116.jpg,,,,CHRYSLER,300,V6 3.5L,1999-2004
HLRC-3116,Depósito de Anticongelante,CHRYSLER,,Depósito de Anticongelante,HLRC-3116,Cotizar,/IMAGENES  DEPOSITO RECUPERADOR HLRC/HLRC-3116.jpg,,,,CHRYSLER,INTREPID,V6 3.5L,2000
HLRC-3116,Depósito de Anticongelante,DODGE/RAM,,Depósito de Anticongelante,HLRC-3116,Cotizar,/IMAGENES  DEPOSITO RECUPERADOR HLRC/HLRC-3116.jpg,,,,DODGE/RAM,INTREPID,V6 3.5L,2000-2004
HLRC-3116,Depósito de Anticongelante,CHRYSLER,,Depósito de Anticongelante,HLRC-3116,Cotizar,/IMAGENES  DEPOSITO RECUPERADOR HLRC/HLRC-3116.jpg,,,,CHRYSLER,CONCORDE,V6 3.5L,2002-2004
HLRC-3116,Depósito de Anticongelante,CHRYSLER,,Depósito de Anticongelante,HLRC-3116,Cotizar,/IMAGENES  DEPOSITO RECUPERADOR HLRC/HLRC-3116.jpg,,,,CHRYSLER,INTREPID,V6 3.5L,2003-2004
HLRC-3117,Depósito de Anticongelante,CHRYSLER,,Depósito de Anticongelante,HLRC-3117,Cotizar,/IMAGENES  DEPOSITO RECUPERADOR HLRC/HLRC-3117.jpg,,,,CHRYSLER,PACIFICA,V6 3.5L,2004-2006
HLRC-3117,Depósito de Anticongelante,CHRYSLER,,Depósito de Anticongelante,HLRC-3117,Cotizar,/IMAGENES  DEPOSITO RECUPERADOR HLRC/HLRC-3117.jpg,,,,CHRYSLER,PACIFICA,V6 3.8L,2005-2008
HLRC-3117,Depósito de Anticongelante,CHRYSLER,,Depósito de Anticongelante,HLRC-3117,Cotizar,/IMAGENES  DEPOSITO RECUPERADOR HLRC/HLRC-3117.jpg,,,,CHRYSLER,PACIFICA,V6 4.0L,2007-2008
HLRC-3117,Depósito de Anticongelante,CHRYSLER,,Depósito de Anticongelante,HLRC-3117,Cotizar,/IMAGENES  DEPOSITO RECUPERADOR HLRC/HLRC-3117.jpg,,,,CHRYSLER,PACIFICA,V6 3.5L,2004-2008
HLRC-3118,Depósito de Anticongelante,,,Depósito de Anticongelante,HLRC-3118,Cotizar,/IMAGENES  DEPOSITO RECUPERADOR HLRC/HLRC-3118.jpg,,,,,,,
HLRC-3119,Depósito de Anticongelante,FORD,,Depósito de Anticongelante,HLRC-3119,Cotizar,/IMAGENES  DEPOSITO RECUPERADOR HLRC/HLRC-3119.jpg,,,,FORD,ESCAPE,L4 2.0L,2013-2016
HLRC-3119,Depósito de Anticongelante,FORD,,Depósito de Anticongelante,HLRC-3119,Cotizar,/IMAGENES  DEPOSITO RECUPERADOR HLRC/HLRC-3119.jpg,,,,FORD,ESCAPE,L4 2.5L,2013-2016
HLRC-3119,Depósito de Anticongelante,FORD,,Depósito de Anticongelante,HLRC-3119,Cotizar,/IMAGENES  DEPOSITO RECUPERADOR HLRC/HLRC-3119.jpg,,,,FORD,FOCUS,L4 2.0L,2013-2018
HLRC-3119,Depósito de Anticongelante,FORD,,Depósito de Anticongelante,HLRC-3119,Cotizar,/IMAGENES  DEPOSITO RECUPERADOR HLRC/HLRC-3119.jpg,,,,FORD,TRANSIT,L4 2.5L,2014-2019
HLRC-3119,Depósito de Anticongelante,FORD,,Depósito de Anticongelante,HLRC-3119,Cotizar,/IMAGENES  DEPOSITO RECUPERADOR HLRC/HLRC-3119.jpg,,,,FORD,FOCUS,L4 2.3L,2016-2018
HLRC-3120,Depósito de Anticongelante,FORD,,Depósito de Anticongelante,HLRC-3120,Cotizar,/IMAGENES  DEPOSITO RECUPERADOR HLRC/HLRC-3120.jpg,,,,FORD,FOCUS,L4 2.0L,2008-2011
HLRC-3121,Depósito de Anticongelante,FORD,,Depósito de Anticongelante,HLRC-3121,Cotizar,/IMAGENES  DEPOSITO RECUPERADOR HLRC/HLRC-3121.jpg,,,,FORD,TRANSIT,L4 2.2L,2007-2014
HLRC-3122,Depósito de Anticongelante,VOLKSWAGEN,,Depósito de Anticongelante,HLRC-3122,Cotizar,/IMAGENES  DEPOSITO RECUPERADOR HLRC/HLRC-3122.jpg,,,,VOLKSWAGEN,EUROVAN,L4 1.9L,2006-2009
HLRC-3122,Depósito de Anticongelante,VOLKSWAGEN,,Depósito de Anticongelante,HLRC-3122,Cotizar,/IMAGENES  DEPOSITO RECUPERADOR HLRC/HLRC-3122.jpg,,,,VOLKSWAGEN,TRANSPORTER,L4 2.0L,2010-2020
HLRC-3123,Depósito de Anticongelante,SEAT,,Depósito de Anticongelante,HLRC-3123,Cotizar,/IMAGENES  DEPOSITO RECUPERADOR HLRC/HLRC-3123.jpg,,,,SEAT,IBIZA,L3 1.0L,2018-2022
HLRC-3123,Depósito de Anticongelante,SEAT,,Depósito de Anticongelante,HLRC-3123,Cotizar,/IMAGENES  DEPOSITO RECUPERADOR HLRC/HLRC-3123.jpg,,,,SEAT,IBIZA,L4 1.6L,2018-2023
HLRC-3123,Depósito de Anticongelante,AUDI,,Depósito de Anticongelante,HLRC-3123,Cotizar,/IMAGENES  DEPOSITO RECUPERADOR HLRC/HLRC-3123.jpg,,,,AUDI,A1,L3 1.0L,2020-2023
HLRC-3123,Depósito de Anticongelante,VOLKSWAGEN,,Depósito de Anticongelante,HLRC-3123,Cotizar,/IMAGENES  DEPOSITO RECUPERADOR HLRC/HLRC-3123.jpg,,,,VOLKSWAGEN,VIRTUS,L4 1.6L,2020-2023
HLRC-3123,Depósito de Anticongelante,VOLKSWAGEN,,Depósito de Anticongelante,HLRC-3123,Cotizar,/IMAGENES  DEPOSITO RECUPERADOR HLRC/HLRC-3123.jpg,,,,VOLKSWAGEN,T-CROSS,L4 1.6L,2020-2024
HLRC-3123,Depósito de Anticongelante,AUDI,,Depósito de Anticongelante,HLRC-3123,Cotizar,/IMAGENES  DEPOSITO RECUPERADOR HLRC/HLRC-3123.jpg,,,,AUDI,A1,L4 2.0L,2021-2022
HLRC-3123,Depósito de Anticongelante,VOLKSWAGEN,,Depósito de Anticongelante,HLRC-3123,Cotizar,/IMAGENES  DEPOSITO RECUPERADOR HLRC/HLRC-3123.jpg,,,,VOLKSWAGEN,NIVUS,L3 1.0L,2022-2024
HLRC-3124,Depósito de Anticongelante,VOLVO,,Depósito de Anticongelante,HLRC-3124,Cotizar,/IMAGENES  DEPOSITO RECUPERADOR HLRC/HLRC-3124.jpg,,,,VOLVO,V70,L5 2.3L,1998-2004
HLRC-3124,Depósito de Anticongelante,VOLVO,,Depósito de Anticongelante,HLRC-3124,Cotizar,/IMAGENES  DEPOSITO RECUPERADOR HLRC/HLRC-3124.jpg,,,,VOLVO,V70,L5 2.4L,1998-2007
HLRC-3124,Depósito de Anticongelante,VOLVO,,Depósito de Anticongelante,HLRC-3124,Cotizar,/IMAGENES  DEPOSITO RECUPERADOR HLRC/HLRC-3124.jpg,,,,VOLVO,S70,L5 2.3L,1999-2000
HLRC-3124,Depósito de Anticongelante,VOLVO,,Depósito de Anticongelante,HLRC-3124,Cotizar,/IMAGENES  DEPOSITO RECUPERADOR HLRC/HLRC-3124.jpg,,,,VOLVO,S70,L5 2.4L,1999-2000
HLRC-3124,Depósito de Anticongelante,VOLVO,,Depósito de Anticongelante,HLRC-3124,Cotizar,/IMAGENES  DEPOSITO RECUPERADOR HLRC/HLRC-3124.jpg,,,,VOLVO,S80,V6 2.8L,1999-2001
HLRC-3124,Depósito de Anticongelante,VOLVO,,Depósito de Anticongelante,HLRC-3124,Cotizar,/IMAGENES  DEPOSITO RECUPERADOR HLRC/HLRC-3124.jpg,,,,VOLVO,C70,L5 2.4L,1999-2002
HLRC-3124,Depósito de Anticongelante,VOLVO,,Depósito de Anticongelante,HLRC-3124,Cotizar,/IMAGENES  DEPOSITO RECUPERADOR HLRC/HLRC-3124.jpg,,,,VOLVO,C70,L5 2.3L,1999-2004
HLRC-3124,Depósito de Anticongelante,VOLVO,,Depósito de Anticongelante,HLRC-3124,Cotizar,/IMAGENES  DEPOSITO RECUPERADOR HLRC/HLRC-3124.jpg,,,,VOLVO,S80,V6 2.9L,1999-2005
HLRC-3124,Depósito de Anticongelante,VOLVO,,Depósito de Anticongelante,HLRC-3124,Cotizar,/IMAGENES  DEPOSITO RECUPERADOR HLRC/HLRC-3124.jpg,,,,VOLVO,S60,L5 2.0L,2001-2004
HLRC-3124,Depósito de Anticongelante,VOLVO,,Depósito de Anticongelante,HLRC-3124,Cotizar,/IMAGENES  DEPOSITO RECUPERADOR HLRC/HLRC-3124.jpg,,,,VOLVO,S60,L5 2.3L,2001-2004
HLRC-3124,Depósito de Anticongelante,VOLVO,,Depósito de Anticongelante,HLRC-3124,Cotizar,/IMAGENES  DEPOSITO RECUPERADOR HLRC/HLRC-3124.jpg,,,,VOLVO,S60,L5 2.4L,2001-2009
HLRC-3124,Depósito de Anticongelante,VOLVO,,Depósito de Anticongelante,HLRC-3124,Cotizar,/IMAGENES  DEPOSITO RECUPERADOR HLRC/HLRC-3124.jpg,,,,VOLVO,XC70,L5 2.5L,2003-2005
HLRC-3124,Depósito de Anticongelante,VOLVO,,Depósito de Anticongelante,HLRC-3124,Cotizar,/IMAGENES  DEPOSITO RECUPERADOR HLRC/HLRC-3124.jpg,,,,VOLVO,V70,L5 2.5L,2003-2007
HLRC-3124,Depósito de Anticongelante,VOLVO,,Depósito de Anticongelante,HLRC-3124,Cotizar,/IMAGENES  DEPOSITO RECUPERADOR HLRC/HLRC-3124.jpg,,,,VOLVO,XC90,L5 2.5L,2003-2007
HLRC-3124,Depósito de Anticongelante,VOLVO,,Depósito de Anticongelante,HLRC-3124,Cotizar,/IMAGENES  DEPOSITO RECUPERADOR HLRC/HLRC-3124.jpg,,,,VOLVO,S60,L5 2.5L,2003-2009
HLRC-3124,Depósito de Anticongelante,VOLVO,,Depósito de Anticongelante,HLRC-3124,Cotizar,/IMAGENES  DEPOSITO RECUPERADOR HLRC/HLRC-3124.jpg,,,,VOLVO,C70,L5 2.4L,2004
HLRC-3124,Depósito de Anticongelante,VOLVO,,Depósito de Anticongelante,HLRC-3124,Cotizar,/IMAGENES  DEPOSITO RECUPERADOR HLRC/HLRC-3124.jpg,,,,VOLVO,S80,L5 2.5L,2004-2006
HLRC-3124,Depósito de Anticongelante,VOLVO,,Depósito de Anticongelante,HLRC-3124,Cotizar,/IMAGENES  DEPOSITO RECUPERADOR HLRC/HLRC-3124.jpg,,,,VOLVO,XC70,L5 2.5L,2007
HLRC-3124,Depósito de Anticongelante,VOLVO,,Depósito de Anticongelante,HLRC-3124,Cotizar,/IMAGENES  DEPOSITO RECUPERADOR HLRC/HLRC-3124.jpg,,,,VOLVO,XC90,L5 2.5L,2011-2014
HLRC-3125,Depósito de Anticongelante,FIAT,,Depósito de Anticongelante,HLRC-3125,Cotizar,/IMAGENES  DEPOSITO RECUPERADOR HLRC/HLRC-3125.jpg,,,,FIAT,PANDA,L4 1.2L,2007-2009
HLRC-3125,Depósito de Anticongelante,FIAT,,Depósito de Anticongelante,HLRC-3125,Cotizar,/IMAGENES  DEPOSITO RECUPERADOR HLRC/HLRC-3125.jpg,,,,FIAT,500,L4 1.4L,2009-2020
HLRC-3125,Depósito de Anticongelante,FIAT,,Depósito de Anticongelante,HLRC-3125,Cotizar,/IMAGENES  DEPOSITO RECUPERADOR HLRC/HLRC-3125.jpg,,,,FIAT,PANDA,L4 1.2L,2011-2012
HLRC-3125,Depósito de Anticongelante,FIAT,,Depósito de Anticongelante,HLRC-3125,Cotizar,/IMAGENES  DEPOSITO RECUPERADOR HLRC/HLRC-3125.jpg,,,,FIAT,500,L4 1.3L,2019-2020
HLRC-3126,Depósito de Anticongelante,CHEVROLET,,Depósito de Anticongelante,HLRC-3126,Cotizar,/IMAGENES  DEPOSITO RECUPERADOR HLRC/HLRC-3126.webp,,,,CHEVROLET,ASTRO AWD,V6 4.3L,1995-2005
HLRC-3126,Depósito de Anticongelante,GMC,,Depósito de Anticongelante,HLRC-3126,Cotizar,/IMAGENES  DEPOSITO RECUPERADOR HLRC/HLRC-3126.webp,,,,GMC,SAFARI 2WD,V6 4.3L,1995-2005
HLRC-3127,Depósito de Anticongelante,,,Depósito de Anticongelante,HLRC-3127,Cotizar,/IMAGENES  DEPOSITO RECUPERADOR HLRC/HLRC-3127.jpg,,,,,,,
HLRC-3128,Depósito de Anticongelante,,,Depósito de Anticongelante,HLRC-3128,Cotizar,/IMAGENES  DEPOSITO RECUPERADOR HLRC/HLRC-3128.jpg,,,,,,,
HLRC-3129,Depósito de Anticongelante,MINI,,Depósito de Anticongelante,HLRC-3129,Cotizar,/IMAGENES  DEPOSITO RECUPERADOR HLRC/HLRC-3129.jpg,,,,MINI,COOPER,L4 1.6L,2002 - 2008
HLRC-3130,Depósito de Anticongelante,,,Depósito de Anticongelante,HLRC-3130,Cotizar,/IMAGENES  DEPOSITO RECUPERADOR HLRC/HLRC-3130.jpg,,,,,,,
HLRC-3131,Depósito de Anticongelante,DODGE/RAM,,Depósito de Anticongelante,HLRC-3131,Cotizar,/IMAGENES  DEPOSITO RECUPERADOR HLRC/HLRC-3131.jpg,,,,DODGE/RAM,MAGNUM,V6 2.7L,2005-2008
HLRC-3131,Depósito de Anticongelante,DODGE/RAM,,Depósito de Anticongelante,HLRC-3131,Cotizar,/IMAGENES  DEPOSITO RECUPERADOR HLRC/HLRC-3131.jpg,,,,DODGE/RAM,MAGNUM,V6 3.5L,2005-2008
HLRC-3131,Depósito de Anticongelante,DODGE/RAM,,Depósito de Anticongelante,HLRC-3131,Cotizar,/IMAGENES  DEPOSITO RECUPERADOR HLRC/HLRC-3131.jpg,,,,DODGE/RAM,MAGNUM,V8 5.7L,2005-2008
HLRC-3131,Depósito de Anticongelante,CHRYSLER,,Depósito de Anticongelante,HLRC-3131,Cotizar,/IMAGENES  DEPOSITO RECUPERADOR HLRC/HLRC-3131.jpg,,,,CHRYSLER,300,V6 2.7L,2005-2010
HLRC-3131,Depósito de Anticongelante,CHRYSLER,,Depósito de Anticongelante,HLRC-3131,Cotizar,/IMAGENES  DEPOSITO RECUPERADOR HLRC/HLRC-3131.jpg,,,,CHRYSLER,300,V6 3.5L,2005-2010
HLRC-3131,Depósito de Anticongelante,CHRYSLER,,Depósito de Anticongelante,HLRC-3131,Cotizar,/IMAGENES  DEPOSITO RECUPERADOR HLRC/HLRC-3131.jpg,,,,CHRYSLER,300,V8 5.7L,2005-2010
HLRC-3131,Depósito de Anticongelante,CHRYSLER,,Depósito de Anticongelante,HLRC-3131,Cotizar,/IMAGENES  DEPOSITO RECUPERADOR HLRC/HLRC-3131.jpg,,,,CHRYSLER,300,V8 6.1L,2005-2010
HLRC-3131,Depósito de Anticongelante,DODGE/RAM,,Depósito de Anticongelante,HLRC-3131,Cotizar,/IMAGENES  DEPOSITO RECUPERADOR HLRC/HLRC-3131.jpg,,,,DODGE/RAM,MAGNUM,V8 6.1L,2006-2008
HLRC-3131,Depósito de Anticongelante,DODGE/RAM,,Depósito de Anticongelante,HLRC-3131,Cotizar,/IMAGENES  DEPOSITO RECUPERADOR HLRC/HLRC-3131.jpg,,,,DODGE/RAM,DURANGO,V8 5.7L,2006-2009
HLRC-3131,Depósito de Anticongelante,DODGE/RAM,,Depósito de Anticongelante,HLRC-3131,Cotizar,/IMAGENES  DEPOSITO RECUPERADOR HLRC/HLRC-3131.jpg,,,,DODGE/RAM,CHARGER,V6 2.7L,2006-2010
HLRC-3131,Depósito de Anticongelante,DODGE/RAM,,Depósito de Anticongelante,HLRC-3131,Cotizar,/IMAGENES  DEPOSITO RECUPERADOR HLRC/HLRC-3131.jpg,,,,DODGE/RAM,CHARGER,V6 3.5L,2006-2010
HLRC-3131,Depósito de Anticongelante,DODGE/RAM,,Depósito de Anticongelante,HLRC-3131,Cotizar,/IMAGENES  DEPOSITO RECUPERADOR HLRC/HLRC-3131.jpg,,,,DODGE/RAM,CHARGER,V8 5.7L,2006-2010
HLRC-3131,Depósito de Anticongelante,DODGE/RAM,,Depósito de Anticongelante,HLRC-3131,Cotizar,/IMAGENES  DEPOSITO RECUPERADOR HLRC/HLRC-3131.jpg,,,,DODGE/RAM,CHARGER,V8 6.1L,2006-2010
HLRC-3131,Depósito de Anticongelante,DODGE/RAM,,Depósito de Anticongelante,HLRC-3131,Cotizar,/IMAGENES  DEPOSITO RECUPERADOR HLRC/HLRC-3131.jpg,,,,DODGE/RAM,CHALLENGER,V8 6.1L,2008-2010
HLRC-3131,Depósito de Anticongelante,DODGE/RAM,,Depósito de Anticongelante,HLRC-3131,Cotizar,/IMAGENES  DEPOSITO RECUPERADOR HLRC/HLRC-3131.jpg,,,,DODGE/RAM,CHALLENGER,V6 3.5L,2009-2010
HLRC-3131,Depósito de Anticongelante,DODGE/RAM,,Depósito de Anticongelante,HLRC-3131,Cotizar,/IMAGENES  DEPOSITO RECUPERADOR HLRC/HLRC-3131.jpg,,,,DODGE/RAM,CHALLENGER,V8 5.7L,2009-2010
HLRC-3132,Depósito de Anticongelante,DODGE/RAM,,Depósito de Anticongelante,HLRC-3132,Cotizar,/IMAGENES  DEPOSITO RECUPERADOR HLRC/HLRC-3132.jpg,,,,DODGE/RAM,RAM 1500 1/2 TON,V8 5.9L,2002-2003
HLRC-3132,Depósito de Anticongelante,DODGE/RAM,,Depósito de Anticongelante,HLRC-3132,Cotizar,/IMAGENES  DEPOSITO RECUPERADOR HLRC/HLRC-3132.jpg,,,,DODGE/RAM,RAM 1500 VAN,V8 5.2L,2002-2003
HLRC-3132,Depósito de Anticongelante,DODGE/RAM,,Depósito de Anticongelante,HLRC-3132,Cotizar,/IMAGENES  DEPOSITO RECUPERADOR HLRC/HLRC-3132.jpg,,,,DODGE/RAM,RAM 1500 VAN,V8 5.9L,2002-2003
HLRC-3132,Depósito de Anticongelante,DODGE/RAM,,Depósito de Anticongelante,HLRC-3132,Cotizar,/IMAGENES  DEPOSITO RECUPERADOR HLRC/HLRC-3132.jpg,,,,DODGE/RAM,RAM 1500 1/2 TON,V8 5.7L,2003-2009
HLRC-3132,Depósito de Anticongelante,DODGE/RAM,,Depósito de Anticongelante,HLRC-3132,Cotizar,/IMAGENES  DEPOSITO RECUPERADOR HLRC/HLRC-3132.jpg,,,,DODGE/RAM,RAM 1500 1/2 TON,V8 4.7L,2004-2009
HLRC-3132,Depósito de Anticongelante,DODGE/RAM,,Depósito de Anticongelante,HLRC-3132,Cotizar,/IMAGENES  DEPOSITO RECUPERADOR HLRC/HLRC-3132.jpg,,,,DODGE/RAM,RAM 2500 3/4 TON,V8 4.7L,2004-2009
HLRC-3132,Depósito de Anticongelante,DODGE/RAM,,Depósito de Anticongelante,HLRC-3132,Cotizar,/IMAGENES  DEPOSITO RECUPERADOR HLRC/HLRC-3132.jpg,,,,DODGE/RAM,RAM 2500 3/4 TON,V8 5.7L,2004-2009
HLRC-3132,Depósito de Anticongelante,DODGE/RAM,,Depósito de Anticongelante,HLRC-3132,Cotizar,/IMAGENES  DEPOSITO RECUPERADOR HLRC/HLRC-3132.jpg,,,,DODGE/RAM,RAM 3500 1 TON,V8 5.7L,2004-2009
HLRC-3132,Depósito de Anticongelante,DODGE/RAM,,Depósito de Anticongelante,HLRC-3132,Cotizar,/IMAGENES  DEPOSITO RECUPERADOR HLRC/HLRC-3132.jpg,,,,DODGE/RAM,RAM 4000,V8 5.7L,2005-2006
HLRC-3133,Depósito de Anticongelante,CHEVROLET,,Depósito de Anticongelante,HLRC-3133,Cotizar,/IMAGENES  DEPOSITO RECUPERADOR HLRC/HLRC-3133.jpg,,,,CHEVROLET,R10 1/2 TON SUBURBAN,V8 5.7L,1988
HLRC-3133,Depósito de Anticongelante,CHEVROLET,,Depósito de Anticongelante,HLRC-3133,Cotizar,/IMAGENES  DEPOSITO RECUPERADOR HLRC/HLRC-3133.jpg,,,,CHEVROLET,R10 1/2 TON SUBURBAN,V8 6.2L,1988
HLRC-3133,Depósito de Anticongelante,CHEVROLET,,Depósito de Anticongelante,HLRC-3133,Cotizar,/IMAGENES  DEPOSITO RECUPERADOR HLRC/HLRC-3133.jpg,,,,CHEVROLET,R20 3/4 TON PICK UP,V8 5.7L,1988
HLRC-3133,Depósito de Anticongelante,CHEVROLET,,Depósito de Anticongelante,HLRC-3133,Cotizar,/IMAGENES  DEPOSITO RECUPERADOR HLRC/HLRC-3133.jpg,,,,CHEVROLET,R20 3/4 TON PICK UP,V8 6.2L,1988
HLRC-3133,Depósito de Anticongelante,CHEVROLET,,Depósito de Anticongelante,HLRC-3133,Cotizar,/IMAGENES  DEPOSITO RECUPERADOR HLRC/HLRC-3133.jpg,,,,CHEVROLET,R20 3/4 TON PICK UP,V8 7.4L,1988
HLRC-3133,Depósito de Anticongelante,CHEVROLET,,Depósito de Anticongelante,HLRC-3133,Cotizar,/IMAGENES  DEPOSITO RECUPERADOR HLRC/HLRC-3133.jpg,,,,CHEVROLET,R20 3/4 TON SUBURBAN,V8 5.7L,1988
HLRC-3133,Depósito de Anticongelante,CHEVROLET,,Depósito de Anticongelante,HLRC-3133,Cotizar,/IMAGENES  DEPOSITO RECUPERADOR HLRC/HLRC-3133.jpg,,,,CHEVROLET,R20 3/4 TON SUBURBAN,V8 6.2L,1988
HLRC-3133,Depósito de Anticongelante,CHEVROLET,,Depósito de Anticongelante,HLRC-3133,Cotizar,/IMAGENES  DEPOSITO RECUPERADOR HLRC/HLRC-3133.jpg,,,,CHEVROLET,R20 3/4 TON SUBURBAN,V8 7.4L,1988
HLRC-3133,Depósito de Anticongelante,CHEVROLET,,Depósito de Anticongelante,HLRC-3133,Cotizar,/IMAGENES  DEPOSITO RECUPERADOR HLRC/HLRC-3133.jpg,,,,CHEVROLET,R30 1 TON PICK UP,V8 5.7L,1988
HLRC-3133,Depósito de Anticongelante,CHEVROLET,,Depósito de Anticongelante,HLRC-3133,Cotizar,/IMAGENES  DEPOSITO RECUPERADOR HLRC/HLRC-3133.jpg,,,,CHEVROLET,R30 1 TON PICK UP,V8 6.2L,1988
HLRC-3133,Depósito de Anticongelante,CHEVROLET,,Depósito de Anticongelante,HLRC-3133,Cotizar,/IMAGENES  DEPOSITO RECUPERADOR HLRC/HLRC-3133.jpg,,,,CHEVROLET,R30 1 TON PICK UP,V8 7.4L,1988
HLRC-3133,Depósito de Anticongelante,CHEVROLET,,Depósito de Anticongelante,HLRC-3133,Cotizar,/IMAGENES  DEPOSITO RECUPERADOR HLRC/HLRC-3133.jpg,,,,CHEVROLET,V10 1/2 TON SUBURBAN,V8 5.7L,1988
HLRC-3133,Depósito de Anticongelante,CHEVROLET,,Depósito de Anticongelante,HLRC-3133,Cotizar,/IMAGENES  DEPOSITO RECUPERADOR HLRC/HLRC-3133.jpg,,,,CHEVROLET,V10 1/2 TON SUBURBAN,V8 6.2L,1988
HLRC-3133,Depósito de Anticongelante,CHEVROLET,,Depósito de Anticongelante,HLRC-3133,Cotizar,/IMAGENES  DEPOSITO RECUPERADOR HLRC/HLRC-3133.jpg,,,,CHEVROLET,V20 3/4 TON SUBURBAN,V8 5.7L,1988
HLRC-3133,Depósito de Anticongelante,CHEVROLET,,Depósito de Anticongelante,HLRC-3133,Cotizar,/IMAGENES  DEPOSITO RECUPERADOR HLRC/HLRC-3133.jpg,,,,CHEVROLET,V20 3/4 TON SUBURBAN,V8 6.2L,1988
HLRC-3133,Depósito de Anticongelante,CHEVROLET,,Depósito de Anticongelante,HLRC-3133,Cotizar,/IMAGENES  DEPOSITO RECUPERADOR HLRC/HLRC-3133.jpg,,,,CHEVROLET,V20 3/4 TON SUBURBAN,V8 7.4L,1988
HLRC-3133,Depósito de Anticongelante,CHEVROLET,,Depósito de Anticongelante,HLRC-3133,Cotizar,/IMAGENES  DEPOSITO RECUPERADOR HLRC/HLRC-3133.jpg,,,,CHEVROLET,V30 1 TON PICK UP,V8 5.7L,1988
HLRC-3133,Depósito de Anticongelante,CHEVROLET,,Depósito de Anticongelante,HLRC-3133,Cotizar,/IMAGENES  DEPOSITO RECUPERADOR HLRC/HLRC-3133.jpg,,,,CHEVROLET,V30 1 TON PICK UP,V8 6.2L,1988
HLRC-3133,Depósito de Anticongelante,CHEVROLET,,Depósito de Anticongelante,HLRC-3133,Cotizar,/IMAGENES  DEPOSITO RECUPERADOR HLRC/HLRC-3133.jpg,,,,CHEVROLET,V30 1 TON PICK UP,V8 7.4L,1988
HLRC-3133,Depósito de Anticongelante,CHEVROLET,,Depósito de Anticongelante,HLRC-3133,Cotizar,/IMAGENES  DEPOSITO RECUPERADOR HLRC/HLRC-3133.jpg,,,,CHEVROLET,P20,V8 5.7L,1988-1989
HLRC-3133,Depósito de Anticongelante,CHEVROLET,,Depósito de Anticongelante,HLRC-3133,Cotizar,/IMAGENES  DEPOSITO RECUPERADOR HLRC/HLRC-3133.jpg,,,,CHEVROLET,P20,V8 6.2L,1988-1989
HLRC-3133,Depósito de Anticongelante,GMC,,Depósito de Anticongelante,HLRC-3133,Cotizar,/IMAGENES  DEPOSITO RECUPERADOR HLRC/HLRC-3133.jpg,,,,GMC,P2500,V8 5.7L,1988-1989
HLRC-3133,Depósito de Anticongelante,GMC,,Depósito de Anticongelante,HLRC-3133,Cotizar,/IMAGENES  DEPOSITO RECUPERADOR HLRC/HLRC-3133.jpg,,,,GMC,P2500,V8 6.2L,1988-1989
HLRC-3133,Depósito de Anticongelante,GMC,,Depósito de Anticongelante,HLRC-3133,Cotizar,/IMAGENES  DEPOSITO RECUPERADOR HLRC/HLRC-3133.jpg,,,,GMC,R2500 3/4 TON PICK UP,V8 5.7L,1988-1989
HLRC-3133,Depósito de Anticongelante,GMC,,Depósito de Anticongelante,HLRC-3133,Cotizar,/IMAGENES  DEPOSITO RECUPERADOR HLRC/HLRC-3133.jpg,,,,GMC,R2500 3/4 TON PICK UP,V8 6.2L,1988-1989
HLRC-3133,Depósito de Anticongelante,GMC,,Depósito de Anticongelante,HLRC-3133,Cotizar,/IMAGENES  DEPOSITO RECUPERADOR HLRC/HLRC-3133.jpg,,,,GMC,R2500 3/4 TON PICK UP,V8 7.4L,1988-1989
HLRC-3133,Depósito de Anticongelante,CHEVROLET,,Depósito de Anticongelante,HLRC-3133,Cotizar,/IMAGENES  DEPOSITO RECUPERADOR HLRC/HLRC-3133.jpg,,,,CHEVROLET,C2500 3/4 TON SUBURBAN,V8 5.7L,1988-1990
HLRC-3133,Depósito de Anticongelante,CHEVROLET,,Depósito de Anticongelante,HLRC-3133,Cotizar,/IMAGENES  DEPOSITO RECUPERADOR HLRC/HLRC-3133.jpg,,,,CHEVROLET,V10 BLAZER,V8 5.7L,1988-1991
HLRC-3133,Depósito de Anticongelante,CHEVROLET,,Depósito de Anticongelante,HLRC-3133,Cotizar,/IMAGENES  DEPOSITO RECUPERADOR HLRC/HLRC-3133.jpg,,,,CHEVROLET,V10 BLAZER,V8 6.2L,1988-1991
HLRC-3133,Depósito de Anticongelante,GMC,,Depósito de Anticongelante,HLRC-3133,Cotizar,/IMAGENES  DEPOSITO RECUPERADOR HLRC/HLRC-3133.jpg,,,,GMC,R1500 1/2 TON SUBURBAN,V8 5.7L,1988-1991
HLRC-3133,Depósito de Anticongelante,GMC,,Depósito de Anticongelante,HLRC-3133,Cotizar,/IMAGENES  DEPOSITO RECUPERADOR HLRC/HLRC-3133.jpg,,,,GMC,R1500 1/2 TON SUBURBAN,V8 6.2L,1988-1991
HLRC-3133,Depósito de Anticongelante,GMC,,Depósito de Anticongelante,HLRC-3133,Cotizar,/IMAGENES  DEPOSITO RECUPERADOR HLRC/HLRC-3133.jpg,,,,GMC,R2500 3/4 TON SUBURBAN,V8 5.7L,1988-1991
HLRC-3133,Depósito de Anticongelante,GMC,,Depósito de Anticongelante,HLRC-3133,Cotizar,/IMAGENES  DEPOSITO RECUPERADOR HLRC/HLRC-3133.jpg,,,,GMC,R2500 3/4 TON SUBURBAN,V8 6.2L,1988-1991
HLRC-3133,Depósito de Anticongelante,GMC,,Depósito de Anticongelante,HLRC-3133,Cotizar,/IMAGENES  DEPOSITO RECUPERADOR HLRC/HLRC-3133.jpg,,,,GMC,R2500 3/4 TON SUBURBAN,V8 7.4L,1988-1991
HLRC-3133,Depósito de Anticongelante,GMC,,Depósito de Anticongelante,HLRC-3133,Cotizar,/IMAGENES  DEPOSITO RECUPERADOR HLRC/HLRC-3133.jpg,,,,GMC,R3500 1 TON PICK UP,V8 5.7L,1988-1991
HLRC-3133,Depósito de Anticongelante,GMC,,Depósito de Anticongelante,HLRC-3133,Cotizar,/IMAGENES  DEPOSITO RECUPERADOR HLRC/HLRC-3133.jpg,,,,GMC,R3500 1 TON PICK UP,V8 6.2L,1988-1991
HLRC-3133,Depósito de Anticongelante,GMC,,Depósito de Anticongelante,HLRC-3133,Cotizar,/IMAGENES  DEPOSITO RECUPERADOR HLRC/HLRC-3133.jpg,,,,GMC,R3500 1 TON PICK UP,V8 7.4L,1988-1991
HLRC-3133,Depósito de Anticongelante,GMC,,Depósito de Anticongelante,HLRC-3133,Cotizar,/IMAGENES  DEPOSITO RECUPERADOR HLRC/HLRC-3133.jpg,,,,GMC,V1500,V8 5.7L,1988-1991
HLRC-3133,Depósito de Anticongelante,GMC,,Depósito de Anticongelante,HLRC-3133,Cotizar,/IMAGENES  DEPOSITO RECUPERADOR HLRC/HLRC-3133.jpg,,,,GMC,V1500,V8 6.2L,1988-1991
HLRC-3133,Depósito de Anticongelante,GMC,,Depósito de Anticongelante,HLRC-3133,Cotizar,/IMAGENES  DEPOSITO RECUPERADOR HLRC/HLRC-3133.jpg,,,,GMC,V1500 1/2 TON SUBURBAN,V8 5.7L,1988-1991
HLRC-3133,Depósito de Anticongelante,GMC,,Depósito de Anticongelante,HLRC-3133,Cotizar,/IMAGENES  DEPOSITO RECUPERADOR HLRC/HLRC-3133.jpg,,,,GMC,V1500 1/2 TON SUBURBAN,V8 6.2L,1988-1991
HLRC-3133,Depósito de Anticongelante,GMC,,Depósito de Anticongelante,HLRC-3133,Cotizar,/IMAGENES  DEPOSITO RECUPERADOR HLRC/HLRC-3133.jpg,,,,GMC,V2500 3/4 TON SUBURBAN,V8 5.7L,1988-1991
HLRC-3133,Depósito de Anticongelante,GMC,,Depósito de Anticongelante,HLRC-3133,Cotizar,/IMAGENES  DEPOSITO RECUPERADOR HLRC/HLRC-3133.jpg,,,,GMC,V2500 3/4 TON SUBURBAN,V8 6.2L,1988-1991
HLRC-3133,Depósito de Anticongelante,GMC,,Depósito de Anticongelante,HLRC-3133,Cotizar,/IMAGENES  DEPOSITO RECUPERADOR HLRC/HLRC-3133.jpg,,,,GMC,V3500 1 TON PICK UP,V8 5.7L,1988-1991
HLRC-3133,Depósito de Anticongelante,GMC,,Depósito de Anticongelante,HLRC-3133,Cotizar,/IMAGENES  DEPOSITO RECUPERADOR HLRC/HLRC-3133.jpg,,,,GMC,V3500 1 TON PICK UP,V8 6.2L,1988-1991
HLRC-3133,Depósito de Anticongelante,GMC,,Depósito de Anticongelante,HLRC-3133,Cotizar,/IMAGENES  DEPOSITO RECUPERADOR HLRC/HLRC-3133.jpg,,,,GMC,V3500 1 TON PICK UP,V8 7.4L,1988-1991
HLRC-3133,Depósito de Anticongelante,GMC,,Depósito de Anticongelante,HLRC-3133,Cotizar,/IMAGENES  DEPOSITO RECUPERADOR HLRC/HLRC-3133.jpg,,,,GMC,C3500 1 TON PICK UP,V8 7.4L,1988-1992
HLRC-3133,Depósito de Anticongelante,CHEVROLET,,Depósito de Anticongelante,HLRC-3133,Cotizar,/IMAGENES  DEPOSITO RECUPERADOR HLRC/HLRC-3133.jpg,,,,CHEVROLET,C1500 1/2 TON PICK UP,V8 6.2L,1988-1993
HLRC-3133,Depósito de Anticongelante,CHEVROLET,,Depósito de Anticongelante,HLRC-3133,Cotizar,/IMAGENES  DEPOSITO RECUPERADOR HLRC/HLRC-3133.jpg,,,,CHEVROLET,C2500 3/4 TON PICK UP,V8 6.2L,1988-1993
HLRC-3133,Depósito de Anticongelante,CHEVROLET,,Depósito de Anticongelante,HLRC-3133,Cotizar,/IMAGENES  DEPOSITO RECUPERADOR HLRC/HLRC-3133.jpg,,,,CHEVROLET,C3500 1 TON PICK UP,V8 6.2L,1988-1993
HLRC-3133,Depósito de Anticongelante,CHEVROLET,,Depósito de Anticongelante,HLRC-3133,Cotizar,/IMAGENES  DEPOSITO RECUPERADOR HLRC/HLRC-3133.jpg,,,,CHEVROLET,G10 1/2 TON VAN,V8 5.7L,1988-1993
HLRC-3133,Depósito de Anticongelante,CHEVROLET,,Depósito de Anticongelante,HLRC-3133,Cotizar,/IMAGENES  DEPOSITO RECUPERADOR HLRC/HLRC-3133.jpg,,,,CHEVROLET,G20 3/4 TON VAN,V8 6.2L,1988-1993
HLRC-3133,Depósito de Anticongelante,CHEVROLET,,Depósito de Anticongelante,HLRC-3133,Cotizar,/IMAGENES  DEPOSITO RECUPERADOR HLRC/HLRC-3133.jpg,,,,CHEVROLET,G30 1 TON VAN,V8 6.2L,1988-1993
HLRC-3133,Depósito de Anticongelante,CHEVROLET,,Depósito de Anticongelante,HLRC-3133,Cotizar,/IMAGENES  DEPOSITO RECUPERADOR HLRC/HLRC-3133.jpg,,,,CHEVROLET,K1500 1/2 TON PICK UP,V8 6.2L,1988-1993
HLRC-3133,Depósito de Anticongelante,CHEVROLET,,Depósito de Anticongelante,HLRC-3133,Cotizar,/IMAGENES  DEPOSITO RECUPERADOR HLRC/HLRC-3133.jpg,,,,CHEVROLET,K2500 3/4 TON PICK UP,V8 6.2L,1988-1993
HLRC-3133,Depósito de Anticongelante,CHEVROLET,,Depósito de Anticongelante,HLRC-3133,Cotizar,/IMAGENES  DEPOSITO RECUPERADOR HLRC/HLRC-3133.jpg,,,,CHEVROLET,K3500 1 TON PICK UP,V8 6.2L,1988-1993
HLRC-3133,Depósito de Anticongelante,CHEVROLET,,Depósito de Anticongelante,HLRC-3133,Cotizar,/IMAGENES  DEPOSITO RECUPERADOR HLRC/HLRC-3133.jpg,,,,CHEVROLET,P30,V8 6.2L,1988-1993
HLRC-3133,Depósito de Anticongelante,GMC,,Depósito de Anticongelante,HLRC-3133,Cotizar,/IMAGENES  DEPOSITO RECUPERADOR HLRC/HLRC-3133.jpg,,,,GMC,C1500 1/2 TON PICK UP,V8 6.2L,1988-1993
HLRC-3133,Depósito de Anticongelante,GMC,,Depósito de Anticongelante,HLRC-3133,Cotizar,/IMAGENES  DEPOSITO RECUPERADOR HLRC/HLRC-3133.jpg,,,,GMC,C2500 3/4 TON PICK UP,V8 6.2L,1988-1993
HLRC-3133,Depósito de Anticongelante,GMC,,Depósito de Anticongelante,HLRC-3133,Cotizar,/IMAGENES  DEPOSITO RECUPERADOR HLRC/HLRC-3133.jpg,,,,GMC,C3500 1 TON PICK UP,V8 6.2L,1988-1993
HLRC-3133,Depósito de Anticongelante,GMC,,Depósito de Anticongelante,HLRC-3133,Cotizar,/IMAGENES  DEPOSITO RECUPERADOR HLRC/HLRC-3133.jpg,,,,GMC,G1500 1/2 TON VAN,V8 5.7L,1988-1993
HLRC-3133,Depósito de Anticongelante,GMC,,Depósito de Anticongelante,HLRC-3133,Cotizar,/IMAGENES  DEPOSITO RECUPERADOR HLRC/HLRC-3133.jpg,,,,GMC,G2500 3/4 TON VAN,V8 6.2L,1988-1993
HLRC-3133,Depósito de Anticongelante,GMC,,Depósito de Anticongelante,HLRC-3133,Cotizar,/IMAGENES  DEPOSITO RECUPERADOR HLRC/HLRC-3133.jpg,,,,GMC,G3500 1 TON VAN,V8 6.2L,1988-1993
HLRC-3133,Depósito de Anticongelante,GMC,,Depósito de Anticongelante,HLRC-3133,Cotizar,/IMAGENES  DEPOSITO RECUPERADOR HLRC/HLRC-3133.jpg,,,,GMC,K1500 1/2 TON PICK UP,V8 6.2L,1988-1993
HLRC-3133,Depósito de Anticongelante,GMC,,Depósito de Anticongelante,HLRC-3133,Cotizar,/IMAGENES  DEPOSITO RECUPERADOR HLRC/HLRC-3133.jpg,,,,GMC,K2500 3/4 TON PICK UP,V8 6.2L,1988-1993
HLRC-3133,Depósito de Anticongelante,GMC,,Depósito de Anticongelante,HLRC-3133,Cotizar,/IMAGENES  DEPOSITO RECUPERADOR HLRC/HLRC-3133.jpg,,,,GMC,K3500 1 TON PICK UP,V8 6.2L,1988-1993
HLRC-3133,Depósito de Anticongelante,GMC,,Depósito de Anticongelante,HLRC-3133,Cotizar,/IMAGENES  DEPOSITO RECUPERADOR HLRC/HLRC-3133.jpg,,,,GMC,P3500,V8 6.2L,1988-1993
HLRC-3133,Depósito de Anticongelante,CHEVROLET,,Depósito de Anticongelante,HLRC-3133,Cotizar,/IMAGENES  DEPOSITO RECUPERADOR HLRC/HLRC-3133.jpg,,,,CHEVROLET,ASTRO,V6 4.3L,1988-1994
HLRC-3133,Depósito de Anticongelante,CHEVROLET,,Depósito de Anticongelante,HLRC-3133,Cotizar,/IMAGENES  DEPOSITO RECUPERADOR HLRC/HLRC-3133.jpg,,,,CHEVROLET,S10 BLAZER,V6 4.3L,1988-1994
HLRC-3133,Depósito de Anticongelante,CHEVROLET,,Depósito de Anticongelante,HLRC-3133,Cotizar,/IMAGENES  DEPOSITO RECUPERADOR HLRC/HLRC-3133.jpg,,,,CHEVROLET,S10 PICK UP,V6 4.3L,1988-1994
HLRC-3133,Depósito de Anticongelante,GMC,,Depósito de Anticongelante,HLRC-3133,Cotizar,/IMAGENES  DEPOSITO RECUPERADOR HLRC/HLRC-3133.jpg,,,,GMC,S15,V6 4.3L,1988-1994
HLRC-3133,Depósito de Anticongelante,CHEVROLET,,Depósito de Anticongelante,HLRC-3133,Cotizar,/IMAGENES  DEPOSITO RECUPERADOR HLRC/HLRC-3133.jpg,,,,CHEVROLET,C2500 3/4 TON PICK UP,V6 4.3L,1988-1995
HLRC-3133,Depósito de Anticongelante,CHEVROLET,,Depósito de Anticongelante,HLRC-3133,Cotizar,/IMAGENES  DEPOSITO RECUPERADOR HLRC/HLRC-3133.jpg,,,,CHEVROLET,K2500 3/4 TON PICK UP,V6 4.3L,1988-1995
HLRC-3133,Depósito de Anticongelante,CHEVROLET,,Depósito de Anticongelante,HLRC-3133,Cotizar,/IMAGENES  DEPOSITO RECUPERADOR HLRC/HLRC-3133.jpg,,,,CHEVROLET,K2500 3/4 TON PICK UP,V8 5.0L,1988-1995
HLRC-3133,Depósito de Anticongelante,GMC,,Depósito de Anticongelante,HLRC-3133,Cotizar,/IMAGENES  DEPOSITO RECUPERADOR HLRC/HLRC-3133.jpg,,,,GMC,C2500 3/4 TON PICK UP,V6 4.3L,1988-1995
HLRC-3133,Depósito de Anticongelante,GMC,,Depósito de Anticongelante,HLRC-3133,Cotizar,/IMAGENES  DEPOSITO RECUPERADOR HLRC/HLRC-3133.jpg,,,,GMC,K2500 3/4 TON PICK UP,V6 4.3L,1988-1995
HLRC-3133,Depósito de Anticongelante,GMC,,Depósito de Anticongelante,HLRC-3133,Cotizar,/IMAGENES  DEPOSITO RECUPERADOR HLRC/HLRC-3133.jpg,,,,GMC,K2500 3/4 TON PICK UP,V8 5.0L,1988-1995
HLRC-3133,Depósito de Anticongelante,GMC,,Depósito de Anticongelante,HLRC-3133,Cotizar,/IMAGENES  DEPOSITO RECUPERADOR HLRC/HLRC-3133.jpg,,,,GMC,P3500,V8 7.4L,1988-1995
HLRC-3133,Depósito de Anticongelante,GMC,,Depósito de Anticongelante,HLRC-3133,Cotizar,/IMAGENES  DEPOSITO RECUPERADOR HLRC/HLRC-3133.jpg,,,,GMC,SAFARI,V6 4.3L,1988-1996
HLRC-3133,Depósito de Anticongelante,CHEVROLET,,Depósito de Anticongelante,HLRC-3133,Cotizar,/IMAGENES  DEPOSITO RECUPERADOR HLRC/HLRC-3133.jpg,,,,CHEVROLET,G10 1/2 TON VAN,V8 5.0L,1988-1996
HLRC-3133,Depósito de Anticongelante,CHEVROLET,,Depósito de Anticongelante,HLRC-3133,Cotizar,/IMAGENES  DEPOSITO RECUPERADOR HLRC/HLRC-3133.jpg,,,,CHEVROLET,G20 3/4 TON VAN,V8 5.0L,1988-1996
HLRC-3133,Depósito de Anticongelante,CHEVROLET,,Depósito de Anticongelante,HLRC-3133,Cotizar,/IMAGENES  DEPOSITO RECUPERADOR HLRC/HLRC-3133.jpg,,,,CHEVROLET,G20 3/4 TON VAN,V8 5.7L,1988-1996
HLRC-3133,Depósito de Anticongelante,CHEVROLET,,Depósito de Anticongelante,HLRC-3133,Cotizar,/IMAGENES  DEPOSITO RECUPERADOR HLRC/HLRC-3133.jpg,,,,CHEVROLET,G30 1 TON VAN,V8 5.7L,1988-1996
HLRC-3133,Depósito de Anticongelante,GMC,,Depósito de Anticongelante,HLRC-3133,Cotizar,/IMAGENES  DEPOSITO RECUPERADOR HLRC/HLRC-3133.jpg,,,,GMC,G1500 1/2 TON VAN,V8 5.0L,1988-1997
HLRC-3133,Depósito de Anticongelante,GMC,,Depósito de Anticongelante,HLRC-3133,Cotizar,/IMAGENES  DEPOSITO RECUPERADOR HLRC/HLRC-3133.jpg,,,,GMC,G2500 3/4 TON VAN,V8 5.0L,1988-1997
HLRC-3133,Depósito de Anticongelante,GMC,,Depósito de Anticongelante,HLRC-3133,Cotizar,/IMAGENES  DEPOSITO RECUPERADOR HLRC/HLRC-3133.jpg,,,,GMC,G2500 3/4 TON VAN,V8 5.7L,1988-1997
HLRC-3133,Depósito de Anticongelante,FORD,,Depósito de Anticongelante,HLRC-3133,Cotizar,/IMAGENES  DEPOSITO RECUPERADOR HLRC/HLRC-3133.jpg,,,,FORD,F-250 SUPER DUTY,V8 6.2L,2011-2016
HLRC-3133,Depósito de Anticongelante,FORD,,Depósito de Anticongelante,HLRC-3133,Cotizar,/IMAGENES  DEPOSITO RECUPERADOR HLRC/HLRC-3133.jpg,,,,FORD,F-350 SUPER DUTY,V8 6.2L,2011-2016
HLRC-3133,Depósito de Anticongelante,FORD,,Depósito de Anticongelante,HLRC-3133,Cotizar,/IMAGENES  DEPOSITO RECUPERADOR HLRC/HLRC-3133.jpg,,,,FORD,F-450 SUPER DUTY,V10 6.8L,2011-2016
HLRC-3133,Depósito de Anticongelante,FORD,,Depósito de Anticongelante,HLRC-3133,Cotizar,/IMAGENES  DEPOSITO RECUPERADOR HLRC/HLRC-3133.jpg,,,,FORD,F-550 SUPER DUTY,V10 6.8L,2011-2016
HLRC-3133,Depósito de Anticongelante,FORD,,Depósito de Anticongelante,HLRC-3133,Cotizar,/IMAGENES  DEPOSITO RECUPERADOR HLRC/HLRC-3133.jpg,,,,FORD,F-350,V8 6.2L,2015-2016
HLRC-3133,Depósito de Anticongelante,GMC,,Depósito de Anticongelante,HLRC-3133,Cotizar,/IMAGENES  DEPOSITO RECUPERADOR HLRC/HLRC-3133.jpg,,,,GMC,G3500 1 TON VAN,V8 5.7L,1988-1997
HLRC-3133,Depósito de Anticongelante,CHEVROLET,,Depósito de Anticongelante,HLRC-3133,Cotizar,/IMAGENES  DEPOSITO RECUPERADOR HLRC/HLRC-3133.jpg,,,,CHEVROLET,C1500 1/2 TON PICK UP,V6 4.3L,1988-1998
HLRC-3133,Depósito de Anticongelante,CHEVROLET,,Depósito de Anticongelante,HLRC-3133,Cotizar,/IMAGENES  DEPOSITO RECUPERADOR HLRC/HLRC-3133.jpg,,,,CHEVROLET,K1500 1/2 TON PICK UP,V6 4.3L,1988-1998
HLRC-3133,Depósito de Anticongelante,GMC,,Depósito de Anticongelante,HLRC-3133,Cotizar,/IMAGENES  DEPOSITO RECUPERADOR HLRC/HLRC-3133.jpg,,,,GMC,C1500 1/2 TON PICK UP,V6 4.3L,1988-1998
HLRC-3133,Depósito de Anticongelante,GMC,,Depósito de Anticongelante,HLRC-3133,Cotizar,/IMAGENES  DEPOSITO RECUPERADOR HLRC/HLRC-3133.jpg,,,,GMC,C2500 3/4 TON PICK UP,V8 5.0L,1988-1998
HLRC-3133,Depósito de Anticongelante,GMC,,Depósito de Anticongelante,HLRC-3133,Cotizar,/IMAGENES  DEPOSITO RECUPERADOR HLRC/HLRC-3133.jpg,,,,GMC,K1500 1/2 TON PICK UP,V6 4.3L,1988-1998
HLRC-3133,Depósito de Anticongelante,CHEVROLET,,Depósito de Anticongelante,HLRC-3133,Cotizar,/IMAGENES  DEPOSITO RECUPERADOR HLRC/HLRC-3133.jpg,,,,CHEVROLET,C1500 1/2 TON PICK UP,V8 5.0L,1988-1999
HLRC-3133,Depósito de Anticongelante,CHEVROLET,,Depósito de Anticongelante,HLRC-3133,Cotizar,/IMAGENES  DEPOSITO RECUPERADOR HLRC/HLRC-3133.jpg,,,,CHEVROLET,C1500 1/2 TON PICK UP,V8 5.7L,1988-1999
HLRC-3133,Depósito de Anticongelante,CHEVROLET,,Depósito de Anticongelante,HLRC-3133,Cotizar,/IMAGENES  DEPOSITO RECUPERADOR HLRC/HLRC-3133.jpg,,,,CHEVROLET,C2500 3/4 TON PICK UP,V8 5.0L,1988-1999
HLRC-3133,Depósito de Anticongelante,CHEVROLET,,Depósito de Anticongelante,HLRC-3133,Cotizar,/IMAGENES  DEPOSITO RECUPERADOR HLRC/HLRC-3133.jpg,,,,CHEVROLET,C2500 3/4 TON PICK UP,V8 5.7L,1988-1999
HLRC-3133,Depósito de Anticongelante,CHEVROLET,,Depósito de Anticongelante,HLRC-3133,Cotizar,/IMAGENES  DEPOSITO RECUPERADOR HLRC/HLRC-3133.jpg,,,,CHEVROLET,C3500 1 TON PICK UP,V8 5.7L,1988-1999
HLRC-3133,Depósito de Anticongelante,CHEVROLET,,Depósito de Anticongelante,HLRC-3133,Cotizar,/IMAGENES  DEPOSITO RECUPERADOR HLRC/HLRC-3133.jpg,,,,CHEVROLET,K1500 1/2 TON PICK UP,V8 5.0L,1988-1999
HLRC-3133,Depósito de Anticongelante,CHEVROLET,,Depósito de Anticongelante,HLRC-3133,Cotizar,/IMAGENES  DEPOSITO RECUPERADOR HLRC/HLRC-3133.jpg,,,,CHEVROLET,K1500 1/2 TON PICK UP,V8 5.7L,1988-1999
HLRC-3133,Depósito de Anticongelante,CHEVROLET,,Depósito de Anticongelante,HLRC-3133,Cotizar,/IMAGENES  DEPOSITO RECUPERADOR HLRC/HLRC-3133.jpg,,,,CHEVROLET,K2500 3/4 TON PICK UP,V8 5.7L,1988-1999
HLRC-3133,Depósito de Anticongelante,CHEVROLET,,Depósito de Anticongelante,HLRC-3133,Cotizar,/IMAGENES  DEPOSITO RECUPERADOR HLRC/HLRC-3133.jpg,,,,CHEVROLET,K3500 1 TON PICK UP,V8 5.7L,1988-1999
HLRC-3133,Depósito de Anticongelante,CHEVROLET,,Depósito de Anticongelante,HLRC-3133,Cotizar,/IMAGENES  DEPOSITO RECUPERADOR HLRC/HLRC-3133.jpg,,,,CHEVROLET,P30,V8 5.7L,1988-1999
HLRC-3133,Depósito de Anticongelante,CHEVROLET,,Depósito de Anticongelante,HLRC-3133,Cotizar,/IMAGENES  DEPOSITO RECUPERADOR HLRC/HLRC-3133.jpg,,,,CHEVROLET,P30,V8 7.4L,1988-1999
HLRC-3133,Depósito de Anticongelante,GMC,,Depósito de Anticongelante,HLRC-3133,Cotizar,/IMAGENES  DEPOSITO RECUPERADOR HLRC/HLRC-3133.jpg,,,,GMC,C1500 1/2 TON PICK UP,V8 5.0L,1988-1999
HLRC-3133,Depósito de Anticongelante,GMC,,Depósito de Anticongelante,HLRC-3133,Cotizar,/IMAGENES  DEPOSITO RECUPERADOR HLRC/HLRC-3133.jpg,,,,GMC,C1500 1/2 TON PICK UP,V8 5.7L,1988-1999
HLRC-3133,Depósito de Anticongelante,GMC,,Depósito de Anticongelante,HLRC-3133,Cotizar,/IMAGENES  DEPOSITO RECUPERADOR HLRC/HLRC-3133.jpg,,,,GMC,C2500 3/4 TON PICK UP,V8 5.7L,1988-1999
HLRC-3133,Depósito de Anticongelante,GMC,,Depósito de Anticongelante,HLRC-3133,Cotizar,/IMAGENES  DEPOSITO RECUPERADOR HLRC/HLRC-3133.jpg,,,,GMC,C3500 1 TON PICK UP,V8 5.7L,1988-1999
HLRC-3133,Depósito de Anticongelante,GMC,,Depósito de Anticongelante,HLRC-3133,Cotizar,/IMAGENES  DEPOSITO RECUPERADOR HLRC/HLRC-3133.jpg,,,,GMC,K1500 1/2 TON PICK UP,V8 5.0L,1988-1999
HLRC-3133,Depósito de Anticongelante,GMC,,Depósito de Anticongelante,HLRC-3133,Cotizar,/IMAGENES  DEPOSITO RECUPERADOR HLRC/HLRC-3133.jpg,,,,GMC,K1500 1/2 TON PICK UP,V8 5.7L,1988-1999
HLRC-3133,Depósito de Anticongelante,GMC,,Depósito de Anticongelante,HLRC-3133,Cotizar,/IMAGENES  DEPOSITO RECUPERADOR HLRC/HLRC-3133.jpg,,,,GMC,K2500 3/4 TON PICK UP,V8 5.7L,1988-1999
HLRC-3133,Depósito de Anticongelante,GMC,,Depósito de Anticongelante,HLRC-3133,Cotizar,/IMAGENES  DEPOSITO RECUPERADOR HLRC/HLRC-3133.jpg,,,,GMC,K3500 1 TON PICK UP,V8 5.7L,1988-1999
HLRC-3133,Depósito de Anticongelante,GMC,,Depósito de Anticongelante,HLRC-3133,Cotizar,/IMAGENES  DEPOSITO RECUPERADOR HLRC/HLRC-3133.jpg,,,,GMC,P3500,V8 5.7L,1988-1999
HLRC-3133,Depósito de Anticongelante,CHEVROLET,,Depósito de Anticongelante,HLRC-3133,Cotizar,/IMAGENES  DEPOSITO RECUPERADOR HLRC/HLRC-3133.jpg,,,,CHEVROLET,C3500 1 TON PICK UP,V8 7.4L,1988-2000
HLRC-3133,Depósito de Anticongelante,CHEVROLET,,Depósito de Anticongelante,HLRC-3133,Cotizar,/IMAGENES  DEPOSITO RECUPERADOR HLRC/HLRC-3133.jpg,,,,CHEVROLET,K3500 1 TON PICK UP,V8 7.4L,1988-2000
HLRC-3133,Depósito de Anticongelante,GMC,,Depósito de Anticongelante,HLRC-3133,Cotizar,/IMAGENES  DEPOSITO RECUPERADOR HLRC/HLRC-3133.jpg,,,,GMC,K3500 1 TON PICK UP,V8 7.4L,1988-2000
HLRC-3133,Depósito de Anticongelante,FORD,,Depósito de Anticongelante,HLRC-3133,Cotizar,/IMAGENES  DEPOSITO RECUPERADOR HLRC/HLRC-3133.jpg,,,,FORD,F-150,V8 6.2L,2010-2014
HLRC-3133,Depósito de Anticongelante,FORD,,Depósito de Anticongelante,HLRC-3133,Cotizar,/IMAGENES  DEPOSITO RECUPERADOR HLRC/HLRC-3133.jpg,,,,FORD,LOBO,V8 6.2L,2011-2014
HLRC-3133,Depósito de Anticongelante,FORD,,Depósito de Anticongelante,HLRC-3133,Cotizar,/IMAGENES  DEPOSITO RECUPERADOR HLRC/HLRC-3133.jpg,,,,FORD,,V8 6.2L,2010-2014
HLRC-3133,Depósito de Anticongelante,FORD,,Depósito de Anticongelante,HLRC-3133,Cotizar,/IMAGENES  DEPOSITO RECUPERADOR HLRC/HLRC-3133.jpg,,,,FORD,F-150,V6 3.5L TURBO,2011-2014
HLRC-3133,Depósito de Anticongelante,FORD,,Depósito de Anticongelante,HLRC-3133,Cotizar,/IMAGENES  DEPOSITO RECUPERADOR HLRC/HLRC-3133.jpg,,,,FORD,F-150,V6 3.7L,2011-2014
HLRC-3133,Depósito de Anticongelante,FORD,,Depósito de Anticongelante,HLRC-3133,Cotizar,/IMAGENES  DEPOSITO RECUPERADOR HLRC/HLRC-3133.jpg,,,,FORD,F-150,V8 5.0L,2011-2014
HLRC-3133,Depósito de Anticongelante,FORD,,Depósito de Anticongelante,HLRC-3133,Cotizar,/IMAGENES  DEPOSITO RECUPERADOR HLRC/HLRC-3133.jpg,,,,FORD,LOBO,V8 5.0L,2011-2014
HLRC-3133,Depósito de Anticongelante,LINCOLN,,Depósito de Anticongelante,HLRC-3133,Cotizar,/IMAGENES  DEPOSITO RECUPERADOR HLRC/HLRC-3133.jpg,,,,LINCOLN,MARK LT,V8 5.0L,2011-2014
HLRC-3133,Depósito de Anticongelante,FORD,,Depósito de Anticongelante,HLRC-3133,Cotizar,/IMAGENES  DEPOSITO RECUPERADOR HLRC/HLRC-3133.jpg,,,,FORD,EXPEDITION,V6 3.5L TURBO,2015-2017
HLRC-3133,Depósito de Anticongelante,LINCOLN,,Depósito de Anticongelante,HLRC-3133,Cotizar,/IMAGENES  DEPOSITO RECUPERADOR HLRC/HLRC-3133.jpg,,,,LINCOLN,NAVIGATOR,V6 3.5L TURBO,2015-2017
HLRC-3133,Depósito de Anticongelante,FORD,,Depósito de Anticongelante,HLRC-3133,Cotizar,/IMAGENES  DEPOSITO RECUPERADOR HLRC/HLRC-3133.jpg,,,,FORD,F-250 SUPER DUTY,V8 6.2L,2011-2016
HLRC-3133,Depósito de Anticongelante,FORD,,Depósito de Anticongelante,HLRC-3133,Cotizar,/IMAGENES  DEPOSITO RECUPERADOR HLRC/HLRC-3133.jpg,,,,FORD,F-350 SUPER DUTY,V8 6.2L,2011-2016
HLRC-3133,Depósito de Anticongelante,FORD,,Depósito de Anticongelante,HLRC-3133,Cotizar,/IMAGENES  DEPOSITO RECUPERADOR HLRC/HLRC-3133.jpg,,,,FORD,F-450 SUPER DUTY,V10 6.8L,2011-2016
HLRC-3133,Depósito de Anticongelante,FORD,,Depósito de Anticongelante,HLRC-3133,Cotizar,/IMAGENES  DEPOSITO RECUPERADOR HLRC/HLRC-3133.jpg,,,,FORD,F-550 SUPER DUTY,V10 6.8L,2011-2016
HLRC-3133,Depósito de Anticongelante,FORD,,Depósito de Anticongelante,HLRC-3133,Cotizar,/IMAGENES  DEPOSITO RECUPERADOR HLRC/HLRC-3133.jpg,,,,FORD,F-350,V8 6.2L,2015-2016
HLRC-3133,Depósito de Anticongelante,FORD,,Depósito de Anticongelante,HLRC-3133,Cotizar,/IMAGENES  DEPOSITO RECUPERADOR HLRC/HLRC-3133.jpg,,,,FORD,MUSTANG,V8 5.0L,2015-2021
HLRC-3133,Depósito de Anticongelante,FORD,,Depósito de Anticongelante,HLRC-3133,Cotizar,/IMAGENES  DEPOSITO RECUPERADOR HLRC/HLRC-3133.jpg,,,,FORD,MUSTANG,L4 2.3L,2015-2022
HLRC-3133,Depósito de Anticongelante,FORD,,Depósito de Anticongelante,HLRC-3133,Cotizar,/IMAGENES  DEPOSITO RECUPERADOR HLRC/HLRC-3133.jpg,,,,FORD,,L4 2.3L,2015-2022
HLRC-3133,Depósito de Anticongelante,CHEVROLET,,Depósito de Anticongelante,HLRC-3133,Cotizar,/IMAGENES  DEPOSITO RECUPERADOR HLRC/HLRC-3133.jpg,,,,CHEVROLET,P20,V6 4.8L,1989
HLRC-3133,Depósito de Anticongelante,CHEVROLET,,Depósito de Anticongelante,HLRC-3133,Cotizar,/IMAGENES  DEPOSITO RECUPERADOR HLRC/HLRC-3133.jpg,,,,CHEVROLET,R2500 3/4 TON PICK UP,V8 5.7L,1989
HLRC-3133,Depósito de Anticongelante,CHEVROLET,,Depósito de Anticongelante,HLRC-3133,Cotizar,/IMAGENES  DEPOSITO RECUPERADOR HLRC/HLRC-3133.jpg,,,,CHEVROLET,R2500 3/4 TON PICK UP,V8 6.2L,1989
HLRC-3133,Depósito de Anticongelante,CHEVROLET,,Depósito de Anticongelante,HLRC-3133,Cotizar,/IMAGENES  DEPOSITO RECUPERADOR HLRC/HLRC-3133.jpg,,,,CHEVROLET,R2500 3/4 TON PICK UP,V8 7.4L,1989
HLRC-3133,Depósito de Anticongelante,CHEVROLET,,Depósito de Anticongelante,HLRC-3133,Cotizar,/IMAGENES  DEPOSITO RECUPERADOR HLRC/HLRC-3133.jpg,,,,CHEVROLET,R1500 1/2 TON SUBURBAN,V8 5.7L,1989-1991
HLRC-3133,Depósito de Anticongelante,CHEVROLET,,Depósito de Anticongelante,HLRC-3133,Cotizar,/IMAGENES  DEPOSITO RECUPERADOR HLRC/HLRC-3133.jpg,,,,CHEVROLET,R1500 1/2 TON SUBURBAN,V8 6.2L,1989-1991
HLRC-3133,Depósito de Anticongelante,CHEVROLET,,Depósito de Anticongelante,HLRC-3133,Cotizar,/IMAGENES  DEPOSITO RECUPERADOR HLRC/HLRC-3133.jpg,,,,CHEVROLET,R2500 3/4 TON SUBURBAN,V8 5.7L,1989-1991
HLRC-3133,Depósito de Anticongelante,CHEVROLET,,Depósito de Anticongelante,HLRC-3133,Cotizar,/IMAGENES  DEPOSITO RECUPERADOR HLRC/HLRC-3133.jpg,,,,CHEVROLET,R2500 3/4 TON SUBURBAN,V8 6.2L,1989-1991
HLRC-3133,Depósito de Anticongelante,CHEVROLET,,Depósito de Anticongelante,HLRC-3133,Cotizar,/IMAGENES  DEPOSITO RECUPERADOR HLRC/HLRC-3133.jpg,,,,CHEVROLET,R2500 3/4 TON SUBURBAN,V8 7.4L,1989-1991
HLRC-3133,Depósito de Anticongelante,CHEVROLET,,Depósito de Anticongelante,HLRC-3133,Cotizar,/IMAGENES  DEPOSITO RECUPERADOR HLRC/HLRC-3133.jpg,,,,CHEVROLET,R3500 1 TON PICK UP,V8 5.7L,1989-1991
HLRC-3133,Depósito de Anticongelante,CHEVROLET,,Depósito de Anticongelante,HLRC-3133,Cotizar,/IMAGENES  DEPOSITO RECUPERADOR HLRC/HLRC-3133.jpg,,,,CHEVROLET,R3500 1 TON PICK UP,V8 6.2L,1989-1991
HLRC-3133,Depósito de Anticongelante,CHEVROLET,,Depósito de Anticongelante,HLRC-3133,Cotizar,/IMAGENES  DEPOSITO RECUPERADOR HLRC/HLRC-3133.jpg,,,,CHEVROLET,R3500 1 TON PICK UP,V8 7.4L,1989-1991
HLRC-3133,Depósito de Anticongelante,CHEVROLET,,Depósito de Anticongelante,HLRC-3133,Cotizar,/IMAGENES  DEPOSITO RECUPERADOR HLRC/HLRC-3133.jpg,,,,CHEVROLET,V1500 1/2 TON SUBURBAN,V8 5.7L,1989-1991
HLRC-3133,Depósito de Anticongelante,CHEVROLET,,Depósito de Anticongelante,HLRC-3133,Cotizar,/IMAGENES  DEPOSITO RECUPERADOR HLRC/HLRC-3133.jpg,,,,CHEVROLET,V1500 1/2 TON SUBURBAN,V8 6.2L,1989-1991
HLRC-3133,Depósito de Anticongelante,CHEVROLET,,Depósito de Anticongelante,HLRC-3133,Cotizar,/IMAGENES  DEPOSITO RECUPERADOR HLRC/HLRC-3133.jpg,,,,CHEVROLET,V2500 3/4 TON SUBURBAN,V8 5.7L,1989-1991
HLRC-3133,Depósito de Anticongelante,CHEVROLET,,Depósito de Anticongelante,HLRC-3133,Cotizar,/IMAGENES  DEPOSITO RECUPERADOR HLRC/HLRC-3133.jpg,,,,CHEVROLET,V2500 3/4 TON SUBURBAN,V8 6.2L,1989-1991
HLRC-3133,Depósito de Anticongelante,CHEVROLET,,Depósito de Anticongelante,HLRC-3133,Cotizar,/IMAGENES  DEPOSITO RECUPERADOR HLRC/HLRC-3133.jpg,,,,CHEVROLET,V3500 1 TON PICK UP,V8 5.7L,1989-1991
HLRC-3133,Depósito de Anticongelante,CHEVROLET,,Depósito de Anticongelante,HLRC-3133,Cotizar,/IMAGENES  DEPOSITO RECUPERADOR HLRC/HLRC-3133.jpg,,,,CHEVROLET,V3500 1 TON PICK UP,V8 6.2L,1989-1991
HLRC-3133,Depósito de Anticongelante,CHEVROLET,,Depósito de Anticongelante,HLRC-3133,Cotizar,/IMAGENES  DEPOSITO RECUPERADOR HLRC/HLRC-3133.jpg,,,,CHEVROLET,V3500 1 TON PICK UP,V8 7.4L,1989-1991
HLRC-3133,Depósito de Anticongelante,CHEVROLET,,Depósito de Anticongelante,HLRC-3133,Cotizar,/IMAGENES  DEPOSITO RECUPERADOR HLRC/HLRC-3133.jpg,,,,CHEVROLET,C1500 1/2 TON PICK UP,V8 7.4L,1990-1993
HLRC-3133,Depósito de Anticongelante,CHEVROLET,,Depósito de Anticongelante,HLRC-3133,Cotizar,/IMAGENES  DEPOSITO RECUPERADOR HLRC/HLRC-3133.jpg,,,,CHEVROLET,P30,V6 4.3L,1990-1998
HLRC-3133,Depósito de Anticongelante,GMC,,Depósito de Anticongelante,HLRC-3133,Cotizar,/IMAGENES  DEPOSITO RECUPERADOR HLRC/HLRC-3133.jpg,,,,GMC,P3500,V6 4.3L,1990-1998
HLRC-3133,Depósito de Anticongelante,GMC,,Depósito de Anticongelante,HLRC-3133,Cotizar,/IMAGENES  DEPOSITO RECUPERADOR HLRC/HLRC-3133.jpg,,,,GMC,SYCLONE,V6 4.3L,1991
HLRC-3133,Depósito de Anticongelante,GMC,,Depósito de Anticongelante,HLRC-3133,Cotizar,/IMAGENES  DEPOSITO RECUPERADOR HLRC/HLRC-3133.jpg,,,,GMC,C3500HD 1 TON PICK UP,V8 5.7L,1991-1995
HLRC-3133,Depósito de Anticongelante,CHEVROLET,,Depósito de Anticongelante,HLRC-3133,Cotizar,/IMAGENES  DEPOSITO RECUPERADOR HLRC/HLRC-3133.jpg,,,,CHEVROLET,C2500 3/4 TON PICK UP,V8 7.4L,1991-2000
HLRC-3133,Depósito de Anticongelante,CHEVROLET,,Depósito de Anticongelante,HLRC-3133,Cotizar,/IMAGENES  DEPOSITO RECUPERADOR HLRC/HLRC-3133.jpg,,,,CHEVROLET,K2500 3/4 TON PICK UP,V8 7.4L,1991-2000
HLRC-3133,Depósito de Anticongelante,GMC,,Depósito de Anticongelante,HLRC-3133,Cotizar,/IMAGENES  DEPOSITO RECUPERADOR HLRC/HLRC-3133.jpg,,,,GMC,C2500 3/4 TON PICK UP,V8 7.4L,1991-2000
HLRC-3133,Depósito de Anticongelante,GMC,,Depósito de Anticongelante,HLRC-3133,Cotizar,/IMAGENES  DEPOSITO RECUPERADOR HLRC/HLRC-3133.jpg,,,,GMC,K2500 3/4 TON PICK UP,V8 7.4L,1991-2000
HLRC-3133,Depósito de Anticongelante,GMC,,Depósito de Anticongelante,HLRC-3133,Cotizar,/IMAGENES  DEPOSITO RECUPERADOR HLRC/HLRC-3133.jpg,,,,GMC,C3500HD 1 TON PICK UP,V8 6.2L,1992
HLRC-3133,Depósito de Anticongelante,GMC,,Depósito de Anticongelante,HLRC-3133,Cotizar,/IMAGENES  DEPOSITO RECUPERADOR HLRC/HLRC-3133.jpg,,,,GMC,SONOMA,V6 4.3L,1992
HLRC-3133,Depósito de Anticongelante,CHEVROLET,,Depósito de Anticongelante,HLRC-3133,Cotizar,/IMAGENES  DEPOSITO RECUPERADOR HLRC/HLRC-3133.jpg,,,,CHEVROLET,C2500HD 3/4 TON PICK UP,V8 6.2L,1992-1993
HLRC-3133,Depósito de Anticongelante,CHEVROLET,,Depósito de Anticongelante,HLRC-3133,Cotizar,/IMAGENES  DEPOSITO RECUPERADOR HLRC/HLRC-3133.jpg,,,,CHEVROLET,C2500HD 3/4 TON PICK UP,V8 6.5L,1992-1993
HLRC-3133,Depósito de Anticongelante,CHEVROLET,,Depósito de Anticongelante,HLRC-3133,Cotizar,/IMAGENES  DEPOSITO RECUPERADOR HLRC/HLRC-3133.jpg,,,,CHEVROLET,G30HD 1 TON VAN,V8 7.4L,1992-1993
HLRC-3133,Depósito de Anticongelante,CHEVROLET,,Depósito de Anticongelante,HLRC-3133,Cotizar,/IMAGENES  DEPOSITO RECUPERADOR HLRC/HLRC-3133.jpg,,,,CHEVROLET,K1500 BLAZER,V8 5.7L,1992-1993
HLRC-3133,Depósito de Anticongelante,CHEVROLET,,Depósito de Anticongelante,HLRC-3133,Cotizar,/IMAGENES  DEPOSITO RECUPERADOR HLRC/HLRC-3133.jpg,,,,CHEVROLET,K2500HD 3/4 TON PICK UP,V8 6.2L,1992-1993
HLRC-3133,Depósito de Anticongelante,CHEVROLET,,Depósito de Anticongelante,HLRC-3133,Cotizar,/IMAGENES  DEPOSITO RECUPERADOR HLRC/HLRC-3133.jpg,,,,CHEVROLET,K2500HD 3/4 TON PICK UP,V8 6.5L,1992-1993
HLRC-3133,Depósito de Anticongelante,GMC,,Depósito de Anticongelante,HLRC-3133,Cotizar,/IMAGENES  DEPOSITO RECUPERADOR HLRC/HLRC-3133.jpg,,,,GMC,C2500HD 3/4 TON PICK UP,V8 6.5L,1992-1993
HLRC-3133,Depósito de Anticongelante,GMC,,Depósito de Anticongelante,HLRC-3133,Cotizar,/IMAGENES  DEPOSITO RECUPERADOR HLRC/HLRC-3133.jpg,,,,GMC,G3500 1 TON VAN,V8 7.4L,1992-1993
HLRC-3133,Depósito de Anticongelante,GMC,,Depósito de Anticongelante,HLRC-3133,Cotizar,/IMAGENES  DEPOSITO RECUPERADOR HLRC/HLRC-3133.jpg,,,,GMC,G3500HD 1 TON VAN,V8 6.2L,1992-1993
HLRC-3133,Depósito de Anticongelante,GMC,,Depósito de Anticongelante,HLRC-3133,Cotizar,/IMAGENES  DEPOSITO RECUPERADOR HLRC/HLRC-3133.jpg,,,,GMC,K2500HD 3/4 TON PICK UP,V8 6.2L,1992-1993
HLRC-3133,Depósito de Anticongelante,GMC,,Depósito de Anticongelante,HLRC-3133,Cotizar,/IMAGENES  DEPOSITO RECUPERADOR HLRC/HLRC-3133.jpg,,,,GMC,K2500HD 3/4 TON PICK UP,V8 6.5L,1992-1993
HLRC-3133,Depósito de Anticongelante,GMC,,Depósito de Anticongelante,HLRC-3133,Cotizar,/IMAGENES  DEPOSITO RECUPERADOR HLRC/HLRC-3133.jpg,,,,GMC,TYPHOON,V6 4.3L,1992-1993
HLRC-3133,Depósito de Anticongelante,CHEVROLET,,Depósito de Anticongelante,HLRC-3133,Cotizar,/IMAGENES  DEPOSITO RECUPERADOR HLRC/HLRC-3133.jpg,,,,CHEVROLET,C3500HD 1 TON PICK UP,V8 5.7L,1992-1995
HLRC-3133,Depósito de Anticongelante,GMC,,Depósito de Anticongelante,HLRC-3133,Cotizar,/IMAGENES  DEPOSITO RECUPERADOR HLRC/HLRC-3133.jpg,,,,GMC,G3500 1 TON VAN,V6 4.3L,1992-1995
HLRC-3133,Depósito de Anticongelante,CHEVROLET,,Depósito de Anticongelante,HLRC-3133,Cotizar,/IMAGENES  DEPOSITO RECUPERADOR HLRC/HLRC-3133.jpg,,,,CHEVROLET,G10 1/2 TON VAN,V6 4.3L,1992-1996
HLRC-3133,Depósito de Anticongelante,CHEVROLET,,Depósito de Anticongelante,HLRC-3133,Cotizar,/IMAGENES  DEPOSITO RECUPERADOR HLRC/HLRC-3133.jpg,,,,CHEVROLET,G20 3/4 TON VAN,V6 4.3L,1992-1996
HLRC-3133,Depósito de Anticongelante,CHEVROLET,,Depósito de Anticongelante,HLRC-3133,Cotizar,/IMAGENES  DEPOSITO RECUPERADOR HLRC/HLRC-3133.jpg,,,,CHEVROLET,G30 1 TON VAN,V6 4.3L,1992-1996
HLRC-3133,Depósito de Anticongelante,CHEVROLET,,Depósito de Anticongelante,HLRC-3133,Cotizar,/IMAGENES  DEPOSITO RECUPERADOR HLRC/HLRC-3133.jpg,,,,CHEVROLET,G30 1 TON VAN,V8 7.4L,1992-1996
HLRC-3133,Depósito de Anticongelante,CHEVROLET,,Depósito de Anticongelante,HLRC-3133,Cotizar,/IMAGENES  DEPOSITO RECUPERADOR HLRC/HLRC-3133.jpg,,,,CHEVROLET,G30HD 1 TON VAN,V8 5.7L,1992-1996
HLRC-3133,Depósito de Anticongelante,CHEVROLET,,Depósito de Anticongelante,HLRC-3133,Cotizar,/IMAGENES  DEPOSITO RECUPERADOR HLRC/HLRC-3133.jpg,,,,CHEVROLET,G30HD 1 TON VAN,V8 7.4L,1992-1996
HLRC-3133,Depósito de Anticongelante,CHEVROLET,,Depósito de Anticongelante,HLRC-3133,Cotizar,/IMAGENES  DEPOSITO RECUPERADOR HLRC/HLRC-3133.jpg,,,,CHEVROLET,C25 3/4 TON PICK UP,V8 5.7L,1992-1997
HLRC-3133,Depósito de Anticongelante,GMC,,Depósito de Anticongelante,HLRC-3133,Cotizar,/IMAGENES  DEPOSITO RECUPERADOR HLRC/HLRC-3133.jpg,,,,GMC,G1500 1/2 TON VAN,V6 4.3L,1992-1997
HLRC-3133,Depósito de Anticongelante,GMC,,Depósito de Anticongelante,HLRC-3133,Cotizar,/IMAGENES  DEPOSITO RECUPERADOR HLRC/HLRC-3133.jpg,,,,GMC,G2500 3/4 TON VAN,V6 4.3L,1992-1997
HLRC-3133,Depósito de Anticongelante,GMC,,Depósito de Anticongelante,HLRC-3133,Cotizar,/IMAGENES  DEPOSITO RECUPERADOR HLRC/HLRC-3133.jpg,,,,GMC,G3500HD 1 TON VAN,V8 5.7L,1992-1997
HLRC-3133,Depósito de Anticongelante,GMC,,Depósito de Anticongelante,HLRC-3133,Cotizar,/IMAGENES  DEPOSITO RECUPERADOR HLRC/HLRC-3133.jpg,,,,GMC,G3500HD 1 TON VAN,V8 7.4L,1992-1997
HLRC-3133,Depósito de Anticongelante,CHEVROLET,,Depósito de Anticongelante,HLRC-3133,Cotizar,/IMAGENES  DEPOSITO RECUPERADOR HLRC/HLRC-3133.jpg,,,,CHEVROLET,C1500 1/2 TON SUBURBAN,V8 5.7L,1992-1999
HLRC-3133,Depósito de Anticongelante,CHEVROLET,,Depósito de Anticongelante,HLRC-3133,Cotizar,/IMAGENES  DEPOSITO RECUPERADOR HLRC/HLRC-3133.jpg,,,,CHEVROLET,C2500 3/4 TON SUBURBAN,V8 5.7L,1992-1999
HLRC-3133,Depósito de Anticongelante,CHEVROLET,,Depósito de Anticongelante,HLRC-3133,Cotizar,/IMAGENES  DEPOSITO RECUPERADOR HLRC/HLRC-3133.jpg,,,,CHEVROLET,P20,V6 4.8L,1989
HLRC-3133,Depósito de Anticongelante,CHEVROLET,,Depósito de Anticongelante,HLRC-3133,Cotizar,/IMAGENES  DEPOSITO RECUPERADOR HLRC/HLRC-3133.jpg,,,,CHEVROLET,R2500 3/4 TON PICK UP,V8 5.7L,1989
HLRC-3133,Depósito de Anticongelante,CHEVROLET,,Depósito de Anticongelante,HLRC-3133,Cotizar,/IMAGENES  DEPOSITO RECUPERADOR HLRC/HLRC-3133.jpg,,,,CHEVROLET,R2500 3/4 TON PICK UP,V8 6.2L,1989
HLRC-3133,Depósito de Anticongelante,CHEVROLET,,Depósito de Anticongelante,HLRC-3133,Cotizar,/IMAGENES  DEPOSITO RECUPERADOR HLRC/HLRC-3133.jpg,,,,CHEVROLET,R2500 3/4 TON PICK UP,V8 7.4L,1989
HLRC-3133,Depósito de Anticongelante,CHEVROLET,,Depósito de Anticongelante,HLRC-3133,Cotizar,/IMAGENES  DEPOSITO RECUPERADOR HLRC/HLRC-3133.jpg,,,,CHEVROLET,R1500 1/2 TON SUBURBAN,V8 5.7L,1989-1991
HLRC-3133,Depósito de Anticongelante,CHEVROLET,,Depósito de Anticongelante,HLRC-3133,Cotizar,/IMAGENES  DEPOSITO RECUPERADOR HLRC/HLRC-3133.jpg,,,,CHEVROLET,R1500 1/2 TON SUBURBAN,V8 6.2L,1989-1991
HLRC-3133,Depósito de Anticongelante,CHEVROLET,,Depósito de Anticongelante,HLRC-3133,Cotizar,/IMAGENES  DEPOSITO RECUPERADOR HLRC/HLRC-3133.jpg,,,,CHEVROLET,R2500 3/4 TON SUBURBAN,V8 5.7L,1989-1991
HLRC-3133,Depósito de Anticongelante,CHEVROLET,,Depósito de Anticongelante,HLRC-3133,Cotizar,/IMAGENES  DEPOSITO RECUPERADOR HLRC/HLRC-3133.jpg,,,,CHEVROLET,R2500 3/4 TON SUBURBAN,V8 6.2L,1989-1991
HLRC-3133,Depósito de Anticongelante,CHEVROLET,,Depósito de Anticongelante,HLRC-3133,Cotizar,/IMAGENES  DEPOSITO RECUPERADOR HLRC/HLRC-3133.jpg,,,,CHEVROLET,R2500 3/4 TON SUBURBAN,V8 7.4L,1989-1991
HLRC-3133,Depósito de Anticongelante,CHEVROLET,,Depósito de Anticongelante,HLRC-3133,Cotizar,/IMAGENES  DEPOSITO RECUPERADOR HLRC/HLRC-3133.jpg,,,,CHEVROLET,R3500 1 TON PICK UP,V8 5.7L,1989-1991
HLRC-3133,Depósito de Anticongelante,CHEVROLET,,Depósito de Anticongelante,HLRC-3133,Cotizar,/IMAGENES  DEPOSITO RECUPERADOR HLRC/HLRC-3133.jpg,,,,CHEVROLET,R3500 1 TON PICK UP,V8 6.2L,1989-1991
HLRC-3133,Depósito de Anticongelante,CHEVROLET,,Depósito de Anticongelante,HLRC-3133,Cotizar,/IMAGENES  DEPOSITO RECUPERADOR HLRC/HLRC-3133.jpg,,,,CHEVROLET,R3500 1 TON PICK UP,V8 7.4L,1989-1991
HLRC-3133,Depósito de Anticongelante,CHEVROLET,,Depósito de Anticongelante,HLRC-3133,Cotizar,/IMAGENES  DEPOSITO RECUPERADOR HLRC/HLRC-3133.jpg,,,,CHEVROLET,V1500 1/2 TON SUBURBAN,V8 5.7L,1989-1991
HLRC-3133,Depósito de Anticongelante,CHEVROLET,,Depósito de Anticongelante,HLRC-3133,Cotizar,/IMAGENES  DEPOSITO RECUPERADOR HLRC/HLRC-3133.jpg,,,,CHEVROLET,V1500 1/2 TON SUBURBAN,V8 6.2L,1989-1991
HLRC-3133,Depósito de Anticongelante,CHEVROLET,,Depósito de Anticongelante,HLRC-3133,Cotizar,/IMAGENES  DEPOSITO RECUPERADOR HLRC/HLRC-3133.jpg,,,,CHEVROLET,V2500 3/4 TON SUBURBAN,V8 5.7L,1989-1991
HLRC-3133,Depósito de Anticongelante,CHEVROLET,,Depósito de Anticongelante,HLRC-3133,Cotizar,/IMAGENES  DEPOSITO RECUPERADOR HLRC/HLRC-3133.jpg,,,,CHEVROLET,V2500 3/4 TON SUBURBAN,V8 6.2L,1989-1991
HLRC-3133,Depósito de Anticongelante,CHEVROLET,,Depósito de Anticongelante,HLRC-3133,Cotizar,/IMAGENES  DEPOSITO RECUPERADOR HLRC/HLRC-3133.jpg,,,,CHEVROLET,V3500 1 TON PICK UP,V8 5.7L,1989-1991
HLRC-3133,Depósito de Anticongelante,CHEVROLET,,Depósito de Anticongelante,HLRC-3133,Cotizar,/IMAGENES  DEPOSITO RECUPERADOR HLRC/HLRC-3133.jpg,,,,CHEVROLET,V3500 1 TON PICK UP,V8 6.2L,1989-1991
HLRC-3133,Depósito de Anticongelante,CHEVROLET,,Depósito de Anticongelante,HLRC-3133,Cotizar,/IMAGENES  DEPOSITO RECUPERADOR HLRC/HLRC-3133.jpg,,,,CHEVROLET,V3500 1 TON PICK UP,V8 7.4L,1989-1991
HLRC-3133,Depósito de Anticongelante,CHEVROLET,,Depósito de Anticongelante,HLRC-3133,Cotizar,/IMAGENES  DEPOSITO RECUPERADOR HLRC/HLRC-3133.jpg,,,,CHEVROLET,C1500 1/2 TON PICK UP,V8 7.4L,1990-1993
HLRC-3133,Depósito de Anticongelante,CHEVROLET,,Depósito de Anticongelante,HLRC-3133,Cotizar,/IMAGENES  DEPOSITO RECUPERADOR HLRC/HLRC-3133.jpg,,,,CHEVROLET,P30,V6 4.3L,1990-1998
HLRC-3133,Depósito de Anticongelante,GMC,,Depósito de Anticongelante,HLRC-3133,Cotizar,/IMAGENES  DEPOSITO RECUPERADOR HLRC/HLRC-3133.jpg,,,,GMC,P3500,V6 4.3L,1990-1998
HLRC-3133,Depósito de Anticongelante,GMC,,Depósito de Anticongelante,HLRC-3133,Cotizar,/IMAGENES  DEPOSITO RECUPERADOR HLRC/HLRC-3133.jpg,,,,GMC,SYCLONE,V6 4.3L,1991
HLRC-3133,Depósito de Anticongelante,GMC,,Depósito de Anticongelante,HLRC-3133,Cotizar,/IMAGENES  DEPOSITO RECUPERADOR HLRC/HLRC-3133.jpg,,,,GMC,C3500HD 1 TON PICK UP,V8 5.7L,1991-1995
HLRC-3133,Depósito de Anticongelante,CHEVROLET,,Depósito de Anticongelante,HLRC-3133,Cotizar,/IMAGENES  DEPOSITO RECUPERADOR HLRC/HLRC-3133.jpg,,,,CHEVROLET,C2500 3/4 TON PICK UP,V8 7.4L,1991-2000
HLRC-3133,Depósito de Anticongelante,CHEVROLET,,Depósito de Anticongelante,HLRC-3133,Cotizar,/IMAGENES  DEPOSITO RECUPERADOR HLRC/HLRC-3133.jpg,,,,CHEVROLET,K2500 3/4 TON PICK UP,V8 7.4L,1991-2000
HLRC-3133,Depósito de Anticongelante,GMC,,Depósito de Anticongelante,HLRC-3133,Cotizar,/IMAGENES  DEPOSITO RECUPERADOR HLRC/HLRC-3133.jpg,,,,GMC,C2500 3/4 TON PICK UP,V8 7.4L,1991-2000
HLRC-3133,Depósito de Anticongelante,GMC,,Depósito de Anticongelante,HLRC-3133,Cotizar,/IMAGENES  DEPOSITO RECUPERADOR HLRC/HLRC-3133.jpg,,,,GMC,K2500HD 3/4 TON PICK UP,V8 7.4L,1992-2000
HLRC-3133,Depósito de Anticongelante,GMC,,Depósito de Anticongelante,HLRC-3133,Cotizar,/IMAGENES  DEPOSITO RECUPERADOR HLRC/HLRC-3133.jpg,,,,GMC,K3500 1 TON PICK UP,V8 6.5L,1992-2000
HLRC-3133,Depósito de Anticongelante,CHEVROLET,,Depósito de Anticongelante,HLRC-3133,Cotizar,/IMAGENES  DEPOSITO RECUPERADOR HLRC/HLRC-3133.jpg,,,,CHEVROLET,BLAZER,V8 5.7L,1994
HLRC-3133,Depósito de Anticongelante,CHEVROLET,,Depósito de Anticongelante,HLRC-3133,Cotizar,/IMAGENES  DEPOSITO RECUPERADOR HLRC/HLRC-3133.jpg,,,,CHEVROLET,BLAZER,V8 6.5L,1994
HLRC-3133,Depósito de Anticongelante,GMC,,Depósito de Anticongelante,HLRC-3133,Cotizar,/IMAGENES  DEPOSITO RECUPERADOR HLRC/HLRC-3133.jpg,,,,GMC,SONOMA,V6 4.3L,1994
HLRC-3133,Depósito de Anticongelante,CHEVROLET,,Depósito de Anticongelante,HLRC-3133,Cotizar,/IMAGENES  DEPOSITO RECUPERADOR HLRC/HLRC-3133.jpg,,,,CHEVROLET,C1500 1/2 TON PICK UP,V8 6.5L,1994-1996
HLRC-3133,Depósito de Anticongelante,CHEVROLET,,Depósito de Anticongelante,HLRC-3133,Cotizar,/IMAGENES  DEPOSITO RECUPERADOR HLRC/HLRC-3133.jpg,,,,CHEVROLET,G20 3/4 TON VAN,V8 6.5L,1994-1996
HLRC-3133,Depósito de Anticongelante,CHEVROLET,,Depósito de Anticongelante,HLRC-3133,Cotizar,/IMAGENES  DEPOSITO RECUPERADOR HLRC/HLRC-3133.jpg,,,,CHEVROLET,G30 1 TON VAN,V8 6.5L,1994-1996
HLRC-3133,Depósito de Anticongelante,CHEVROLET,,Depósito de Anticongelante,HLRC-3133,Cotizar,/IMAGENES  DEPOSITO RECUPERADOR HLRC/HLRC-3133.jpg,,,,CHEVROLET,G30HD 1 TON VAN,V8 6.5L,1994-1996
HLRC-3133,Depósito de Anticongelante,GMC,,Depósito de Anticongelante,HLRC-3133,Cotizar,/IMAGENES  DEPOSITO RECUPERADOR HLRC/HLRC-3133.jpg,,,,GMC,C1500 1/2 TON PICK UP,V8 6.5L,1994-1996
HLRC-3133,Depósito de Anticongelante,GMC,,Depósito de Anticongelante,HLRC-3133,Cotizar,/IMAGENES  DEPOSITO RECUPERADOR HLRC/HLRC-3133.jpg,,,,GMC,G2500 3/4 TON VAN,V8 6.5L,1994-1997
HLRC-3133,Depósito de Anticongelante,GMC,,Depósito de Anticongelante,HLRC-3133,Cotizar,/IMAGENES  DEPOSITO RECUPERADOR HLRC/HLRC-3133.jpg,,,,GMC,G3500 1 TON VAN,V8 6.5L,1994-1997
HLRC-3133,Depósito de Anticongelante,GMC,,Depósito de Anticongelante,HLRC-3133,Cotizar,/IMAGENES  DEPOSITO RECUPERADOR HLRC/HLRC-3133.jpg,,,,GMC,G3500HD 1 TON VAN,V8 6.5L,1994-1997
HLRC-3133,Depósito de Anticongelante,GMC,,Depósito de Anticongelante,HLRC-3133,Cotizar,/IMAGENES  DEPOSITO RECUPERADOR HLRC/HLRC-3133.jpg,,,,GMC,YUKON,V8 6.5L,1994-1997
HLRC-3133,Depósito de Anticongelante,CHEVROLET,,Depósito de Anticongelante,HLRC-3133,Cotizar,/IMAGENES  DEPOSITO RECUPERADOR HLRC/HLRC-3133.jpg,,,,CHEVROLET,C1500 1/2 TON PICK UP,V6 4.1L,1994-1998
HLRC-3133,Depósito de Anticongelante,CHEVROLET,,Depósito de Anticongelante,HLRC-3133,Cotizar,/IMAGENES  DEPOSITO RECUPERADOR HLRC/HLRC-3133.jpg,,,,CHEVROLET,K1500 1/2 TON PICK UP,V8 6.5L,1994-1998
HLRC-3133,Depósito de Anticongelante,GMC,,Depósito de Anticongelante,HLRC-3133,Cotizar,/IMAGENES  DEPOSITO RECUPERADOR HLRC/HLRC-3133.jpg,,,,GMC,K1500 1/2 TON PICK UP,V8 6.5L,1994-1998
HLRC-3133,Depósito de Anticongelante,CHEVROLET,,Depósito de Anticongelante,HLRC-3133,Cotizar,/IMAGENES  DEPOSITO RECUPERADOR HLRC/HLRC-3133.jpg,,,,CHEVROLET,C2500 3/4 TON SUBURBAN,V8 6.5L,1994-1999
HLRC-3133,Depósito de Anticongelante,CHEVROLET,,Depósito de Anticongelante,HLRC-3133,Cotizar,/IMAGENES  DEPOSITO RECUPERADOR HLRC/HLRC-3133.jpg,,,,CHEVROLET,K2500 3/4 TON SUBURBAN,V8 6.5L,1994-1999
HLRC-3133,Depósito de Anticongelante,CHEVROLET,,Depósito de Anticongelante,HLRC-3133,Cotizar,/IMAGENES  DEPOSITO RECUPERADOR HLRC/HLRC-3133.jpg,,,,CHEVROLET,P30,V8 6.5L,1994-1999
HLRC-3133,Depósito de Anticongelante,GMC,,Depósito de Anticongelante,HLRC-3133,Cotizar,/IMAGENES  DEPOSITO RECUPERADOR HLRC/HLRC-3133.jpg,,,,GMC,C2500 3/4 TON SUBURBAN,V8 6.5L,1994-1999
HLRC-3133,Depósito de Anticongelante,GMC,,Depósito de Anticongelante,HLRC-3133,Cotizar,/IMAGENES  DEPOSITO RECUPERADOR HLRC/HLRC-3133.jpg,,,,GMC,K2500 3/4 TON SUBURBAN,V8 6.5L,1994-1999
HLRC-3133,Depósito de Anticongelante,GMC,,Depósito de Anticongelante,HLRC-3133,Cotizar,/IMAGENES  DEPOSITO RECUPERADOR HLRC/HLRC-3133.jpg,,,,GMC,P3500,V8 6.5L,1994-1999
HLRC-3133,Depósito de Anticongelante,GMC,,Depósito de Anticongelante,HLRC-3133,Cotizar,/IMAGENES  DEPOSITO RECUPERADOR HLRC/HLRC-3133.jpg,,,,GMC,C3500 1 TON PICK UP,V8 7.4L,1994-2000
HLRC-3133,Depósito de Anticongelante,GMC,,Depósito de Anticongelante,HLRC-3133,Cotizar,/IMAGENES  DEPOSITO RECUPERADOR HLRC/HLRC-3133.jpg,,,,GMC,G3500 1 TON VAN,V8 7.4L,1995-1997
HLRC-3133,Depósito de Anticongelante,CHEVROLET,,Depósito de Anticongelante,HLRC-3133,Cotizar,/IMAGENES  DEPOSITO RECUPERADOR HLRC/HLRC-3133.jpg,,,,CHEVROLET,C1500 1/2 TON SUBURBAN,V8 6.5L,1995-1999
HLRC-3133,Depósito de Anticongelante,CHEVROLET,,Depósito de Anticongelante,HLRC-3133,Cotizar,/IMAGENES  DEPOSITO RECUPERADOR HLRC/HLRC-3133.jpg,,,,CHEVROLET,K1500 1/2 TON SUBURBAN,V8 6.5L,1995-1999
HLRC-3133,Depósito de Anticongelante,CHEVROLET,,Depósito de Anticongelante,HLRC-3133,Cotizar,/IMAGENES  DEPOSITO RECUPERADOR HLRC/HLRC-3133.jpg,,,,CHEVROLET,SILVERADO,V8 5.7L,1995-1999
HLRC-3133,Depósito de Anticongelante,CHEVROLET,,Depósito de Anticongelante,HLRC-3133,Cotizar,/IMAGENES  DEPOSITO RECUPERADOR HLRC/HLRC-3133.jpg,,,,CHEVROLET,TAHOE,V8 5.7L,1995-1999
HLRC-3133,Depósito de Anticongelante,GMC,,Depósito de Anticongelante,HLRC-3133,Cotizar,/IMAGENES  DEPOSITO RECUPERADOR HLRC/HLRC-3133.jpg,,,,GMC,K2500HD 3/4 TON PICK UP,V8 6.5L,1995-2000
HLRC-3133,Depósito de Anticongelante,CHEVROLET,,Depósito de Anticongelante,HLRC-3133,Cotizar,/IMAGENES  DEPOSITO RECUPERADOR HLRC/HLRC-3133.jpg,,,,CHEVROLET,G10 1/2 TON VAN,V8 5.7L,1996
HLRC-3133,Depósito de Anticongelante,GMC,,Depósito de Anticongelante,HLRC-3133,Cotizar,/IMAGENES  DEPOSITO RECUPERADOR HLRC/HLRC-3133.jpg,,,,GMC,G1500 1/2 TON VAN,V8 5.7L,1996-1997
HLRC-3133,Depósito de Anticongelante,CHEVROLET,,Depósito de Anticongelante,HLRC-3133,Cotizar,/IMAGENES  DEPOSITO RECUPERADOR HLRC/HLRC-3133.jpg,,,,CHEVROLET,G1500 1/2 TON VAN,V6 4.3L,1997-1998
HLRC-3133,Depósito de Anticongelante,CHEVROLET,,Depósito de Anticongelante,HLRC-3133,Cotizar,/IMAGENES  DEPOSITO RECUPERADOR HLRC/HLRC-3133.jpg,,,,CHEVROLET,G1500 1/2 TON VAN,V8 5.0L,1997-1998
HLRC-3133,Depósito de Anticongelante,CHEVROLET,,Depósito de Anticongelante,HLRC-3133,Cotizar,/IMAGENES  DEPOSITO RECUPERADOR HLRC/HLRC-3133.jpg,,,,CHEVROLET,G1500 1/2 TON VAN,V8 5.7L,1997-1998
HLRC-3133,Depósito de Anticongelante,CHEVROLET,,Depósito de Anticongelante,HLRC-3133,Cotizar,/IMAGENES  DEPOSITO RECUPERADOR HLRC/HLRC-3133.jpg,,,,CHEVROLET,G2500 3/4 TON VAN,V6 4.3L,1997-1998
HLRC-3133,Depósito de Anticongelante,CHEVROLET,,Depósito de Anticongelante,HLRC-3133,Cotizar,/IMAGENES  DEPOSITO RECUPERADOR HLRC/HLRC-3133.jpg,,,,CHEVROLET,G2500 3/4 TON VAN,V8 5.0L,1997-1998
HLRC-3133,Depósito de Anticongelante,CHEVROLET,,Depósito de Anticongelante,HLRC-3133,Cotizar,/IMAGENES  DEPOSITO RECUPERADOR HLRC/HLRC-3133.jpg,,,,CHEVROLET,G2500 3/4 TON VAN,V8 5.7L,1997-1998
HLRC-3133,Depósito de Anticongelante,CHEVROLET,,Depósito de Anticongelante,HLRC-3133,Cotizar,/IMAGENES  DEPOSITO RECUPERADOR HLRC/HLRC-3133.jpg,,,,CHEVROLET,G2500 3/4 TON VAN,V8 6.5L,1997-1998
HLRC-3133,Depósito de Anticongelante,CHEVROLET,,Depósito de Anticongelante,HLRC-3133,Cotizar,/IMAGENES  DEPOSITO RECUPERADOR HLRC/HLRC-3133.jpg,,,,CHEVROLET,G3500 1 TON VAN,V8 5.7L,1997-1998
HLRC-3133,Depósito de Anticongelante,CHEVROLET,,Depósito de Anticongelante,HLRC-3133,Cotizar,/IMAGENES  DEPOSITO RECUPERADOR HLRC/HLRC-3133.jpg,,,,CHEVROLET,G3500 1 TON VAN,V8 6.5L,1997-1998
HLRC-3133,Depósito de Anticongelante,CHEVROLET,,Depósito de Anticongelante,HLRC-3133,Cotizar,/IMAGENES  DEPOSITO RECUPERADOR HLRC/HLRC-3133.jpg,,,,CHEVROLET,G3500HD 1 TON VAN,V8 5.7L,1997-1998
HLRC-3133,Depósito de Anticongelante,CHEVROLET,,Depósito de Anticongelante,HLRC-3133,Cotizar,/IMAGENES  DEPOSITO RECUPERADOR HLRC/HLRC-3133.jpg,,,,CHEVROLET,G3500HD 1 TON VAN,V8 6.5L,1997-1998
HLRC-3133,Depósito de Anticongelante,CHEVROLET,,Depósito de Anticongelante,HLRC-3133,Cotizar,/IMAGENES  DEPOSITO RECUPERADOR HLRC/HLRC-3133.jpg,,,,CHEVROLET,G3500HD 1 TON VAN,V8 7.4L,1997-1998
HLRC-3133,Depósito de Anticongelante,GMC,,Depósito de Anticongelante,HLRC-3133,Cotizar,/IMAGENES  DEPOSITO RECUPERADOR HLRC/HLRC-3133.jpg,,,,GMC,P3500,V8 7.4L,1997-1999
HLRC-3133,Depósito de Anticongelante,CHEVROLET,,Depósito de Anticongelante,HLRC-3133,Cotizar,/IMAGENES  DEPOSITO RECUPERADOR HLRC/HLRC-3133.jpg,,,,CHEVROLET,G3500 1 TON VAN,V8 7.4L,1998
HLRC-3133,Depósito de Anticongelante,CHEVROLET,,Depósito de Anticongelante,HLRC-3133,Cotizar,/IMAGENES  DEPOSITO RECUPERADOR HLRC/HLRC-3133.jpg,,,,CHEVROLET,K2500 3/4 TON PICK UP,V8 5.0L,1998
HLRC-3133,Depósito de Anticongelante,GMC,,Depósito de Anticongelante,HLRC-3133,Cotizar,/IMAGENES  DEPOSITO RECUPERADOR HLRC/HLRC-3133.jpg,,,,GMC,K2500 3/4 TON PICK UP,V8 5.0L,1998
HLRC-3133,Depósito de Anticongelante,GMC,,Depósito de Anticongelante,HLRC-3133,Cotizar,/IMAGENES  DEPOSITO RECUPERADOR HLRC/HLRC-3133.jpg,,,,GMC,SAVANA 1/2 TON VAN,V6 4.3L,1998
HLRC-3133,Depósito de Anticongelante,GMC,,Depósito de Anticongelante,HLRC-3133,Cotizar,/IMAGENES  DEPOSITO RECUPERADOR HLRC/HLRC-3133.jpg,,,,GMC,SAVANA 3/4 TON VAN,V6 4.3L,1998
HLRC-3133,Depósito de Anticongelante,CHEVROLET,,Depósito de Anticongelante,HLRC-3133,Cotizar,/IMAGENES  DEPOSITO RECUPERADOR HLRC/HLRC-3133.jpg,,,,CHEVROLET,EXPRESS 1 TON VAN,V8 6.5L,1998-2000
HLRC-3133,Depósito de Anticongelante,CHEVROLET,,Depósito de Anticongelante,HLRC-3133,Cotizar,/IMAGENES  DEPOSITO RECUPERADOR HLRC/HLRC-3133.jpg,,,,CHEVROLET,EXPRESS 1 TON VAN,V8 7.4L,1998-2000
HLRC-3133,Depósito de Anticongelante,CHEVROLET,,Depósito de Anticongelante,HLRC-3133,Cotizar,/IMAGENES  DEPOSITO RECUPERADOR HLRC/HLRC-3133.jpg,,,,CHEVROLET,EXPRESS 3/4 TON VAN,V8 6.5L,1998-2000
HLRC-3133,Depósito de Anticongelante,GMC,,Depósito de Anticongelante,HLRC-3133,Cotizar,/IMAGENES  DEPOSITO RECUPERADOR HLRC/HLRC-3133.jpg,,,,GMC,SAVANA 1 TON VAN,V8 7.4L,1998-2000
HLRC-3133,Depósito de Anticongelante,CHEVROLET,,Depósito de Anticongelante,HLRC-3133,Cotizar,/IMAGENES  DEPOSITO RECUPERADOR HLRC/HLRC-3133.jpg,,,,CHEVROLET,EXPRESS 1/2 TON VAN,V8 5.0L,1998-2002
HLRC-3133,Depósito de Anticongelante,CHEVROLET,,Depósito de Anticongelante,HLRC-3133,Cotizar,/IMAGENES  DEPOSITO RECUPERADOR HLRC/HLRC-3133.jpg,,,,CHEVROLET,EXPRESS 3/4 TON VAN,V8 5.0L,1998-2002
HLRC-3133,Depósito de Anticongelante,GMC,,Depósito de Anticongelante,HLRC-3133,Cotizar,/IMAGENES  DEPOSITO RECUPERADOR HLRC/HLRC-3133.jpg,,,,GMC,SAVANA 1/2 TON VAN,V8 5.0L,1998-2002
HLRC-3133,Depósito de Anticongelante,GMC,,Depósito de Anticongelante,HLRC-3133,Cotizar,/IMAGENES  DEPOSITO RECUPERADOR HLRC/HLRC-3133.jpg,,,,GMC,SAVANA 3/4 TON VAN,V8 5.0L,1998-2002
HLRC-3134,Depósito de Anticongelante,,,Depósito de Anticongelante,HLRC-3134,Cotizar,/IMAGENES  DEPOSITO RECUPERADOR HLRC/HLRC-3134.jpg,,,,,,,
HLRC-3135,Depósito de Anticongelante,CHRYSLER,,Depósito de Anticongelante,HLRC-3135,Cotizar,/IMAGENES  DEPOSITO RECUPERADOR HLRC/HLRC-3135.jpg,,,,CHRYSLER,300,V6 3.5L,2005 - 2010
HLRC-3135,Depósito de Anticongelante,CHRYSLER,,Depósito de Anticongelante,HLRC-3135,Cotizar,/IMAGENES  DEPOSITO RECUPERADOR HLRC/HLRC-3135.jpg,,,,CHRYSLER,300,V6 3.6L,2011 - 2021
HLRC-3135,Depósito de Anticongelante,CHRYSLER,,Depósito de Anticongelante,HLRC-3135,Cotizar,/IMAGENES  DEPOSITO RECUPERADOR HLRC/HLRC-3135.jpg,,,,CHRYSLER,300 C,V8 5.7L,2011 - 2018
HLRC-3135,Depósito de Anticongelante,CHRYSLER,,Depósito de Anticongelante,HLRC-3135,Cotizar,/IMAGENES  DEPOSITO RECUPERADOR HLRC/HLRC-3135.jpg,,,,CHRYSLER,300 C,V8 6.4L,2012 - 2014
HLRC-3135,Depósito de Anticongelante,DODGE,,Depósito de Anticongelante,HLRC-3135,Cotizar,/IMAGENES  DEPOSITO RECUPERADOR HLRC/HLRC-3135.jpg,,,,DODGE,CHALLENGER,V6 3.5L,2009 - 2010
HLRC-3135,Depósito de Anticongelante,DODGE,,Depósito de Anticongelante,HLRC-3135,Cotizar,/IMAGENES  DEPOSITO RECUPERADOR HLRC/HLRC-3135.jpg,,,,DODGE,CHALLENGER,V6 3.6L,2011 - 2023
HLRC-3135,Depósito de Anticongelante,DODGE,,Depósito de Anticongelante,HLRC-3135,Cotizar,/IMAGENES  DEPOSITO RECUPERADOR HLRC/HLRC-3135.jpg,,,,DODGE,CHALLENGER,V8 5.7L,2011 - 2017
HLRC-3135,Depósito de Anticongelante,DODGE,,Depósito de Anticongelante,HLRC-3135,Cotizar,/IMAGENES  DEPOSITO RECUPERADOR HLRC/HLRC-3135.jpg,,,,DODGE,CHALLENGER,V8 6.2L,2014 - 2023
HLRC-3135,Depósito de Anticongelante,DODGE,,Depósito de Anticongelante,HLRC-3135,Cotizar,/IMAGENES  DEPOSITO RECUPERADOR HLRC/HLRC-3135.jpg,,,,DODGE,CHALLENGER,V8 6.4L,2011 - 2017
HLRC-3135,Depósito de Anticongelante,DODGE,,Depósito de Anticongelante,HLRC-3135,Cotizar,/IMAGENES  DEPOSITO RECUPERADOR HLRC/HLRC-3135.jpg,,,,DODGE,CHARGER,V6 3.5L,2006 - 2010
HLRC-3135,Depósito de Anticongelante,DODGE,,Depósito de Anticongelante,HLRC-3135,Cotizar,/IMAGENES  DEPOSITO RECUPERADOR HLRC/HLRC-3135.jpg,,,,DODGE,CHARGER,V6 3.6L,2011 - 2017
HLRC-3135,Depósito de Anticongelante,DODGE,,Depósito de Anticongelante,HLRC-3135,Cotizar,/IMAGENES  DEPOSITO RECUPERADOR HLRC/HLRC-3135.jpg,,,,DODGE,CHARGER,V8 5.7L,2011 - 2017
HLRC-3135,Depósito de Anticongelante,DODGE,,Depósito de Anticongelante,HLRC-3135,Cotizar,/IMAGENES  DEPOSITO RECUPERADOR HLRC/HLRC-3135.jpg,,,,DODGE,CHARGER,V8 6.2L,2015 - 2023
HLRC-3135,Depósito de Anticongelante,DODGE,,Depósito de Anticongelante,HLRC-3135,Cotizar,/IMAGENES  DEPOSITO RECUPERADOR HLRC/HLRC-3135.jpg,,,,DODGE,CHARGER,V8 6.4L,2011 - 2020
HLRC-3136,Depósito de Anticongelante,,,Depósito de Anticongelante,HLRC-3136,Cotizar,/IMAGENES  DEPOSITO RECUPERADOR HLRC/HLRC-3136.jpg,,,,,,,
HLRC-3137,Depósito de Anticongelante,CHEVROLET,,Depósito de Anticongelante,HLRC-3137,Cotizar,/IMAGENES  DEPOSITO RECUPERADOR HLRC/HLRC-3137.webp,,,,CHEVROLET,VAN ,V6 4.3,1984-1991
HLRC-3138,Depósito de Anticongelante,CADILLAC ,,Depósito de Anticongelante,HLRC-3138,Cotizar,/IMAGENES  DEPOSITO RECUPERADOR HLRC/HLRC-3138.jpg,,,,CADILLAC ,DEVILLE,V8 4.6L,2000-2005
HLRC-3139,Depósito de Anticongelante,,,Depósito de Anticongelante,HLRC-3139,Cotizar,/IMAGENES  DEPOSITO RECUPERADOR HLRC/HLRC-3139.jpg,,,,,,,
HLRC-3140,Depósito de Anticongelante,CADILLAC,,Depósito de Anticongelante,HLRC-3140,Cotizar,/IMAGENES  DEPOSITO RECUPERADOR HLRC/HLRC-3140.jpg,,,,CADILLAC,ESCALADE,V8 5.3L,2004 - 2005
HLRC-3140,Depósito de Anticongelante,CADILLAC,,Depósito de Anticongelante,HLRC-3140,Cotizar,/IMAGENES  DEPOSITO RECUPERADOR HLRC/HLRC-3140.jpg,,,,CADILLAC,ESCALADE,V8 6.0L,2002 - 2006
HLRC-3140,Depósito de Anticongelante,CHEVROLET,,Depósito de Anticongelante,HLRC-3140,Cotizar,/IMAGENES  DEPOSITO RECUPERADOR HLRC/HLRC-3140.jpg,,,,CHEVROLET,AVALANCHE 1500,V8 5.3L,2002 - 2006
HLRC-3140,Depósito de Anticongelante,CHEVROLET,,Depósito de Anticongelante,HLRC-3140,Cotizar,/IMAGENES  DEPOSITO RECUPERADOR HLRC/HLRC-3140.jpg,,,,CHEVROLET,AVALANCHE 2500,V8 8.1L,2002 - 2006
HLRC-3140,Depósito de Anticongelante,CHEVROLET,,Depósito de Anticongelante,HLRC-3140,Cotizar,/IMAGENES  DEPOSITO RECUPERADOR HLRC/HLRC-3140.jpg,,,,CHEVROLET,SILVERADO 1500,V6 4.3L,1999 - 2006
HLRC-3140,Depósito de Anticongelante,CHEVROLET,,Depósito de Anticongelante,HLRC-3140,Cotizar,/IMAGENES  DEPOSITO RECUPERADOR HLRC/HLRC-3140.jpg,,,,CHEVROLET,SILVERADO 1500,V8 4.8L,1999 - 2006
HLRC-3140,Depósito de Anticongelante,CHEVROLET,,Depósito de Anticongelante,HLRC-3140,Cotizar,/IMAGENES  DEPOSITO RECUPERADOR HLRC/HLRC-3140.jpg,,,,CHEVROLET,SILVERADO 1500,V8 5.3L,1999 - 2006
HLRC-3140,Depósito de Anticongelante,CHEVROLET,,Depósito de Anticongelante,HLRC-3140,Cotizar,/IMAGENES  DEPOSITO RECUPERADOR HLRC/HLRC-3140.jpg,,,,CHEVROLET,SILVERADO 1500,V8 6.0L,2003 - 2006
HLRC-3140,Depósito de Anticongelante,CHEVROLET,,Depósito de Anticongelante,HLRC-3140,Cotizar,/IMAGENES  DEPOSITO RECUPERADOR HLRC/HLRC-3140.jpg,,,,CHEVROLET,SILVERADO 1500 HD,V8 6.0L,2001 - 2006
HLRC-3140,Depósito de Anticongelante,CHEVROLET,,Depósito de Anticongelante,HLRC-3140,Cotizar,/IMAGENES  DEPOSITO RECUPERADOR HLRC/HLRC-3140.jpg,,,,CHEVROLET,SILVERADO 2500,V8 5.3L,1999 - 2000
HLRC-3140,Depósito de Anticongelante,CHEVROLET,,Depósito de Anticongelante,HLRC-3140,Cotizar,/IMAGENES  DEPOSITO RECUPERADOR HLRC/HLRC-3140.jpg,,,,CHEVROLET,SILVERADO 2500,V8 6.0L,1999 - 2004
HLRC-3140,Depósito de Anticongelante,CHEVROLET,,Depósito de Anticongelante,HLRC-3140,Cotizar,/IMAGENES  DEPOSITO RECUPERADOR HLRC/HLRC-3140.jpg,,,,CHEVROLET,SILVERADO 2500 HD,V8 6.0L,2001 - 2006
HLRC-3140,Depósito de Anticongelante,CHEVROLET,,Depósito de Anticongelante,HLRC-3140,Cotizar,/IMAGENES  DEPOSITO RECUPERADOR HLRC/HLRC-3140.jpg,,,,CHEVROLET,SILVERADO 2500 HD,V8 8.1L,2001 - 2006
HLRC-3140,Depósito de Anticongelante,CHEVROLET,,Depósito de Anticongelante,HLRC-3140,Cotizar,/IMAGENES  DEPOSITO RECUPERADOR HLRC/HLRC-3140.jpg,,,,CHEVROLET,SILVERADO 3500,V8 6.0L,2001 - 2001
HLRC-3140,Depósito de Anticongelante,CHEVROLET,,Depósito de Anticongelante,HLRC-3140,Cotizar,/IMAGENES  DEPOSITO RECUPERADOR HLRC/HLRC-3140.jpg,,,,CHEVROLET,SILVERADO 3500,V8 8.1L,2001 - 2001
HLRC-3140,Depósito de Anticongelante,CHEVROLET,,Depósito de Anticongelante,HLRC-3140,Cotizar,/IMAGENES  DEPOSITO RECUPERADOR HLRC/HLRC-3140.jpg,,,,CHEVROLET,SUBURBAN 1500,V8 5.3L,2001 - 2006
HLRC-3140,Depósito de Anticongelante,CHEVROLET,,Depósito de Anticongelante,HLRC-3140,Cotizar,/IMAGENES  DEPOSITO RECUPERADOR HLRC/HLRC-3140.jpg,,,,CHEVROLET,SUBURBAN 2500,V8 6.0L,2000 - 2004
HLRC-3140,Depósito de Anticongelante,CHEVROLET,,Depósito de Anticongelante,HLRC-3140,Cotizar,/IMAGENES  DEPOSITO RECUPERADOR HLRC/HLRC-3140.jpg,,,,CHEVROLET,SUBURBAN 2500,V8 8.1L,2002 - 2006
HLRC-3140,Depósito de Anticongelante,CHEVROLET,,Depósito de Anticongelante,HLRC-3140,Cotizar,/IMAGENES  DEPOSITO RECUPERADOR HLRC/HLRC-3140.jpg,,,,CHEVROLET,TAHOE,V8 4.8L,2000 - 2006
HLRC-3140,Depósito de Anticongelante,CHEVROLET,,Depósito de Anticongelante,HLRC-3140,Cotizar,/IMAGENES  DEPOSITO RECUPERADOR HLRC/HLRC-3140.jpg,,,,CHEVROLET,TAHOE,V8 5.3L,2001 - 2006
HLRC-3140,Depósito de Anticongelante,GMC,,Depósito de Anticongelante,HLRC-3140,Cotizar,/IMAGENES  DEPOSITO RECUPERADOR HLRC/HLRC-3140.jpg,,,,GMC,SIERRA 1500,V6 4.3L,1999 - 2005
HLRC-3140,Depósito de Anticongelante,GMC,,Depósito de Anticongelante,HLRC-3140,Cotizar,/IMAGENES  DEPOSITO RECUPERADOR HLRC/HLRC-3140.jpg,,,,GMC,SIERRA 1500,V8 4.8L,1999 - 2006
HLRC-3140,Depósito de Anticongelante,GMC,,Depósito de Anticongelante,HLRC-3140,Cotizar,/IMAGENES  DEPOSITO RECUPERADOR HLRC/HLRC-3140.jpg,,,,GMC,SIERRA 1500,V8 5.3L,1999 - 2006
HLRC-3140,Depósito de Anticongelante,GMC,,Depósito de Anticongelante,HLRC-3140,Cotizar,/IMAGENES  DEPOSITO RECUPERADOR HLRC/HLRC-3140.jpg,,,,GMC,SIERRA 1500,V8 6.0L,2005 - 2006
HLRC-3140,Depósito de Anticongelante,GMC,,Depósito de Anticongelante,HLRC-3140,Cotizar,/IMAGENES  DEPOSITO RECUPERADOR HLRC/HLRC-3140.jpg,,,,GMC,SIERRA 1500 HD,V8 6.0L,2001 - 2006
HLRC-3140,Depósito de Anticongelante,GMC,,Depósito de Anticongelante,HLRC-3140,Cotizar,/IMAGENES  DEPOSITO RECUPERADOR HLRC/HLRC-3140.jpg,,,,GMC,SIERRA 2500,V8 5.3L,1999 - 2000
HLRC-3140,Depósito de Anticongelante,GMC,,Depósito de Anticongelante,HLRC-3140,Cotizar,/IMAGENES  DEPOSITO RECUPERADOR HLRC/HLRC-3140.jpg,,,,GMC,SIERRA 2500,V8 6.0L,1999 - 2003
HLRC-3140,Depósito de Anticongelante,GMC,,Depósito de Anticongelante,HLRC-3140,Cotizar,/IMAGENES  DEPOSITO RECUPERADOR HLRC/HLRC-3140.jpg,,,,GMC,SIERRA 2500 HD,V8 6.0L,2002 - 2006
HLRC-3140,Depósito de Anticongelante,GMC,,Depósito de Anticongelante,HLRC-3140,Cotizar,/IMAGENES  DEPOSITO RECUPERADOR HLRC/HLRC-3140.jpg,,,,GMC,SIERRA 2500 HD,V8 8.1L,2002 - 2006
HLRC-3140,Depósito de Anticongelante,GMC,,Depósito de Anticongelante,HLRC-3140,Cotizar,/IMAGENES  DEPOSITO RECUPERADOR HLRC/HLRC-3140.jpg,,,,GMC,SIERRA 3500,V8 6.0L,2001 - 2005
HLRC-3140,Depósito de Anticongelante,GMC,,Depósito de Anticongelante,HLRC-3140,Cotizar,/IMAGENES  DEPOSITO RECUPERADOR HLRC/HLRC-3140.jpg,,,,GMC,SIERRA 3500,V8 8.1L,2001 - 2005
HLRC-3140,Depósito de Anticongelante,GMC,,Depósito de Anticongelante,HLRC-3140,Cotizar,/IMAGENES  DEPOSITO RECUPERADOR HLRC/HLRC-3140.jpg,,,,GMC,YUKON,V8 4.8L,2000 - 2006
HLRC-3140,Depósito de Anticongelante,GMC,,Depósito de Anticongelante,HLRC-3140,Cotizar,/IMAGENES  DEPOSITO RECUPERADOR HLRC/HLRC-3140.jpg,,,,GMC,YUKON,V8 5.3L,2000 - 2006
HLRC-3140,Depósito de Anticongelante,GMC,,Depósito de Anticongelante,HLRC-3140,Cotizar,/IMAGENES  DEPOSITO RECUPERADOR HLRC/HLRC-3140.jpg,,,,GMC,YUKON,V8 6.0L,2003 - 2003
HLRC-3140,Depósito de Anticongelante,GMC,,Depósito de Anticongelante,HLRC-3140,Cotizar,/IMAGENES  DEPOSITO RECUPERADOR HLRC/HLRC-3140.jpg,,,,GMC,YUKON XL 1500,V8 5.3L,2000 - 2006
HLRC-3140,Depósito de Anticongelante,GMC,,Depósito de Anticongelante,HLRC-3140,Cotizar,/IMAGENES  DEPOSITO RECUPERADOR HLRC/HLRC-3140.jpg,,,,GMC,YUKON XL 1500,V8 6.0L,2000 - 2006
HLRC-3140,Depósito de Anticongelante,GMC,,Depósito de Anticongelante,HLRC-3140,Cotizar,/IMAGENES  DEPOSITO RECUPERADOR HLRC/HLRC-3140.jpg,,,,GMC,YUKON XL 2500,V8 8.1L,2001 - 2006
HLRC-3140,Depósito de Anticongelante,HUMMER,,Depósito de Anticongelante,HLRC-3140,Cotizar,/IMAGENES  DEPOSITO RECUPERADOR HLRC/HLRC-3140.jpg,,,,HUMMER,H2,V8 6.0L,2003 - 2007
HLRC-3140,Depósito de Anticongelante,HUMMER,,Depósito de Anticongelante,HLRC-3140,Cotizar,/IMAGENES  DEPOSITO RECUPERADOR HLRC/HLRC-3140.jpg,,,,HUMMER,H2,V8 6.2L,2008 - 2009
HLRC-3141,Depósito de Anticongelante,NISSAN/DATSUN,,Depósito de Anticongelante,HLRC-3141,Cotizar,/IMAGENES  DEPOSITO RECUPERADOR HLRC/HLRC-3141.jpg,,,,NISSAN/DATSUN,VERSA,L4 1.6L,2009-2020
HLRC-3141,Depósito de Anticongelante,NISSAN/DATSUN,,Depósito de Anticongelante,HLRC-3141,Cotizar,/IMAGENES  DEPOSITO RECUPERADOR HLRC/HLRC-3141.jpg,,,,NISSAN/DATSUN,MARCH,L4 1.6L,2012-2019
HLRC-3141,Depósito de Anticongelante,NISSAN/DATSUN,,Depósito de Anticongelante,HLRC-3141,Cotizar,/IMAGENES  DEPOSITO RECUPERADOR HLRC/HLRC-3141.jpg,,,,NISSAN/DATSUN,NOTE,L4 1.6L,2014-2019
HLRC-3142,Depósito de Anticongelante,CHEVROLET,,Depósito de Anticongelante,HLRC-3142,Cotizar,/IMAGENES  DEPOSITO RECUPERADOR HLRC/HLRC-3142.jpg,,,,CHEVROLET,CAPTIVA,L4 2.4L,2008 - 2010
HLRC-3142,Depósito de Anticongelante,CHEVROLET,,Depósito de Anticongelante,HLRC-3142,Cotizar,/IMAGENES  DEPOSITO RECUPERADOR HLRC/HLRC-3142.jpg,,,,CHEVROLET,CAPTIVA SPORT,L4 2.4L,2012 - 2015
HLRC-3142,Depósito de Anticongelante,CHEVROLET,,Depósito de Anticongelante,HLRC-3142,Cotizar,/IMAGENES  DEPOSITO RECUPERADOR HLRC/HLRC-3142.jpg,,,,CHEVROLET,CAPTIVA SPORT,V6 3.0L,2012 - 2015
HLRC-3142,Depósito de Anticongelante,CHEVROLET,,Depósito de Anticongelante,HLRC-3142,Cotizar,/IMAGENES  DEPOSITO RECUPERADOR HLRC/HLRC-3142.jpg,,,,CHEVROLET,CAPTIVA SPORT,V6 3.6L,2008 - 2010
HLRC-3142,Depósito de Anticongelante,SATURN,,Depósito de Anticongelante,HLRC-3142,Cotizar,/IMAGENES  DEPOSITO RECUPERADOR HLRC/HLRC-3142.jpg,,,,SATURN,VUE,L4 2.4L,2008 - 2010
HLRC-3142,Depósito de Anticongelante,SATURN,,Depósito de Anticongelante,HLRC-3142,Cotizar,/IMAGENES  DEPOSITO RECUPERADOR HLRC/HLRC-3142.jpg,,,,SATURN,VUE,V6 3.5L,2008 - 2010
HLRC-3143,Depósito de Anticongelante,NISSAN,,Depósito de Anticongelante,HLRC-3143,Cotizar,/IMAGENES  DEPOSITO RECUPERADOR HLRC/HLRC-3143.jpg,,,,NISSAN,TIIDA,L4 1.6L,2013 - 2018
HLRC-3143,Depósito de Anticongelante,NISSAN,,Depósito de Anticongelante,HLRC-3143,Cotizar,/IMAGENES  DEPOSITO RECUPERADOR HLRC/HLRC-3143.jpg,,,,NISSAN,TIIDA,L4 1.8L,2007 - 2017
HLRC-3144,Depósito de Anticongelante,CHEVROLET,,Depósito de Anticongelante,HLRC-3144,Cotizar,/IMAGENES  DEPOSITO RECUPERADOR HLRC/HLRC-3144.jpg,,,,CHEVROLET,CAVALIER,L4 2.2L,1999 - 2005
HLRC-3144,Depósito de Anticongelante,CHEVROLET,,Depósito de Anticongelante,HLRC-3144,Cotizar,/IMAGENES  DEPOSITO RECUPERADOR HLRC/HLRC-3144.jpg,,,,CHEVROLET,CAVALIER,L4 2.4L,1999 - 2001
HLRC-3144,Depósito de Anticongelante,CHEVROLET,,Depósito de Anticongelante,HLRC-3144,Cotizar,/IMAGENES  DEPOSITO RECUPERADOR HLRC/HLRC-3144.jpg,,,,CHEVROLET,MALIBU,V6 3.1L,1999 - 2003
HLRC-3144,Depósito de Anticongelante,PONTIAC,,Depósito de Anticongelante,HLRC-3144,Cotizar,/IMAGENES  DEPOSITO RECUPERADOR HLRC/HLRC-3144.jpg,,,,PONTIAC,GRAND AM,L4 2.2L,2002 - 2005
HLRC-3144,Depósito de Anticongelante,PONTIAC,,Depósito de Anticongelante,HLRC-3144,Cotizar,/IMAGENES  DEPOSITO RECUPERADOR HLRC/HLRC-3144.jpg,,,,PONTIAC,GRAND AM,L4 2.4L,1999 - 2001
HLRC-3144,Depósito de Anticongelante,PONTIAC,,Depósito de Anticongelante,HLRC-3144,Cotizar,/IMAGENES  DEPOSITO RECUPERADOR HLRC/HLRC-3144.jpg,,,,PONTIAC,GRAND AM,V6 3.4L,1999 - 2005
HLRC-3144,Depósito de Anticongelante,PONTIAC,,Depósito de Anticongelante,HLRC-3144,Cotizar,/IMAGENES  DEPOSITO RECUPERADOR HLRC/HLRC-3144.jpg,,,,PONTIAC,SUNFIRE,L4 2.2L,1999 - 2005
HLRC-3144,Depósito de Anticongelante,PONTIAC,,Depósito de Anticongelante,HLRC-3144,Cotizar,/IMAGENES  DEPOSITO RECUPERADOR HLRC/HLRC-3144.jpg,,,,PONTIAC,SUNFIRE,L4 2.4L,1999 - 2002
HLRC-3145,Depósito de Anticongelante,,,Depósito de Anticongelante,HLRC-3145,Cotizar,/IMAGENES  DEPOSITO RECUPERADOR HLRC/HLRC-3145.jpg,,,,,,,
HLRC-3146,Depósito de Anticongelante,,,Depósito de Anticongelante,HLRC-3146,Cotizar,/IMAGENES  DEPOSITO RECUPERADOR HLRC/HLRC-3146.jpg,,,,,,,
HLRC-3147,Depósito de Anticongelante,RENAULT,,Depósito de Anticongelante,HLRC-3147,Cotizar,/IMAGENES  DEPOSITO RECUPERADOR HLRC/HLRC-3147.jpg,,,,RENAULT,MEGANE,L4 2.0L,2001 - 2003
HLRC-3147,Depósito de Anticongelante,RENAULT,,Depósito de Anticongelante,HLRC-3147,Cotizar,/IMAGENES  DEPOSITO RECUPERADOR HLRC/HLRC-3147.jpg,,,,RENAULT,SCENIC,L4 2.0L,2001 - 2008
HLRC-3148,Depósito de Anticongelante,Nissan/Datsun,,Depósito de Anticongelante,HLRC-3148,Cotizar,/IMAGENES  DEPOSITO RECUPERADOR HLRC/HLRC-3148.jpg,,,,Nissan/Datsun,Versa,L4 1.6L,2009 - 2020
HLRC-3148,Depósito de Anticongelante,Nissan/Datsun,,Depósito de Anticongelante,HLRC-3148,Cotizar,/IMAGENES  DEPOSITO RECUPERADOR HLRC/HLRC-3148.jpg,,,,Nissan/Datsun,March,L4 1.6L,2012 - 2019
HLRC-3148,Depósito de Anticongelante,Nissan/Datsun,,Depósito de Anticongelante,HLRC-3148,Cotizar,/IMAGENES  DEPOSITO RECUPERADOR HLRC/HLRC-3148.jpg,,,,Nissan/Datsun,Note,L4 1.6L,2014 - 2019
HLRC-3149,Depósito de Anticongelante,,,Depósito de Anticongelante,HLRC-3149,Cotizar,/IMAGENES  DEPOSITO RECUPERADOR HLRC/HLRC-3149.jpg,,,,,,,
HLRC-3150,Depósito de Anticongelante,,,Depósito de Anticongelante,HLRC-3150,Cotizar,/IMAGENES  DEPOSITO RECUPERADOR HLRC/HLRC-3150.jpg,,,,,,,
HLRC-3151,Depósito de Anticongelante,RENAULT,,Depósito de Anticongelante,HLRC-3151,Cotizar,/IMAGENES  DEPOSITO RECUPERADOR HLRC/HLRC-3151.jpg,,,,RENAULT,CAPTUR,L4 2.0L,2018 - 2022
HLRC-3151,Depósito de Anticongelante,RENAULT,,Depósito de Anticongelante,HLRC-3151,Cotizar,/IMAGENES  DEPOSITO RECUPERADOR HLRC/HLRC-3151.jpg,,,,RENAULT,DUSTER,L4 1.3L,2021 - 2024
HLRC-3151,Depósito de Anticongelante,RENAULT,,Depósito de Anticongelante,HLRC-3151,Cotizar,/IMAGENES  DEPOSITO RECUPERADOR HLRC/HLRC-3151.jpg,,,,RENAULT,DUSTER,L4 1.6L,2021 - 2022
HLRC-3151,Depósito de Anticongelante,RENAULT,,Depósito de Anticongelante,HLRC-3151,Cotizar,/IMAGENES  DEPOSITO RECUPERADOR HLRC/HLRC-3151.jpg,,,,RENAULT,DUSTER,L4 2.0L,2018 - 2021
HLRC-3151,Depósito de Anticongelante,RENAULT,,Depósito de Anticongelante,HLRC-3151,Cotizar,/IMAGENES  DEPOSITO RECUPERADOR HLRC/HLRC-3151.jpg,,,,RENAULT,KANGOO,L4 1.6L,2016 - 2022
HLRC-3151,Depósito de Anticongelante,RENAULT,,Depósito de Anticongelante,HLRC-3151,Cotizar,/IMAGENES  DEPOSITO RECUPERADOR HLRC/HLRC-3151.jpg,,,,RENAULT,LOGAN,L4 1.6L,2014 - 2019
HLRC-3151,Depósito de Anticongelante,RENAULT,,Depósito de Anticongelante,HLRC-3151,Cotizar,/IMAGENES  DEPOSITO RECUPERADOR HLRC/HLRC-3151.jpg,,,,RENAULT,OROCH,L4 2.0L,2018 - 2023
HLRC-3151,Depósito de Anticongelante,RENAULT,,Depósito de Anticongelante,HLRC-3151,Cotizar,/IMAGENES  DEPOSITO RECUPERADOR HLRC/HLRC-3151.jpg,,,,RENAULT,SANDERO,L4 1.6L,2016 - 2020
HLRC-3151,Depósito de Anticongelante,RENAULT,,Depósito de Anticongelante,HLRC-3151,Cotizar,/IMAGENES  DEPOSITO RECUPERADOR HLRC/HLRC-3151.jpg,,,,RENAULT,SANDERO RS,L4 2.0L,2016 - 2017
HLRC-3151,Depósito de Anticongelante,RENAULT,,Depósito de Anticongelante,HLRC-3151,Cotizar,/IMAGENES  DEPOSITO RECUPERADOR HLRC/HLRC-3151.jpg,,,,RENAULT,SANDERO RS,L4 2.0L,2019 - 2021
HLRC-3152,Depósito de Anticongelante,CHRYSLER,,Depósito de Anticongelante,HLRC-3152,Cotizar,/IMAGENES  DEPOSITO RECUPERADOR HLRC/HLRC-3152.jpg,,,,CHRYSLER,TOWN & COUNTRY,V6 3.3L,2004 - 2007
HLRC-3152,Depósito de Anticongelante,CHRYSLER,,Depósito de Anticongelante,HLRC-3152,Cotizar,/IMAGENES  DEPOSITO RECUPERADOR HLRC/HLRC-3152.jpg,,,,CHRYSLER,TOWN & COUNTRY,V6 3.8L,2004 - 2007
HLRC-3152,Depósito de Anticongelante,DODGE,,Depósito de Anticongelante,HLRC-3152,Cotizar,/IMAGENES  DEPOSITO RECUPERADOR HLRC/HLRC-3152.jpg,,,,DODGE,CARAVAN,L4 2.4L,2004 - 2007
HLRC-3152,Depósito de Anticongelante,DODGE,,Depósito de Anticongelante,HLRC-3152,Cotizar,/IMAGENES  DEPOSITO RECUPERADOR HLRC/HLRC-3152.jpg,,,,DODGE,CARAVAN,V6 3.3L,2004 - 2007
HLRC-3152,Depósito de Anticongelante,DODGE,,Depósito de Anticongelante,HLRC-3152,Cotizar,/IMAGENES  DEPOSITO RECUPERADOR HLRC/HLRC-3152.jpg,,,,DODGE,GRAND CARAVAN,V6 3.3L,2004 - 2007
HLRC-3152,Depósito de Anticongelante,DODGE,,Depósito de Anticongelante,HLRC-3152,Cotizar,/IMAGENES  DEPOSITO RECUPERADOR HLRC/HLRC-3152.jpg,,,,DODGE,GRAND CARAVAN,V6 3.8L,2004 - 2007
HLRC-3153,Depósito de Anticongelante,RENAULT,,Depósito de Anticongelante,HLRC-3153,Cotizar,/IMAGENES  DEPOSITO RECUPERADOR HLRC/HLRC-3153.jpg,,,,RENAULT,MEGANE,L4 1.6L,2008 - 2010
HLRC-3153,Depósito de Anticongelante,RENAULT,,Depósito de Anticongelante,HLRC-3153,Cotizar,/IMAGENES  DEPOSITO RECUPERADOR HLRC/HLRC-3153.jpg,,,,RENAULT,MEGANE,L4 2.0L,2004 - 2010
HLRC-3154,Depósito de Anticongelante,TOYOTA,,Depósito de Anticongelante,HLRC-3154,Cotizar,/IMAGENES  DEPOSITO RECUPERADOR HLRC/HLRC-3154.jpg,,,,TOYOTA,HIACE,L4 2.7L,2006 - 2017
HLRC-3155,Depósito de Anticongelante,HYUNDAI,,Depósito de Anticongelante,HLRC-3155,Cotizar,/IMAGENES  DEPOSITO RECUPERADOR HLRC/HLRC-3155.webp,,,,HYUNDAI,I10,L4 1.1L,2012-2014
HLRC-3156,Depósito de Anticongelante,FORD,,Depósito de Anticongelante,HLRC-3156,Cotizar,/IMAGENES  DEPOSITO RECUPERADOR HLRC/HLRC-3156.jpg,,,,FORD,RANGER,L4 2.2L,2015 - 2019
HLRC-3156,Depósito de Anticongelante,FORD,,Depósito de Anticongelante,HLRC-3156,Cotizar,/IMAGENES  DEPOSITO RECUPERADOR HLRC/HLRC-3156.jpg,,,,FORD,RANGER,L4 2.5L,2011 - 2020
HLRC-3156,Depósito de Anticongelante,FORD,,Depósito de Anticongelante,HLRC-3156,Cotizar,/IMAGENES  DEPOSITO RECUPERADOR HLRC/HLRC-3156.jpg,,,,FORD,RANGER,L4 3.2L,2017 - 2019
HLRC-3157,Depósito de Anticongelante,FORD,,Depósito de Anticongelante,HLRC-3157,Cotizar,/IMAGENES  DEPOSITO RECUPERADOR HLRC/HLRC-3157.jpg,,,,FORD,BRONCO,V8 5.0L,1990 - 1996
HLRC-3157,Depósito de Anticongelante,FORD,,Depósito de Anticongelante,HLRC-3157,Cotizar,/IMAGENES  DEPOSITO RECUPERADOR HLRC/HLRC-3157.jpg,,,,FORD,BRONCO,V8 5.8L,1990 - 1996
HLRC-3157,Depósito de Anticongelante,FORD,,Depósito de Anticongelante,HLRC-3157,Cotizar,/IMAGENES  DEPOSITO RECUPERADOR HLRC/HLRC-3157.jpg,,,,FORD,EXPLORER,V6 4.0L,1991 - 1994
HLRC-3157,Depósito de Anticongelante,FORD,,Depósito de Anticongelante,HLRC-3157,Cotizar,/IMAGENES  DEPOSITO RECUPERADOR HLRC/HLRC-3157.jpg,,,,FORD,F-150,V8 5.0L,1990 - 1996
HLRC-3157,Depósito de Anticongelante,FORD,,Depósito de Anticongelante,HLRC-3157,Cotizar,/IMAGENES  DEPOSITO RECUPERADOR HLRC/HLRC-3157.jpg,,,,FORD,F-150,V8 5.8L,1990 - 1996
HLRC-3157,Depósito de Anticongelante,FORD,,Depósito de Anticongelante,HLRC-3157,Cotizar,/IMAGENES  DEPOSITO RECUPERADOR HLRC/HLRC-3157.jpg,,,,FORD,F-250,V8 4.6L,1997 - 1997
HLRC-3157,Depósito de Anticongelante,FORD,,Depósito de Anticongelante,HLRC-3157,Cotizar,/IMAGENES  DEPOSITO RECUPERADOR HLRC/HLRC-3157.jpg,,,,FORD,F-250,V8 5.0L,1990 - 1996
HLRC-3157,Depósito de Anticongelante,FORD,,Depósito de Anticongelante,HLRC-3157,Cotizar,/IMAGENES  DEPOSITO RECUPERADOR HLRC/HLRC-3157.jpg,,,,FORD,F-250,V8 5.4L,1997 - 1997
HLRC-3157,Depósito de Anticongelante,FORD,,Depósito de Anticongelante,HLRC-3157,Cotizar,/IMAGENES  DEPOSITO RECUPERADOR HLRC/HLRC-3157.jpg,,,,FORD,F-250,V8 5.8L,1990 - 1997
HLRC-3157,Depósito de Anticongelante,FORD,,Depósito de Anticongelante,HLRC-3157,Cotizar,/IMAGENES  DEPOSITO RECUPERADOR HLRC/HLRC-3157.jpg,,,,FORD,F-250,V8 7.5L,1990 - 1997
HLRC-3157,Depósito de Anticongelante,FORD,,Depósito de Anticongelante,HLRC-3157,Cotizar,/IMAGENES  DEPOSITO RECUPERADOR HLRC/HLRC-3157.jpg,,,,FORD,F-350,V8 5.8L,1990 - 1997
HLRC-3157,Depósito de Anticongelante,FORD,,Depósito de Anticongelante,HLRC-3157,Cotizar,/IMAGENES  DEPOSITO RECUPERADOR HLRC/HLRC-3157.jpg,,,,FORD,F-350,V8 7.5L,1990 - 1997
HLRC-3157,Depósito de Anticongelante,FORD,,Depósito de Anticongelante,HLRC-3157,Cotizar,/IMAGENES  DEPOSITO RECUPERADOR HLRC/HLRC-3157.jpg,,,,FORD,RANGER,V6 2.9L,1990 - 1992
HLRC-3157,Depósito de Anticongelante,FORD,,Depósito de Anticongelante,HLRC-3157,Cotizar,/IMAGENES  DEPOSITO RECUPERADOR HLRC/HLRC-3157.jpg,,,,FORD,RANGER,V6 3.0L,1991 - 1992
HLRC-3157,Depósito de Anticongelante,FORD,,Depósito de Anticongelante,HLRC-3157,Cotizar,/IMAGENES  DEPOSITO RECUPERADOR HLRC/HLRC-3157.jpg,,,,FORD,RANGER,V6 4.0L,1990 - 1992
HLRC-3158,Depósito de Anticongelante,,,Depósito de Anticongelante,HLRC-3158,Cotizar,/IMAGENES  DEPOSITO RECUPERADOR HLRC/HLRC-3158.jpg,,,,,,,
HLRC-3159,Depósito de Anticongelante,,,Depósito de Anticongelante,HLRC-3159,Cotizar,/IMAGENES  DEPOSITO RECUPERADOR HLRC/HLRC-3159.jpg,,,,,,,
HLRC-3160,Depósito de Anticongelante,SATURN,,Depósito de Anticongelante,HLRC-3160,Cotizar,/IMAGENES  DEPOSITO RECUPERADOR HLRC/HLRC-3160.jpg,,,,SATURN,ION,L4 2.2L,2003-2007
HLRC-3160,Depósito de Anticongelante,SATURN,,Depósito de Anticongelante,HLRC-3160,Cotizar,/IMAGENES  DEPOSITO RECUPERADOR HLRC/HLRC-3160.jpg,,,,SATURN,ION,L4 2.0L,2004-2007
HLRC-3160,Depósito de Anticongelante,SATURN,,Depósito de Anticongelante,HLRC-3160,Cotizar,/IMAGENES  DEPOSITO RECUPERADOR HLRC/HLRC-3160.jpg,,,,SATURN,ION,L4 2.4L,2006-2007
HLRC-3160,Depósito de Anticongelante,PONTIAC,,Depósito de Anticongelante,HLRC-3160,Cotizar,/IMAGENES  DEPOSITO RECUPERADOR HLRC/HLRC-3160.jpg,,,,PONTIAC,SOLSTICE,L4 2.4L,2006-2009
HLRC-3160,Depósito de Anticongelante,PONTIAC,,Depósito de Anticongelante,HLRC-3160,Cotizar,/IMAGENES  DEPOSITO RECUPERADOR HLRC/HLRC-3160.jpg,,,,PONTIAC,SOLSTICE,L4 2.0L,2007-2009
HLRC-3160,Depósito de Anticongelante,SATURN,,Depósito de Anticongelante,HLRC-3160,Cotizar,/IMAGENES  DEPOSITO RECUPERADOR HLRC/HLRC-3160.jpg,,,,SATURN,SKY,L4 2.0L,2007-2009
HLRC-3160,Depósito de Anticongelante,SATURN,,Depósito de Anticongelante,HLRC-3160,Cotizar,/IMAGENES  DEPOSITO RECUPERADOR HLRC/HLRC-3160.jpg,,,,SATURN,SKY,L4 2.4L,2007-2009
HLRC-3161,Depósito de Anticongelante,LAND ROVER,,Depósito de Anticongelante,HLRC-3161,Cotizar,/IMAGENES  DEPOSITO RECUPERADOR HLRC/HLRC-3161.jpg,,,,LAND ROVER,LR2,V6 3.2L,2008-2012
HLRC-3161,Depósito de Anticongelante,VOLVO,,Depósito de Anticongelante,HLRC-3161,Cotizar,/IMAGENES  DEPOSITO RECUPERADOR HLRC/HLRC-3161.jpg,,,,VOLVO,V70,V6 3.2L,2009-2010
HLRC-3161,Depósito de Anticongelante,VOLVO,,Depósito de Anticongelante,HLRC-3161,Cotizar,/IMAGENES  DEPOSITO RECUPERADOR HLRC/HLRC-3161.jpg,,,,VOLVO,S80,V6 3.0L,2009-2015
HLRC-3161,Depósito de Anticongelante,VOLVO,,Depósito de Anticongelante,HLRC-3161,Cotizar,/IMAGENES  DEPOSITO RECUPERADOR HLRC/HLRC-3161.jpg,,,,VOLVO,XC70,V6 3.0L,2009-2015
HLRC-3161,Depósito de Anticongelante,VOLVO,,Depósito de Anticongelante,HLRC-3161,Cotizar,/IMAGENES  DEPOSITO RECUPERADOR HLRC/HLRC-3161.jpg,,,,VOLVO,XC70,V6 3.2L,2009-2015
HLRC-3161,Depósito de Anticongelante,VOLVO,,Depósito de Anticongelante,HLRC-3161,Cotizar,/IMAGENES  DEPOSITO RECUPERADOR HLRC/HLRC-3161.jpg,,,,VOLVO,XC60,V6 3.0L,2010-2015
HLRC-3161,Depósito de Anticongelante,VOLVO,,Depósito de Anticongelante,HLRC-3161,Cotizar,/IMAGENES  DEPOSITO RECUPERADOR HLRC/HLRC-3161.jpg,,,,VOLVO,XC60,V6 3.2L,2010-2015
HLRC-3161,Depósito de Anticongelante,VOLVO,,Depósito de Anticongelante,HLRC-3161,Cotizar,/IMAGENES  DEPOSITO RECUPERADOR HLRC/HLRC-3161.jpg,,,,VOLVO,S60,L4 1.6L,2011-2014
HLRC-3161,Depósito de Anticongelante,VOLVO,,Depósito de Anticongelante,HLRC-3161,Cotizar,/IMAGENES  DEPOSITO RECUPERADOR HLRC/HLRC-3161.jpg,,,,VOLVO,S60,V6 3.0L,2011-2014
HLRC-3161,Depósito de Anticongelante,VOLVO,,Depósito de Anticongelante,HLRC-3161,Cotizar,/IMAGENES  DEPOSITO RECUPERADOR HLRC/HLRC-3161.jpg,,,,VOLVO,S80,V6 3.2L,2011-2014
HLRC-3161,Depósito de Anticongelante,VOLVO,,Depósito de Anticongelante,HLRC-3161,Cotizar,/IMAGENES  DEPOSITO RECUPERADOR HLRC/HLRC-3161.jpg,,,,VOLVO,S80,L4 2.0L,2012-2013
HLRC-3161,Depósito de Anticongelante,VOLVO,,Depósito de Anticongelante,HLRC-3161,Cotizar,/IMAGENES  DEPOSITO RECUPERADOR HLRC/HLRC-3161.jpg,,,,VOLVO,S60,L4 2.0L,2012-2014
HLRC-3161,Depósito de Anticongelante,VOLVO,,Depósito de Anticongelante,HLRC-3161,Cotizar,/IMAGENES  DEPOSITO RECUPERADOR HLRC/HLRC-3161.jpg,,,,VOLVO,S60,L5 2.5L,2012-2014
HLRC-3161,Depósito de Anticongelante,VOLVO,,Depósito de Anticongelante,HLRC-3161,Cotizar,/IMAGENES  DEPOSITO RECUPERADOR HLRC/HLRC-3161.jpg,,,,VOLVO,XC60,L4 2.0L,2012-2015
HLRC-3161,Depósito de Anticongelante,LAND ROVER,,Depósito de Anticongelante,HLRC-3161,Cotizar,/IMAGENES  DEPOSITO RECUPERADOR HLRC/HLRC-3161.jpg,,,,LAND ROVER,LR2,L4 2.0L,2013-2015
HLRC-3161,Depósito de Anticongelante,VOLVO,,Depósito de Anticongelante,HLRC-3161,Cotizar,/IMAGENES  DEPOSITO RECUPERADOR HLRC/HLRC-3161.jpg,,,,VOLVO,V60,L4 2.0L,2015
HLRC-3161,Depósito de Anticongelante,VOLVO,,Depósito de Anticongelante,HLRC-3161,Cotizar,/IMAGENES  DEPOSITO RECUPERADOR HLRC/HLRC-3161.jpg,,,,VOLVO,V60,L5 2.5L,2015
HLRC-3161,Depósito de Anticongelante,VOLVO,,Depósito de Anticongelante,HLRC-3161,Cotizar,/IMAGENES  DEPOSITO RECUPERADOR HLRC/HLRC-3161.jpg,,,,VOLVO,V60,V6 3.0L,2015
HLRC-3161,Depósito de Anticongelante,VOLVO,,Depósito de Anticongelante,HLRC-3161,Cotizar,/IMAGENES  DEPOSITO RECUPERADOR HLRC/HLRC-3161.jpg,,,,VOLVO,XC60,L5 2.5L,2015
HLRC-3161,Depósito de Anticongelante,VOLVO,,Depósito de Anticongelante,HLRC-3161,Cotizar,/IMAGENES  DEPOSITO RECUPERADOR HLRC/HLRC-3161.jpg,,,,VOLVO,XC70,L4 2.0L,2015
HLRC-3162,Depósito de Anticongelante,FORD,,Depósito de Anticongelante,HLRC-3162,Cotizar,/IMAGENES  DEPOSITO RECUPERADOR HLRC/HLRC-3162.jpg,,,,FORD,FIESTA,L4 1.4L,1998-2000
HLRC-3162,Depósito de Anticongelante,FORD,,Depósito de Anticongelante,HLRC-3162,Cotizar,/IMAGENES  DEPOSITO RECUPERADOR HLRC/HLRC-3162.jpg,,,,FORD,FIESTA,L4 1.3L,1998-2001
HLRC-3163,Depósito de Anticongelante,FORD ,,Depósito de Anticongelante,HLRC-3163,Cotizar,/IMAGENES  DEPOSITO RECUPERADOR HLRC/HLRC-3163.jpg,,,,FORD ,FIESTA,1.6L,2004-2010
HLRC-3164,Depósito de Anticongelante,,,Depósito de Anticongelante,HLRC-3164,Cotizar,/IMAGENES  DEPOSITO RECUPERADOR HLRC/HLRC-3164.jpg,,,,,,,
HLRC-3165,Depósito de Anticongelante,NISSAN,,Depósito de Anticongelante,HLRC-3165,Cotizar,/IMAGENES  DEPOSITO RECUPERADOR HLRC/HLRC-3165.jpg,,,,NISSAN,MICRA,L4 1.4L,2005-2007
HLRC-3166,Depósito de Anticongelante,DODGE,,Depósito de Anticongelante,HLRC-3166,Cotizar,/IMAGENES  DEPOSITO RECUPERADOR HLRC/HLRC-3166.jpg,,,,DODGE,NEON,L4 2.0L,1995 - 1999
HLRC-3167,Depósito de Anticongelante,,,Depósito de Anticongelante,HLRC-3167,Cotizar,/IMAGENES  DEPOSITO RECUPERADOR HLRC/HLRC-3167.jpg,,,,,,,
HLRC-3168,Depósito de Anticongelante,DODGE,,Depósito de Anticongelante,HLRC-3168,Cotizar,/IMAGENES  DEPOSITO RECUPERADOR HLRC/HLRC-3168.jpg,,,,DODGE,NEON,L4 2.0L,2000 - 2005
HLRC-3169,Depósito de Anticongelante,,,Depósito de Anticongelante,HLRC-3169,Cotizar,/IMAGENES  DEPOSITO RECUPERADOR HLRC/HLRC-3169.jpg,,,,,,,
HLRC-3170,Depósito de Anticongelante,,,Depósito de Anticongelante,HLRC-3170,Cotizar,/IMAGENES  DEPOSITO RECUPERADOR HLRC/HLRC-3170.jpg,,,,,,,
HLRC-3171,Depósito de Anticongelante,CHRYSLER,,Depósito de Anticongelante,HLRC-3171,Cotizar,/IMAGENES  DEPOSITO RECUPERADOR HLRC/HLRC-3171.jpg,,,,CHRYSLER,PT CRUISER,L4 2.4L,2003 - 2009
HLRC-3172,Depósito de Anticongelante,CHRYSLER,,Depósito de Anticongelante,HLRC-3172,Cotizar,/IMAGENES  DEPOSITO RECUPERADOR HLRC/HLRC-3172.jpg,,,,CHRYSLER,CIRRUS,L4 2.0L,2000 - 2000
HLRC-3172,Depósito de Anticongelante,CHRYSLER,,Depósito de Anticongelante,HLRC-3172,Cotizar,/IMAGENES  DEPOSITO RECUPERADOR HLRC/HLRC-3172.jpg,,,,CHRYSLER,CIRRUS,L4 2.4L,1997 - 1997
HLRC-3172,Depósito de Anticongelante,CHRYSLER,,Depósito de Anticongelante,HLRC-3172,Cotizar,/IMAGENES  DEPOSITO RECUPERADOR HLRC/HLRC-3172.jpg,,,,CHRYSLER,CIRRUS,L4 2.4L,2000 - 2000
HLRC-3172,Depósito de Anticongelante,CHRYSLER,,Depósito de Anticongelante,HLRC-3172,Cotizar,/IMAGENES  DEPOSITO RECUPERADOR HLRC/HLRC-3172.jpg,,,,CHRYSLER,CIRRUS,V6 2.5L,1998 - 1998
HLRC-3172,Depósito de Anticongelante,DODGE,,Depósito de Anticongelante,HLRC-3172,Cotizar,/IMAGENES  DEPOSITO RECUPERADOR HLRC/HLRC-3172.jpg,,,,DODGE,STRATUS,L4 2.0L,1997 - 2000
HLRC-3172,Depósito de Anticongelante,DODGE,,Depósito de Anticongelante,HLRC-3172,Cotizar,/IMAGENES  DEPOSITO RECUPERADOR HLRC/HLRC-3172.jpg,,,,DODGE,STRATUS,L4 2.4L,1997 - 1999
HLRC-3173,Depósito de Anticongelante,,,Depósito de Anticongelante,HLRC-3173,Cotizar,/IMAGENES  DEPOSITO RECUPERADOR HLRC/HLRC-3173.jpg,,,,,,,
HLRC-3174,Depósito de Anticongelante,CHEVROLET,,Depósito de Anticongelante,HLRC-3174,Cotizar,/IMAGENES  DEPOSITO RECUPERADOR HLRC/HLRC-3174.jpg,,,,CHEVROLET,SILVERADO 2500 HD,V8 6.6L,2001 - 2007
HLRC-3174,Depósito de Anticongelante,CHEVROLET,,Depósito de Anticongelante,HLRC-3174,Cotizar,/IMAGENES  DEPOSITO RECUPERADOR HLRC/HLRC-3174.jpg,,,,CHEVROLET,SILVERADO 3500,V8 6.6L,2001 - 2007
HLRC-3174,Depósito de Anticongelante,GMC,,Depósito de Anticongelante,HLRC-3174,Cotizar,/IMAGENES  DEPOSITO RECUPERADOR HLRC/HLRC-3174.jpg,,,,GMC,SIERRA 2500 HD,V8 6.6L,2001 - 2007
HLRC-3174,Depósito de Anticongelante,GMC,,Depósito de Anticongelante,HLRC-3174,Cotizar,/IMAGENES  DEPOSITO RECUPERADOR HLRC/HLRC-3174.jpg,,,,GMC,SIERRA 3500,V8 6.6L,2001 - 2007
HLRC-3175,Depósito de Anticongelante,,,Depósito de Anticongelante,HLRC-3175,Cotizar,/IMAGENES  DEPOSITO RECUPERADOR HLRC/HLRC-3175.jpg,,,,,,,
HLRC-3176,Depósito de Anticongelante,PEUGEOT,,Depósito de Anticongelante,HLRC-3176,Cotizar,/IMAGENES  DEPOSITO RECUPERADOR HLRC/HLRC-3176.jpg,,,,PEUGEOT,GRAND RAID,L4 1.6L,2007-2012
HLRC-3176,Depósito de Anticongelante,PEUGEOT,,Depósito de Anticongelante,HLRC-3176,Cotizar,/IMAGENES  DEPOSITO RECUPERADOR HLRC/HLRC-3176.jpg,,,,PEUGEOT,3008,L4 1.6L,2011-2019
HLRC-3176,Depósito de Anticongelante,PEUGEOT,,Depósito de Anticongelante,HLRC-3176,Cotizar,/IMAGENES  DEPOSITO RECUPERADOR HLRC/HLRC-3176.jpg,,,,PEUGEOT,PARTNER,L4 1.6L,2015-2019
HLRC-3176,Depósito de Anticongelante,PEUGEOT,,Depósito de Anticongelante,HLRC-3176,Cotizar,/IMAGENES  DEPOSITO RECUPERADOR HLRC/HLRC-3176.jpg,,,,PEUGEOT,3008,L4 2.0L,2018-2019
HLRC-3176,Depósito de Anticongelante,PEUGEOT,,Depósito de Anticongelante,HLRC-3176,Cotizar,/IMAGENES  DEPOSITO RECUPERADOR HLRC/HLRC-3176.jpg,,,,PEUGEOT,5008,L4 1.6L,2019
HLRC-3177,Depósito de Anticongelante,,,Depósito de Anticongelante,HLRC-3177,Cotizar,/IMAGENES  DEPOSITO RECUPERADOR HLRC/HLRC-3177.jpg,,,,,,,
HLRC-3178,Depósito de Anticongelante,FORD,,Depósito de Anticongelante,HLRC-3178,Cotizar,/IMAGENES  DEPOSITO RECUPERADOR HLRC/HLRC-3178.jpg,,,,FORD,TAURUS,V6 3.0L,1996 - 1999
HLRC-3178,Depósito de Anticongelante,MERCURY,,Depósito de Anticongelante,HLRC-3178,Cotizar,/IMAGENES  DEPOSITO RECUPERADOR HLRC/HLRC-3178.jpg,,,,MERCURY,SABLE,V6 3.0L,1996 - 1999
HLRC-3179,Depósito de Anticongelante,FORD,,Depósito de Anticongelante,HLRC-3179,Cotizar,/IMAGENES  DEPOSITO RECUPERADOR HLRC/HLRC-3179.jpg,,,,FORD,TAURUS,V6 3.0L,2000 - 2007
HLRC-3179,Depósito de Anticongelante,MERCURY,,Depósito de Anticongelante,HLRC-3179,Cotizar,/IMAGENES  DEPOSITO RECUPERADOR HLRC/HLRC-3179.jpg,,,,MERCURY,SABLE,V6 3.0L,2000 - 2005
HLRC-3180,Depósito de Anticongelante,FORD,,Depósito de Anticongelante,HLRC-3180,Cotizar,/IMAGENES  DEPOSITO RECUPERADOR HLRC/HLRC-3180.jpg,,,,FORD,E-350 Super Duty,V8 6.0L,2004 - 2007
HLRC-3180,Depósito de Anticongelante,FORD,,Depósito de Anticongelante,HLRC-3180,Cotizar,/IMAGENES  DEPOSITO RECUPERADOR HLRC/HLRC-3180.jpg,,,,FORD,E-450 Super Duty,V8 6.0L,2006 - 2007
HLRC-3181,Depósito de Anticongelante,FORD,,Depósito de Anticongelante,HLRC-3181,Cotizar,/IMAGENES  DEPOSITO RECUPERADOR HLRC/HLRC-3181.jpg,,,,FORD,MONDEO,L4 2.0L,2001 - 2007
HLRC-3182,Depósito de Anticongelante,FORD,,Depósito de Anticongelante,HLRC-3182,Cotizar,/IMAGENES  DEPOSITO RECUPERADOR HLRC/HLRC-3182.jpg,,,,FORD,MONDEO,V6 2.5L,2001 - 2007
HLRC-3182,Depósito de Anticongelante,FORD,,Depósito de Anticongelante,HLRC-3182,Cotizar,/IMAGENES  DEPOSITO RECUPERADOR HLRC/HLRC-3182.jpg,,,,FORD,CONTOUR,V6 2.5L,1998 - 2000
HLRC-3182,Depósito de Anticongelante,MERCURY,,Depósito de Anticongelante,HLRC-3182,Cotizar,/IMAGENES  DEPOSITO RECUPERADOR HLRC/HLRC-3182.jpg,,,,MERCURY,COUGAR,V6 2.5L,1999 - 2001
HLRC-3182,Depósito de Anticongelante,MERCURY,,Depósito de Anticongelante,HLRC-3182,Cotizar,/IMAGENES  DEPOSITO RECUPERADOR HLRC/HLRC-3182.jpg,,,,MERCURY,MYSTIQUE,V6 2.5L,1998 - 2000
HLRC-3183,Depósito de Anticongelante,CHEVROLET,,Depósito de Anticongelante,HLRC-3183,Cotizar,/IMAGENES  DEPOSITO RECUPERADOR HLRC/HLRC-3183.jpg,,,,CHEVROLET,OPTRA,L4 2.0L,2006 - 2010
HLRC-3184,Depósito de Anticongelante,FORD,,Depósito de Anticongelante,HLRC-3184,Cotizar,/IMAGENES  DEPOSITO RECUPERADOR HLRC/HLRC-3184.jpg,,,,FORD,ESCAPE,L4 2.3L,2005 - 2007
HLRC-3184,Depósito de Anticongelante,MERCURY,,Depósito de Anticongelante,HLRC-3184,Cotizar,/IMAGENES  DEPOSITO RECUPERADOR HLRC/HLRC-3184.jpg,,,,MERCURY,MARINER,L4 2.3L,2005 - 2007
HLRC-3185,Depósito de Anticongelante,HONDA,,Depósito de Anticongelante,HLRC-3185,Cotizar,/IMAGENES  DEPOSITO RECUPERADOR HLRC/HLRC-3185.jpg,,,,HONDA,ACCORD,L4 2.3L,1998 - 2002
HLRC-3186,Depósito de Anticongelante,HONDA,,Depósito de Anticongelante,HLRC-3186,Cotizar,/IMAGENES  DEPOSITO RECUPERADOR HLRC/HLRC-3186.jpg,,,,HONDA,ACCORD,L4 2.4L,2003 - 2007
HLRC-3187,Depósito de Anticongelante,HONDA,,Depósito de Anticongelante,HLRC-3187,Cotizar,/IMAGENES  DEPOSITO RECUPERADOR HLRC/HLRC-3187.jpg,,,,HONDA,CR-V,L4 2.4L,2002 - 2006
HLRC-3188,Depósito de Anticongelante,HONDA,,Depósito de Anticongelante,HLRC-3188,Cotizar,/IMAGENES  DEPOSITO RECUPERADOR HLRC/HLRC-3188.jpg,,,,HONDA,CITY,L4 1.5L,2010 - 2016
HLRC-3188,Depósito de Anticongelante,HONDA,,Depósito de Anticongelante,HLRC-3188,Cotizar,/IMAGENES  DEPOSITO RECUPERADOR HLRC/HLRC-3188.jpg,,,,HONDA,FIT,L4 1.5L,2009 - 2013
HLRC-3189,Depósito de Anticongelante,HONDA,,Depósito de Anticongelante,HLRC-3189,Cotizar,/IMAGENES  DEPOSITO RECUPERADOR HLRC/HLRC-3189.jpg,,,,HONDA,FIT,L4 1.5L,2007 - 2008
HLRC-3190,Depósito de Anticongelante,,,Depósito de Anticongelante,HLRC-3190,Cotizar,/IMAGENES  DEPOSITO RECUPERADOR HLRC/HLRC-3190.jpg,,,,,,,
HLRC-3191,Depósito de Anticongelante,MITSUBISHI,,Depósito de Anticongelante,HLRC-3191,Cotizar,/IMAGENES  DEPOSITO RECUPERADOR HLRC/HLRC-3191.jpg,,,,MITSUBISHI,LANCER,L4 2.0L,2002 - 2007
HLRC-3191,Depósito de Anticongelante,MITSUBISHI,,Depósito de Anticongelante,HLRC-3191,Cotizar,/IMAGENES  DEPOSITO RECUPERADOR HLRC/HLRC-3191.jpg,,,,MITSUBISHI,LANCER,L4 2.4L,2004 - 2006
HLRC-3192,Depósito de Anticongelante,ACURA,,Depósito de Anticongelante,HLRC-3192,Cotizar,/IMAGENES  DEPOSITO RECUPERADOR HLRC/HLRC-3192.jpg,,,,ACURA,TL,V6 3.2L,2004 - 2008
HLRC-3192,Depósito de Anticongelante,ACURA,,Depósito de Anticongelante,HLRC-3192,Cotizar,/IMAGENES  DEPOSITO RECUPERADOR HLRC/HLRC-3192.jpg,,,,ACURA,TL,V6 3.5L,2007 - 2008
HLRC-3192,Depósito de Anticongelante,HONDA,,Depósito de Anticongelante,HLRC-3192,Cotizar,/IMAGENES  DEPOSITO RECUPERADOR HLRC/HLRC-3192.jpg,,,,HONDA,ACCORD,V6 3.0L,2003 - 2007
HLRC-3193,Depósito de Anticongelante,,,Depósito de Anticongelante,HLRC-3193,Cotizar,/IMAGENES  DEPOSITO RECUPERADOR HLRC/HLRC-3193.jpg,,,,,,,
HLRC-3194,Depósito de Anticongelante,HONDA,,Depósito de Anticongelante,HLRC-3194,Cotizar,/IMAGENES  DEPOSITO RECUPERADOR HLRC/HLRC-3194.jpg,,,,HONDA,CR-V,L4 2.4L,2007 - 2011
HLRC-3195,Depósito de Anticongelante,HONDA,,Depósito de Anticongelante,HLRC-3195,Cotizar,/IMAGENES  DEPOSITO RECUPERADOR HLRC/HLRC-3195.jpg,,,,HONDA,ODYSSEY,V6 3.5L,2005 - 2010
HLRC-3196,Depósito de Anticongelante,FORD,,Depósito de Anticongelante,HLRC-3196,Cotizar,/IMAGENES  DEPOSITO RECUPERADOR HLRC/HLRC-3196.jpg,,,,FORD,THUNDERBIRD,V8 3.9L,2002 - 2005
HLRC-3196,Depósito de Anticongelante,LINCOLN,,Depósito de Anticongelante,HLRC-3196,Cotizar,/IMAGENES  DEPOSITO RECUPERADOR HLRC/HLRC-3196.jpg,,,,LINCOLN,LS,V6 3.0L,2001 - 2005
HLRC-3196,Depósito de Anticongelante,LINCOLN,,Depósito de Anticongelante,HLRC-3196,Cotizar,/IMAGENES  DEPOSITO RECUPERADOR HLRC/HLRC-3196.jpg,,,,LINCOLN,LS,V8 3.9L,2000 - 2006
HLRC-3197,Depósito de Anticongelante,CHEVROLET,,Depósito de Anticongelante,HLRC-3197,Cotizar,/IMAGENES  DEPOSITO RECUPERADOR HLRC/HLRC-3197.jpg,,,,CHEVROLET,EXPRESS 2500,V8 6.6L,2006 - 2012
HLRC-3197,Depósito de Anticongelante,CHEVROLET,,Depósito de Anticongelante,HLRC-3197,Cotizar,/IMAGENES  DEPOSITO RECUPERADOR HLRC/HLRC-3197.jpg,,,,CHEVROLET,EXPRESS 3500,V8 6.6L,2006 - 2012
HLRC-3197,Depósito de Anticongelante,CHEVROLET,,Depósito de Anticongelante,HLRC-3197,Cotizar,/IMAGENES  DEPOSITO RECUPERADOR HLRC/HLRC-3197.jpg,,,,CHEVROLET,EXPRESS 4500,V8 6.6L,2009 - 2013
HLRC-3197,Depósito de Anticongelante,GMC,,Depósito de Anticongelante,HLRC-3197,Cotizar,/IMAGENES  DEPOSITO RECUPERADOR HLRC/HLRC-3197.jpg,,,,GMC,SAVANA 2500,V8 6.6L,2006 - 2012
HLRC-3197,Depósito de Anticongelante,GMC,,Depósito de Anticongelante,HLRC-3197,Cotizar,/IMAGENES  DEPOSITO RECUPERADOR HLRC/HLRC-3197.jpg,,,,GMC,SAVANA 3500,V8 6.6L,2006 - 2012
HLRC-3198,Depósito de Anticongelante,MITSUBISHI,,Depósito de Anticongelante,HLRC-3198,Cotizar,/IMAGENES  DEPOSITO RECUPERADOR HLRC/HLRC-3198.jpg,,,,MITSUBISHI,LANCER,L4 2.0L,2008 - 2014
HLRC-3198,Depósito de Anticongelante,MITSUBISHI,,Depósito de Anticongelante,HLRC-3198,Cotizar,/IMAGENES  DEPOSITO RECUPERADOR HLRC/HLRC-3198.jpg,,,,MITSUBISHI,LANCER,L4 2.4L,2009 - 2014
HLRC-3198,Depósito de Anticongelante,MITSUBISHI,,Depósito de Anticongelante,HLRC-3198,Cotizar,/IMAGENES  DEPOSITO RECUPERADOR HLRC/HLRC-3198.jpg,,,,MITSUBISHI,OUTLANDER,L4 2.4L,2008 - 2013
HLRC-3198,Depósito de Anticongelante,MITSUBISHI,,Depósito de Anticongelante,HLRC-3198,Cotizar,/IMAGENES  DEPOSITO RECUPERADOR HLRC/HLRC-3198.jpg,,,,MITSUBISHI,OUTLANDER,V6 3.0L,2007 - 2013
HLRC-3199,Depósito de Anticongelante,DODGE,,Depósito de Anticongelante,HLRC-3199,Cotizar,/IMAGENES  DEPOSITO RECUPERADOR HLRC/HLRC-3199.jpg,,,,DODGE,DAKOTA,L4 2.5L,1999 - 1999
HLRC-3199,Depósito de Anticongelante,DODGE,,Depósito de Anticongelante,HLRC-3199,Cotizar,/IMAGENES  DEPOSITO RECUPERADOR HLRC/HLRC-3199.jpg,,,,DODGE,DAKOTA,V6 3.9L,1999 - 1999
HLRC-3199,Depósito de Anticongelante,DODGE,,Depósito de Anticongelante,HLRC-3199,Cotizar,/IMAGENES  DEPOSITO RECUPERADOR HLRC/HLRC-3199.jpg,,,,DODGE,DAKOTA,V8 5.2L,1999 - 1999
HLRC-3199,Depósito de Anticongelante,DODGE,,Depósito de Anticongelante,HLRC-3199,Cotizar,/IMAGENES  DEPOSITO RECUPERADOR HLRC/HLRC-3199.jpg,,,,DODGE,DAKOTA,V8 5.9L,1999 - 1999
HLRC-3199,Depósito de Anticongelante,DODGE,,Depósito de Anticongelante,HLRC-3199,Cotizar,/IMAGENES  DEPOSITO RECUPERADOR HLRC/HLRC-3199.jpg,,,,DODGE,DURANGO,V6 3.9L,1998 - 1999
HLRC-3199,Depósito de Anticongelante,DODGE,,Depósito de Anticongelante,HLRC-3199,Cotizar,/IMAGENES  DEPOSITO RECUPERADOR HLRC/HLRC-3199.jpg,,,,DODGE,DURANGO,V8 4.7L,1998 - 1999
HLRC-3199,Depósito de Anticongelante,DODGE,,Depósito de Anticongelante,HLRC-3199,Cotizar,/IMAGENES  DEPOSITO RECUPERADOR HLRC/HLRC-3199.jpg,,,,DODGE,DURANGO,V8 5.2L,1998 - 1999
HLRC-3199,Depósito de Anticongelante,DODGE,,Depósito de Anticongelante,HLRC-3199,Cotizar,/IMAGENES  DEPOSITO RECUPERADOR HLRC/HLRC-3199.jpg,,,,DODGE,DURANGO,V8 5.9L,1998 - 1999
HLRC-3200,Depósito de Anticongelante,,,Depósito de Anticongelante,HLRC-3200,Cotizar,/IMAGENES  DEPOSITO RECUPERADOR HLRC/HLRC-3200.jpg,,,,,,,
HLRC-3201,Depósito de Anticongelante,FORD,,Depósito de Anticongelante,HLRC-3201,Cotizar,/IMAGENES  DEPOSITO RECUPERADOR HLRC/HLRC-3201.jpg,,,,FORD,FIESTA,L4 1.6L,2002 - 2010
HLRC-3202,Depósito de Anticongelante,,,Depósito de Anticongelante,HLRC-3202,Cotizar,/IMAGENES  DEPOSITO RECUPERADOR HLRC/HLRC-3202.jpg,,,,,,,
HLRC-3203,Depósito de Anticongelante,,,Depósito de Anticongelante,HLRC-3203,Cotizar,/IMAGENES  DEPOSITO RECUPERADOR HLRC/HLRC-3203.jpg,,,,,,,
HLRC-3204,Depósito de Anticongelante,DODGE,,Depósito de Anticongelante,HLRC-3204,Cotizar,/IMAGENES  DEPOSITO RECUPERADOR HLRC/HLRC-3204.jpg,,,,DODGE,CALIBER,L4 1.8L,2007 - 2009
HLRC-3204,Depósito de Anticongelante,DODGE,,Depósito de Anticongelante,HLRC-3204,Cotizar,/IMAGENES  DEPOSITO RECUPERADOR HLRC/HLRC-3204.jpg,,,,DODGE,CALIBER,L4 2.0L,2007 - 2012
HLRC-3204,Depósito de Anticongelante,DODGE,,Depósito de Anticongelante,HLRC-3204,Cotizar,/IMAGENES  DEPOSITO RECUPERADOR HLRC/HLRC-3204.jpg,,,,DODGE,CALIBER,L4 2.4L,2007 - 2012
HLRC-3204,Depósito de Anticongelante,JEEP,,Depósito de Anticongelante,HLRC-3204,Cotizar,/IMAGENES  DEPOSITO RECUPERADOR HLRC/HLRC-3204.jpg,,,,JEEP,COMPASS,L4 2.0L,2007 - 2016
HLRC-3204,Depósito de Anticongelante,JEEP,,Depósito de Anticongelante,HLRC-3204,Cotizar,/IMAGENES  DEPOSITO RECUPERADOR HLRC/HLRC-3204.jpg,,,,JEEP,COMPASS,L4 2.4L,2007 - 2017
HLRC-3204,Depósito de Anticongelante,JEEP,,Depósito de Anticongelante,HLRC-3204,Cotizar,/IMAGENES  DEPOSITO RECUPERADOR HLRC/HLRC-3204.jpg,,,,JEEP,PATRIOT,L4 2.0L,2007 - 2017
HLRC-3204,Depósito de Anticongelante,JEEP,,Depósito de Anticongelante,HLRC-3204,Cotizar,/IMAGENES  DEPOSITO RECUPERADOR HLRC/HLRC-3204.jpg,,,,JEEP,PATRIOT,L4 2.4L,2007 - 2017
HLRC-3205,Depósito de Anticongelante,,,Depósito de Anticongelante,HLRC-3205,Cotizar,/IMAGENES  DEPOSITO RECUPERADOR HLRC/HLRC-3205.jpg,,,,,,,
HLRC-3206,Depósito de Anticongelante,JEEP,,Depósito de Anticongelante,HLRC-3206,Cotizar,/IMAGENES  DEPOSITO RECUPERADOR HLRC/HLRC-3206.jpg,,,,JEEP,WRANGLER,L4 2.4L,2000 - 2006
HLRC-3206,Depósito de Anticongelante,JEEP,,Depósito de Anticongelante,HLRC-3206,Cotizar,/IMAGENES  DEPOSITO RECUPERADOR HLRC/HLRC-3206.jpg,,,,JEEP,WRANGLER,L6 4.0L,1997 - 2006
HLRC-3207,Depósito de Anticongelante,,,Depósito de Anticongelante,HLRC-3207,Cotizar,/IMAGENES  DEPOSITO RECUPERADOR HLRC/HLRC-3207.jpg,,,,,,,
HLRC-3208,Depósito de Anticongelante,,,Depósito de Anticongelante,HLRC-3208,Cotizar,/IMAGENES  DEPOSITO RECUPERADOR HLRC/HLRC-3208.jpg,,,,,,,
HLRC-3209,Depósito de Anticongelante,JEEP,,Depósito de Anticongelante,HLRC-3209,Cotizar,/IMAGENES  DEPOSITO RECUPERADOR HLRC/HLRC-3209.jpg,,,,JEEP,CHEROKEE,L4 2.5L,2000 - 2001
HLRC-3209,Depósito de Anticongelante,JEEP,,Depósito de Anticongelante,HLRC-3209,Cotizar,/IMAGENES  DEPOSITO RECUPERADOR HLRC/HLRC-3209.jpg,,,,JEEP,CHEROKEE,L6 4.0L,2000 - 2001
HLRC-3210,Depósito de Anticongelante,CHEVROLET,,Depósito de Anticongelante,HLRC-3210,Cotizar,/IMAGENES  DEPOSITO RECUPERADOR HLRC/HLRC-3210.jpg,,,,CHEVROLET,MATIZ,L4 1.0L,2011 - 2015
HLRC-3210,Depósito de Anticongelante,PONTIAC,,Depósito de Anticongelante,HLRC-3210,Cotizar,/IMAGENES  DEPOSITO RECUPERADOR HLRC/HLRC-3210.jpg,,,,PONTIAC,MATIZ (G2),L4 1.0L,2006 - 2010
HLRC-3211,Depósito de Anticongelante,MAZDA,,Depósito de Anticongelante,HLRC-3211,Cotizar,/IMAGENES  DEPOSITO RECUPERADOR HLRC/HLRC-3211.jpg,,,,MAZDA,PROTEGE,L4 1.8L,1995-2003
HLRC-3212,Depósito de Anticongelante,JEEP,,Depósito de Anticongelante,HLRC-3212,Cotizar,/IMAGENES  DEPOSITO RECUPERADOR HLRC/HLRC-3212.jpg,,,,JEEP,CHEROKEE,L4 2.4L,2014-2018
HLRC-3212,Depósito de Anticongelante,JEEP,,Depósito de Anticongelante,HLRC-3212,Cotizar,/IMAGENES  DEPOSITO RECUPERADOR HLRC/HLRC-3212.jpg,,,,JEEP,CHEROKEE,V6 3.2L,2014-2018
HLRC-3212,Depósito de Anticongelante,CHRYSLER,,Depósito de Anticongelante,HLRC-3212,Cotizar,/IMAGENES  DEPOSITO RECUPERADOR HLRC/HLRC-3212.jpg,,,,CHRYSLER,200,L4 2.4L,2015-2017
HLRC-3212,Depósito de Anticongelante,CHRYSLER,,Depósito de Anticongelante,HLRC-3212,Cotizar,/IMAGENES  DEPOSITO RECUPERADOR HLRC/HLRC-3212.jpg,,,,CHRYSLER,200,V6 3.6L,2015-2017
HLRC-3213,Depósito de Anticongelante,NISSAN,,Depósito de Anticongelante,HLRC-3213,Cotizar,/IMAGENES  DEPOSITO RECUPERADOR HLRC/HLRC-3213.jpg,,,,NISSAN,SENTRA,L4 1.6L,1985-1989
HLRC-3213,Depósito de Anticongelante,NISSAN,,Depósito de Anticongelante,HLRC-3213,Cotizar,/IMAGENES  DEPOSITO RECUPERADOR HLRC/HLRC-3213.jpg,,,,NISSAN,TSURU,L4 1.6L,1988-1991
HLRC-3214,Depósito de Anticongelante,SATURN,,Depósito de Anticongelante,HLRC-3214,Cotizar,/IMAGENES  DEPOSITO RECUPERADOR HLRC/HLRC-3214.jpg,,,,SATURN,ION,L4 2.2L,2003-2007
HLRC-3214,Depósito de Anticongelante,SATURN,,Depósito de Anticongelante,HLRC-3214,Cotizar,/IMAGENES  DEPOSITO RECUPERADOR HLRC/HLRC-3214.jpg,,,,SATURN,ION,L4 2.0L,2004-2007
HLRC-3214,Depósito de Anticongelante,SATURN,,Depósito de Anticongelante,HLRC-3214,Cotizar,/IMAGENES  DEPOSITO RECUPERADOR HLRC/HLRC-3214.jpg,,,,SATURN,ION,L4 2.4L,2006-2007
HLRC-3214,Depósito de Anticongelante,PONTIAC,,Depósito de Anticongelante,HLRC-3214,Cotizar,/IMAGENES  DEPOSITO RECUPERADOR HLRC/HLRC-3214.jpg,,,,PONTIAC,SOLSTICE,L4 2.4L,2006-2009
HLRC-3214,Depósito de Anticongelante,PONTIAC,,Depósito de Anticongelante,HLRC-3214,Cotizar,/IMAGENES  DEPOSITO RECUPERADOR HLRC/HLRC-3214.jpg,,,,PONTIAC,SOLSTICE,L4 2.0L,2007-2009
HLRC-3214,Depósito de Anticongelante,SATURN,,Depósito de Anticongelante,HLRC-3214,Cotizar,/IMAGENES  DEPOSITO RECUPERADOR HLRC/HLRC-3214.jpg,,,,SATURN,SKY,L4 2.0L,2007-2009
HLRC-3214,Depósito de Anticongelante,SATURN,,Depósito de Anticongelante,HLRC-3214,Cotizar,/IMAGENES  DEPOSITO RECUPERADOR HLRC/HLRC-3214.jpg,,,,SATURN,SKY,L4 2.4L,2007-2009
HLRC-3215,Depósito de Anticongelante,NISSAN,,Depósito de Anticongelante,HLRC-3215,Cotizar,/IMAGENES  DEPOSITO RECUPERADOR HLRC/HLRC-3215.jpg,,,,NISSAN,NV350 URVAN,L4 2.5L,2014-2017
HLRC-3216,Depósito de Anticongelante,NISSAN,,Depósito de Anticongelante,HLRC-3216,Cotizar,/IMAGENES  DEPOSITO RECUPERADOR HLRC/HLRC-3216.jpg,,,,NISSAN,SENTRA,L4 1.5L,1982-1983
HLRC-3216,Depósito de Anticongelante,NISSAN,,Depósito de Anticongelante,HLRC-3216,Cotizar,/IMAGENES  DEPOSITO RECUPERADOR HLRC/HLRC-3216.jpg,,,,NISSAN,PULSAR,L4 1.5L,1983-1984
HLRC-3216,Depósito de Anticongelante,NISSAN,,Depósito de Anticongelante,HLRC-3216,Cotizar,/IMAGENES  DEPOSITO RECUPERADOR HLRC/HLRC-3216.jpg,,,,NISSAN,PULSAR,L4 1.6L,1983-1986
HLRC-3216,Depósito de Anticongelante,NISSAN,,Depósito de Anticongelante,HLRC-3216,Cotizar,/IMAGENES  DEPOSITO RECUPERADOR HLRC/HLRC-3216.jpg,,,,NISSAN,SENTRA,L4 1.6L,1983-1986
HLRC-3216,Depósito de Anticongelante,NISSAN,,Depósito de Anticongelante,HLRC-3216,Cotizar,/IMAGENES  DEPOSITO RECUPERADOR HLRC/HLRC-3216.jpg,,,,NISSAN,TSURU,L4 1.5L,1984-1985
HLRC-3216,Depósito de Anticongelante,NISSAN,,Depósito de Anticongelante,HLRC-3216,Cotizar,/IMAGENES  DEPOSITO RECUPERADOR HLRC/HLRC-3216.jpg,,,,NISSAN,TSURU,L4 1.6L,1986-1987
HLRC-3217,Depósito de Anticongelante,DODGE,,Depósito de Anticongelante,HLRC-3217,Cotizar,/IMAGENES  DEPOSITO RECUPERADOR HLRC/HLRC-3217.jpg,,,,DODGE,DART,L4 2.0L,2013-2016
HLRC-3217,Depósito de Anticongelante,DODGE,,Depósito de Anticongelante,HLRC-3217,Cotizar,/IMAGENES  DEPOSITO RECUPERADOR HLRC/HLRC-3217.jpg,,,,DODGE,DART,L4 2.4L,2013-2016
HLRC-3218,Depósito de Anticongelante,MITSUBISHI,,Depósito de Anticongelante,HLRC-3218,Cotizar,/IMAGENES  DEPOSITO RECUPERADOR HLRC/HLRC-3218.jpg,,,,MITSUBISHI,MIRAGE,L3 1.2L,2014-2020
HLRC-3218,Depósito de Anticongelante,DODGE/RAM,,Depósito de Anticongelante,HLRC-3218,Cotizar,/IMAGENES  DEPOSITO RECUPERADOR HLRC/HLRC-3218.jpg,,,,DODGE/RAM,ATTITUDE,L3 1.2L,2015-2019
HLRC-3219,Depósito de Anticongelante,MAZDA,,Depósito de Anticongelante,HLRC-3219,Cotizar,/IMAGENES  DEPOSITO RECUPERADOR HLRC/HLRC-3219.jpg,,,,MAZDA,626,V6 2.5L ,1998-2002
HLRC-3220,Depósito de Anticongelante,,,Depósito de Anticongelante,HLRC-3220,Cotizar,/IMAGENES  DEPOSITO RECUPERADOR HLRC/HLRC-3220.jpg,,,,,,,
HLRC-3221,Depósito de Anticongelante,NISSAN,,Depósito de Anticongelante,HLRC-3221,Cotizar,/IMAGENES  DEPOSITO RECUPERADOR HLRC/HLRC-3221.jpg,,,,NISSAN,NV350 URVAN,"L4 2,5L",2014-2017
HLRC-3222,Depósito de Anticongelante,NISSAN ,,Depósito de Anticongelante,HLRC-3222,Cotizar,/IMAGENES  DEPOSITO RECUPERADOR HLRC/HLRC-3222.webp,,,,NISSAN ,KICKS,L4 1.6L,2018-2023
HLRC-3222,Depósito de Anticongelante,NISSAN,,Depósito de Anticongelante,HLRC-3222,Cotizar,/IMAGENES  DEPOSITO RECUPERADOR HLRC/HLRC-3222.webp,,,,NISSAN,VERSA,L4 1.6L,2018-2023
HLRC-3223,Depósito de Anticongelante,HONDA,,Depósito de Anticongelante,HLRC-3223,Cotizar,/IMAGENES  DEPOSITO RECUPERADOR HLRC/HLRC-3223.webp,,,,HONDA,HR-V,L4 1.8L,2016-2021
HLRC-3224,Depósito de Anticongelante,DODGE,,Depósito de Anticongelante,HLRC-3224,Cotizar,/IMAGENES  DEPOSITO RECUPERADOR HLRC/HLRC-3224.jpg,,,,DODGE,ATOS,L4 1.0L,1994 - 2004
HLRC-3224,Depósito de Anticongelante,DODGE,,Depósito de Anticongelante,HLRC-3224,Cotizar,/IMAGENES  DEPOSITO RECUPERADOR HLRC/HLRC-3224.jpg,,,,DODGE,ATOS,L4 1.1L,2001 - 2012
HLRC-3225,Depósito de Anticongelante,NISSAN,,Depósito de Anticongelante,HLRC-3225,Cotizar,/IMAGENES  DEPOSITO RECUPERADOR HLRC/HLRC-3225.jpg,,,,NISSAN,TSURU,L4 1.6L,1992-2000
HLRC-3226,Depósito de Anticongelante,,,Depósito de Anticongelante,HLRC-3226,Cotizar,/IMAGENES  DEPOSITO RECUPERADOR HLRC/HLRC-3226.jpg,,,,,,,
HLRC-3227,Depósito de Anticongelante,JEEP,,Depósito de Anticongelante,HLRC-3227,Cotizar,/IMAGENES  DEPOSITO RECUPERADOR HLRC/HLRC-3227.jpg,,,,JEEP,LIBERTY,V6 3.7L,2002 - 2006
HLRC-3228,Depósito de Anticongelante,CHEVROLET,,Depósito de Anticongelante,HLRC-3228,Cotizar,/IMAGENES  DEPOSITO RECUPERADOR HLRC/HLRC-3228.jpg,,,,CHEVROLET,SONIC,L4 1.4L,2012 - 2020
HLRC-3228,Depósito de Anticongelante,CHEVROLET,,Depósito de Anticongelante,HLRC-3228,Cotizar,/IMAGENES  DEPOSITO RECUPERADOR HLRC/HLRC-3228.jpg,,,,CHEVROLET,SONIC,L4 1.6L,2011 - 2017
HLRC-3228,Depósito de Anticongelante,CHEVROLET,,Depósito de Anticongelante,HLRC-3228,Cotizar,/IMAGENES  DEPOSITO RECUPERADOR HLRC/HLRC-3228.jpg,,,,CHEVROLET,SONIC,L4 1.8L,2012 - 2018
HLRC-3229,Depósito de Anticongelante,NISSAN,,Depósito de Anticongelante,HLRC-3229,Cotizar,/IMAGENES  DEPOSITO RECUPERADOR HLRC/HLRC-3229.jpg,,,,NISSAN,D21 PICKUP,L4 2.4L,1994 - 2009
HLRC-3229,Depósito de Anticongelante,NISSAN,,Depósito de Anticongelante,HLRC-3229,Cotizar,/IMAGENES  DEPOSITO RECUPERADOR HLRC/HLRC-3229.jpg,,,,NISSAN,D21 PICKUP,V6 3.0L,1990 - 1994
HLRC-3229,Depósito de Anticongelante,NISSAN,,Depósito de Anticongelante,HLRC-3229,Cotizar,/IMAGENES  DEPOSITO RECUPERADOR HLRC/HLRC-3229.jpg,,,,NISSAN,PATHFINDER,V6 3.0L,1990 - 1994
HLRC-3230,Depósito de Anticongelante,,,Depósito de Anticongelante,HLRC-3230,Cotizar,/IMAGENES  DEPOSITO RECUPERADOR HLRC/HLRC-3230.jpg,,,,,,,
HLRC-3231,Depósito de Anticongelante,FORD,,Depósito de Anticongelante,HLRC-3231,Cotizar,/IMAGENES  DEPOSITO RECUPERADOR HLRC/HLRC-3231.jpg,,,,FORD,E-150 Econoline,V6 4.2L,1997 - 2003
HLRC-3231,Depósito de Anticongelante,FORD,,Depósito de Anticongelante,HLRC-3231,Cotizar,/IMAGENES  DEPOSITO RECUPERADOR HLRC/HLRC-3231.jpg,,,,FORD,E-150 Econoline,V8 4.6L,1997 - 2013
HLRC-3231,Depósito de Anticongelante,FORD,,Depósito de Anticongelante,HLRC-3231,Cotizar,/IMAGENES  DEPOSITO RECUPERADOR HLRC/HLRC-3231.jpg,,,,FORD,E-150 Econoline,V8 5.4L,1997 - 2013
HLRC-3231,Depósito de Anticongelante,FORD,,Depósito de Anticongelante,HLRC-3231,Cotizar,/IMAGENES  DEPOSITO RECUPERADOR HLRC/HLRC-3231.jpg,,,,FORD,E-250 Econoline,V6 4.2L,1997 - 2003
HLRC-3231,Depósito de Anticongelante,FORD,,Depósito de Anticongelante,HLRC-3231,Cotizar,/IMAGENES  DEPOSITO RECUPERADOR HLRC/HLRC-3231.jpg,,,,FORD,E-250 Econoline,V8 4.6L,2003 - 2013
HLRC-3231,Depósito de Anticongelante,FORD,,Depósito de Anticongelante,HLRC-3231,Cotizar,/IMAGENES  DEPOSITO RECUPERADOR HLRC/HLRC-3231.jpg,,,,FORD,E-250 Econoline,V8 5.4L,1997 - 2013
HLRC-3231,Depósito de Anticongelante,FORD,,Depósito de Anticongelante,HLRC-3231,Cotizar,/IMAGENES  DEPOSITO RECUPERADOR HLRC/HLRC-3231.jpg,,,,FORD,E-350 Econoline,V10 6.8L,1997 - 2003
HLRC-3231,Depósito de Anticongelante,FORD,,Depósito de Anticongelante,HLRC-3231,Cotizar,/IMAGENES  DEPOSITO RECUPERADOR HLRC/HLRC-3231.jpg,,,,FORD,E-350 Econoline,V8 5.4L,1997 - 2003
HLRC-3231,Depósito de Anticongelante,FORD,,Depósito de Anticongelante,HLRC-3231,Cotizar,/IMAGENES  DEPOSITO RECUPERADOR HLRC/HLRC-3231.jpg,,,,FORD,E-350 Econoline,V8 7.3L,1997 - 2003
HLRC-3231,Depósito de Anticongelante,FORD,,Depósito de Anticongelante,HLRC-3231,Cotizar,/IMAGENES  DEPOSITO RECUPERADOR HLRC/HLRC-3231.jpg,,,,FORD,E-350 Econoline Club Wagon,V10 6.8L,1997 - 2003
HLRC-3231,Depósito de Anticongelante,FORD,,Depósito de Anticongelante,HLRC-3231,Cotizar,/IMAGENES  DEPOSITO RECUPERADOR HLRC/HLRC-3231.jpg,,,,FORD,E-350 Econoline Club Wagon,V10 6.8L,2005 - 2005
HLRC-3231,Depósito de Anticongelante,FORD,,Depósito de Anticongelante,HLRC-3231,Cotizar,/IMAGENES  DEPOSITO RECUPERADOR HLRC/HLRC-3231.jpg,,,,FORD,E-350 Econoline Club Wagon,V8 5.4L,1997 - 2005
HLRC-3231,Depósito de Anticongelante,FORD,,Depósito de Anticongelante,HLRC-3231,Cotizar,/IMAGENES  DEPOSITO RECUPERADOR HLRC/HLRC-3231.jpg,,,,FORD,E-350 Super Duty,V10 6.8L,1999 - 2004
HLRC-3231,Depósito de Anticongelante,FORD,,Depósito de Anticongelante,HLRC-3231,Cotizar,/IMAGENES  DEPOSITO RECUPERADOR HLRC/HLRC-3231.jpg,,,,FORD,E-350 Super Duty,V10 6.8L,2006 - 2015
HLRC-3231,Depósito de Anticongelante,FORD,,Depósito de Anticongelante,HLRC-3231,Cotizar,/IMAGENES  DEPOSITO RECUPERADOR HLRC/HLRC-3231.jpg,,,,FORD,E-350 Super Duty,V8 5.4L,1999 - 2004
HLRC-3231,Depósito de Anticongelante,FORD,,Depósito de Anticongelante,HLRC-3231,Cotizar,/IMAGENES  DEPOSITO RECUPERADOR HLRC/HLRC-3231.jpg,,,,FORD,E-350 Super Duty,V8 5.4L,2006 - 2015
HLRC-3231,Depósito de Anticongelante,FORD,,Depósito de Anticongelante,HLRC-3231,Cotizar,/IMAGENES  DEPOSITO RECUPERADOR HLRC/HLRC-3231.jpg,,,,FORD,E-450 Super Duty,V10 6.8L,2002 - 2013
HLRC-3231,Depósito de Anticongelante,FORD,,Depósito de Anticongelante,HLRC-3231,Cotizar,/IMAGENES  DEPOSITO RECUPERADOR HLRC/HLRC-3231.jpg,,,,FORD,E-450 Super Duty,V8 5.4L,2002 - 2013
HLRC-3231,Depósito de Anticongelante,FORD,,Depósito de Anticongelante,HLRC-3231,Cotizar,/IMAGENES  DEPOSITO RECUPERADOR HLRC/HLRC-3231.jpg,,,,FORD,E-450 Super Duty,V8 7.3L,2002 - 2003
HLRC-3231,Depósito de Anticongelante,FORD,,Depósito de Anticongelante,HLRC-3231,Cotizar,/IMAGENES  DEPOSITO RECUPERADOR HLRC/HLRC-3231.jpg,,,,FORD,E-550 Super Duty,V10 6.8L,2003 - 2003
HLRC-3231,Depósito de Anticongelante,FORD,,Depósito de Anticongelante,HLRC-3231,Cotizar,/IMAGENES  DEPOSITO RECUPERADOR HLRC/HLRC-3231.jpg,,,,FORD,E-550 Super Duty,V8 7.3L,2003 - 2003
HLRC-3232,Depósito de Anticongelante,FORD,,Depósito de Anticongelante,HLRC-3232,Cotizar,/IMAGENES  DEPOSITO RECUPERADOR HLRC/HLRC-3232.jpg,,,,FORD,ECOSPORT,L4 2.0L,2013 - 2020
HLRC-3232,Depósito de Anticongelante,FORD,,Depósito de Anticongelante,HLRC-3232,Cotizar,/IMAGENES  DEPOSITO RECUPERADOR HLRC/HLRC-3232.jpg,,,,FORD,FIESTA,L4 1.6L,2011 - 2019
HLRC-3232,Depósito de Anticongelante,FORD,,Depósito de Anticongelante,HLRC-3232,Cotizar,/IMAGENES  DEPOSITO RECUPERADOR HLRC/HLRC-3232.jpg,,,,FORD,FIGO,L4 1.5L,2016 - 2017
HLRC-3233,Depósito de Anticongelante,MAZDA,,Depósito de Anticongelante,HLRC-3233,Cotizar,/IMAGENES  DEPOSITO RECUPERADOR HLRC/HLRC-3233.jpg,,,,MAZDA,MPV,V6 2.5L,2000-2001
HLRC-3233,Depósito de Anticongelante,MAZDA,,Depósito de Anticongelante,HLRC-3233,Cotizar,/IMAGENES  DEPOSITO RECUPERADOR HLRC/HLRC-3233.jpg,,,,MAZDA,MPV,V6 3.0L,2002-2006
HLRC-3234,Depósito de Anticongelante,JEEP,,Depósito de Anticongelante,HLRC-3234,Cotizar,/IMAGENES  DEPOSITO RECUPERADOR HLRC/HLRC-3234.jpg,,,,JEEP,CHEROKEE,V6 4.0L,1991-1996
HLRC-3234,Depósito de Anticongelante,JEEP,,Depósito de Anticongelante,HLRC-3234,Cotizar,/IMAGENES  DEPOSITO RECUPERADOR HLRC/HLRC-3234.jpg,,,,JEEP,CHEROKEE,L4 2.5L,1991-2000
HLRC-3234,Depósito de Anticongelante,JEEP,,Depósito de Anticongelante,HLRC-3234,Cotizar,/IMAGENES  DEPOSITO RECUPERADOR HLRC/HLRC-3234.jpg,,,,JEEP,COMANCHE,V6 4.0L,1992
HLRC-3234,Depósito de Anticongelante,JEEP,,Depósito de Anticongelante,HLRC-3234,Cotizar,/IMAGENES  DEPOSITO RECUPERADOR HLRC/HLRC-3234.jpg,,,,JEEP,CHEROKEE,V6 4.0L,1999-2001
HLRC-3234,Depósito de Anticongelante,JEEP,,Depósito de Anticongelante,HLRC-3234,Cotizar,/IMAGENES  DEPOSITO RECUPERADOR HLRC/HLRC-3234.jpg,,,,JEEP,CHEROKEE,L4 2.5L,1999-2001
HLRC-3235,Depósito de Anticongelante,FORD,,Depósito de Anticongelante,HLRC-3235,Cotizar,/IMAGENES  DEPOSITO RECUPERADOR HLRC/HLRC-3235.jpg,,,,FORD,KA,L4 1.6L,2001 - 2008
HLRC-3236,Depósito de Anticongelante,FORD,,Depósito de Anticongelante,HLRC-3236,Cotizar,/IMAGENES  DEPOSITO RECUPERADOR HLRC/HLRC-3236.jpg,,,,FORD,COURIER,L4 1.6L,2001 - 2012
HLRC-3236,Depósito de Anticongelante,FORD,,Depósito de Anticongelante,HLRC-3236,Cotizar,/IMAGENES  DEPOSITO RECUPERADOR HLRC/HLRC-3236.jpg,,,,FORD,IKON,L4 1.6L,2001 - 2007
HLRC-3237,Depósito de Anticongelante,FORD,,Depósito de Anticongelante,HLRC-3237,Cotizar,/IMAGENES  DEPOSITO RECUPERADOR HLRC/HLRC-3237.jpg,,,,FORD,ECOSPORT,L4 2.0L,2004 - 2012
HLRC-3237,Depósito de Anticongelante,FORD,,Depósito de Anticongelante,HLRC-3237,Cotizar,/IMAGENES  DEPOSITO RECUPERADOR HLRC/HLRC-3237.jpg,,,,FORD,FIESTA,L4 1.6L,2002 - 2010
HLRC-3238,Depósito de Anticongelante,FORD,,Depósito de Anticongelante,HLRC-3238,Cotizar,/IMAGENES  DEPOSITO RECUPERADOR HLRC/HLRC-3238.jpg,,,,FORD,FIESTA IKON,L4 1.6L,2011 - 2015
HLRC-3239,Depósito de Anticongelante,FORD,,Depósito de Anticongelante,HLRC-3239,Cotizar,/IMAGENES  DEPOSITO RECUPERADOR HLRC/HLRC-3239.jpg,,,,FORD,COURIER,L4 1.6L,2001 - 2010
HLRC-3240,Depósito de Anticongelante,FORD,,Depósito de Anticongelante,HLRC-3240,Cotizar,/IMAGENES  DEPOSITO RECUPERADOR HLRC/HLRC-3240.jpg,,,,FORD,ESCAPE,L4 2.0L,2001 - 2004
HLRC-3240,Depósito de Anticongelante,FORD,,Depósito de Anticongelante,HLRC-3240,Cotizar,/IMAGENES  DEPOSITO RECUPERADOR HLRC/HLRC-3240.jpg,,,,FORD,ESCAPE,L4 2.5L,2009 - 2012
HLRC-3240,Depósito de Anticongelante,FORD,,Depósito de Anticongelante,HLRC-3240,Cotizar,/IMAGENES  DEPOSITO RECUPERADOR HLRC/HLRC-3240.jpg,,,,FORD,ESCAPE,V6 3.0L,2007 - 2012
HLRC-3240,Depósito de Anticongelante,MERCURY,,Depósito de Anticongelante,HLRC-3240,Cotizar,/IMAGENES  DEPOSITO RECUPERADOR HLRC/HLRC-3240.jpg,,,,MERCURY,MARINER,L4 2.5L,2009 - 2011
HLRC-3240,Depósito de Anticongelante,MERCURY,,Depósito de Anticongelante,HLRC-3240,Cotizar,/IMAGENES  DEPOSITO RECUPERADOR HLRC/HLRC-3240.jpg,,,,MERCURY,MARINER,V6 3.0L,2007 - 2010
HLRC-3241,Depósito de Anticongelante,CHEVROLET,,Depósito de Anticongelante,HLRC-3241,Cotizar,/IMAGENES  DEPOSITO RECUPERADOR HLRC/HLRC-3241.jpg,,,,CHEVROLET,ASTRO,V6 4.3L,1995-2005
HLRC-3241,Depósito de Anticongelante,GMC,,Depósito de Anticongelante,HLRC-3241,Cotizar,/IMAGENES  DEPOSITO RECUPERADOR HLRC/HLRC-3241.jpg,,,,GMC,SAFARI,V6 4.3L,1995-2005
HLRC-3242,Depósito de Anticongelante,VOLKSWAGEN,,Depósito de Anticongelante,HLRC-3242,Cotizar,/IMAGENES  DEPOSITO RECUPERADOR HLRC/HLRC-3242.jpg,,,,VOLKSWAGEN,CRAFTER 30,L5 2.5L,2007 - 2011
HLRC-3242,Depósito de Anticongelante,VOLKSWAGEN,,Depósito de Anticongelante,HLRC-3242,Cotizar,/IMAGENES  DEPOSITO RECUPERADOR HLRC/HLRC-3242.jpg,,,,VOLKSWAGEN,CRAFTER 35,L5 2.5L,2007 - 2011
HLRC-3242,Depósito de Anticongelante,VOLKSWAGEN,,Depósito de Anticongelante,HLRC-3242,Cotizar,/IMAGENES  DEPOSITO RECUPERADOR HLRC/HLRC-3242.jpg,,,,VOLKSWAGEN,CRAFTER 50,L5 2.5L,2007 - 2011
HLRC-3243,Depósito de Anticongelante,NISSAN,,Depósito de Anticongelante,HLRC-3243,Cotizar,/IMAGENES  DEPOSITO RECUPERADOR HLRC/HLRC-3243.jpg,,,,NISSAN,X-TRAIL,L4 2.5L,2001 - 2007
HLRC-3244,Depósito de Anticongelante,MERCEDES BENZ,,Depósito de Anticongelante,HLRC-3244,Cotizar,/IMAGENES  DEPOSITO RECUPERADOR HLRC/HLRC-3244.jpg,,,,MERCEDES BENZ,C200K,L4 2.0L,2001-2002
HLRC-3244,Depósito de Anticongelante,MERCEDES BENZ,,Depósito de Anticongelante,HLRC-3244,Cotizar,/IMAGENES  DEPOSITO RECUPERADOR HLRC/HLRC-3244.jpg,,,,MERCEDES BENZ,C240,V6 2.6L,2001-2005
HLRC-3244,Depósito de Anticongelante,MERCEDES BENZ,,Depósito de Anticongelante,HLRC-3244,Cotizar,/IMAGENES  DEPOSITO RECUPERADOR HLRC/HLRC-3244.jpg,,,,MERCEDES BENZ,C320,V6 3.2L,2001-2005
HLRC-3244,Depósito de Anticongelante,MERCEDES BENZ,,Depósito de Anticongelante,HLRC-3244,Cotizar,/IMAGENES  DEPOSITO RECUPERADOR HLRC/HLRC-3244.jpg,,,,MERCEDES BENZ,C230K,L4 2.3L,2002
HLRC-3244,Depósito de Anticongelante,MERCEDES BENZ,,Depósito de Anticongelante,HLRC-3244,Cotizar,/IMAGENES  DEPOSITO RECUPERADOR HLRC/HLRC-3244.jpg,,,,MERCEDES BENZ,C32 AMG,V6 3.2L,2002-2004
HLRC-3244,Depósito de Anticongelante,MERCEDES BENZ,,Depósito de Anticongelante,HLRC-3244,Cotizar,/IMAGENES  DEPOSITO RECUPERADOR HLRC/HLRC-3244.jpg,,,,MERCEDES BENZ,C200K,L4 1.8L,2003-2004
HLRC-3244,Depósito de Anticongelante,MERCEDES BENZ,,Depósito de Anticongelante,HLRC-3244,Cotizar,/IMAGENES  DEPOSITO RECUPERADOR HLRC/HLRC-3244.jpg,,,,MERCEDES BENZ,C230K,L4 1.8L,2003-2005
HLRC-3244,Depósito de Anticongelante,MERCEDES BENZ,,Depósito de Anticongelante,HLRC-3244,Cotizar,/IMAGENES  DEPOSITO RECUPERADOR HLRC/HLRC-3244.jpg,,,,MERCEDES BENZ,CLK-320,V6 3.2L,2003-2005
HLRC-3244,Depósito de Anticongelante,MERCEDES BENZ,,Depósito de Anticongelante,HLRC-3244,Cotizar,/IMAGENES  DEPOSITO RECUPERADOR HLRC/HLRC-3244.jpg,,,,MERCEDES BENZ,CLK-55 AMG,V8 5.5L,2003-2006
HLRC-3244,Depósito de Anticongelante,MERCEDES BENZ,,Depósito de Anticongelante,HLRC-3244,Cotizar,/IMAGENES  DEPOSITO RECUPERADOR HLRC/HLRC-3244.jpg,,,,MERCEDES BENZ,C55 AMG,V8 5.5L,2005-2007
HLRC-3244,Depósito de Anticongelante,MERCEDES BENZ,,Depósito de Anticongelante,HLRC-3244,Cotizar,/IMAGENES  DEPOSITO RECUPERADOR HLRC/HLRC-3244.jpg,,,,MERCEDES BENZ,C230,V6 2.5L,2006-2007
HLRC-3244,Depósito de Anticongelante,MERCEDES BENZ,,Depósito de Anticongelante,HLRC-3244,Cotizar,/IMAGENES  DEPOSITO RECUPERADOR HLRC/HLRC-3244.jpg,,,,MERCEDES BENZ,C350,V6 3.5L,2006-2007
HLRC-3244,Depósito de Anticongelante,MERCEDES BENZ,,Depósito de Anticongelante,HLRC-3244,Cotizar,/IMAGENES  DEPOSITO RECUPERADOR HLRC/HLRC-3244.jpg,,,,MERCEDES BENZ,C280,V6 3.0L,2006-2009
HLRC-3244,Depósito de Anticongelante,MERCEDES BENZ,,Depósito de Anticongelante,HLRC-3244,Cotizar,/IMAGENES  DEPOSITO RECUPERADOR HLRC/HLRC-3244.jpg,,,,MERCEDES BENZ,CLK63 AMG,V8 6.3L,2007-2008
HLRC-3244,Depósito de Anticongelante,MERCEDES BENZ,,Depósito de Anticongelante,HLRC-3244,Cotizar,/IMAGENES  DEPOSITO RECUPERADOR HLRC/HLRC-3244.jpg,,,,MERCEDES BENZ,CLK280,V6 3.0L,2007-2009
HLRC-3244,Depósito de Anticongelante,MERCEDES BENZ,,Depósito de Anticongelante,HLRC-3244,Cotizar,/IMAGENES  DEPOSITO RECUPERADOR HLRC/HLRC-3244.jpg,,,,MERCEDES BENZ,CLK350,V6 3.5L,2007-2009
HLRC-3244,Depósito de Anticongelante,MERCEDES BENZ,,Depósito de Anticongelante,HLRC-3244,Cotizar,/IMAGENES  DEPOSITO RECUPERADOR HLRC/HLRC-3244.jpg,,,,MERCEDES BENZ,CLK550,V8 5.5L,2007-2009
HLRC-3244,Depósito de Anticongelante,MERCEDES BENZ,,Depósito de Anticongelante,HLRC-3244,Cotizar,/IMAGENES  DEPOSITO RECUPERADOR HLRC/HLRC-3244.jpg,,,,MERCEDES BENZ,CLK63 AMG,V8 6.2L,2009
HLRC-3245,Depósito de Anticongelante,MERCEDES BENZ,,Depósito de Anticongelante,HLRC-3245,Cotizar,/IMAGENES  DEPOSITO RECUPERADOR HLRC/HLRC-3245.jpg,,,,MERCEDES BENZ,ML320,V6 3.2L,1998-2003
HLRC-3245,Depósito de Anticongelante,MERCEDES BENZ,,Depósito de Anticongelante,HLRC-3245,Cotizar,/IMAGENES  DEPOSITO RECUPERADOR HLRC/HLRC-3245.jpg,,,,MERCEDES BENZ,ML430,V8 4.3L,1999-2001
HLRC-3245,Depósito de Anticongelante,MERCEDES BENZ,,Depósito de Anticongelante,HLRC-3245,Cotizar,/IMAGENES  DEPOSITO RECUPERADOR HLRC/HLRC-3245.jpg,,,,MERCEDES BENZ,ML55,V8 5.5L,2000-2003
HLRC-3245,Depósito de Anticongelante,MERCEDES BENZ,,Depósito de Anticongelante,HLRC-3245,Cotizar,/IMAGENES  DEPOSITO RECUPERADOR HLRC/HLRC-3245.jpg,,,,MERCEDES BENZ,ML500,V8 5.0L,2002-2005
HLRC-3245,Depósito de Anticongelante,MERCEDES BENZ,,Depósito de Anticongelante,HLRC-3245,Cotizar,/IMAGENES  DEPOSITO RECUPERADOR HLRC/HLRC-3245.jpg,,,,MERCEDES BENZ,ML350,V6 3.7L,2003-2005
HLRC-3246,Depósito de Anticongelante,DODGE,,Depósito de Anticongelante,HLRC-3246,Cotizar,/IMAGENES  DEPOSITO RECUPERADOR HLRC/HLRC-3246.jpg,,,,DODGE,JOURNEY,V6 3.5L,2009 - 2010
HLRC-3246,Depósito de Anticongelante,DODGE,,Depósito de Anticongelante,HLRC-3246,Cotizar,/IMAGENES  DEPOSITO RECUPERADOR HLRC/HLRC-3246.jpg,,,,DODGE,JOURNEY,V6 3.6L,2011 - 2018
HLRC-3247,Depósito de Anticongelante,DODGE/RAM,,Depósito de Anticongelante,HLRC-3247,Cotizar,/IMAGENES  DEPOSITO RECUPERADOR HLRC/HLRC-3247.jpg,,,,DODGE/RAM,NEON,L4 2.0L,1995-1999
HLRC-3247,Depósito de Anticongelante,PLYMOUTH,,Depósito de Anticongelante,HLRC-3247,Cotizar,/IMAGENES  DEPOSITO RECUPERADOR HLRC/HLRC-3247.jpg,,,,PLYMOUTH,NEON,L4 2.0L,1995-1999
HLRC-3248,Depósito de Anticongelante,FIAT,,Depósito de Anticongelante,HLRC-3248,Cotizar,/IMAGENES  DEPOSITO RECUPERADOR HLRC/HLRC-3248.jpg,,,,FIAT,GRANDE PUNTO,L4 1.4L,2007-2009
HLRC-3248,Depósito de Anticongelante,ALFA ROMEO,,Depósito de Anticongelante,HLRC-3248,Cotizar,/IMAGENES  DEPOSITO RECUPERADOR HLRC/HLRC-3248.jpg,,,,ALFA ROMEO,MITO,L4 1.4L,2012-2013
HLRC-3248,Depósito de Anticongelante,FIAT,,Depósito de Anticongelante,HLRC-3248,Cotizar,/IMAGENES  DEPOSITO RECUPERADOR HLRC/HLRC-3248.jpg,,,,FIAT,PUNTO,L4 1.4L,2013
HLRC-3248,Depósito de Anticongelante,FIAT,,Depósito de Anticongelante,HLRC-3248,Cotizar,/IMAGENES  DEPOSITO RECUPERADOR HLRC/HLRC-3248.jpg,,,,FIAT,UNO,L4 1.4L,2013-2020
HLRC-3248,Depósito de Anticongelante,ALFA ROMEO,,Depósito de Anticongelante,HLRC-3248,Cotizar,/IMAGENES  DEPOSITO RECUPERADOR HLRC/HLRC-3248.jpg,,,,ALFA ROMEO,MITO,L4 1.4L,2015-2019
HLRC-3249,Depósito de Anticongelante,MAZDA,,Depósito de Anticongelante,HLRC-3249,Cotizar,/IMAGENES  DEPOSITO RECUPERADOR HLRC/HLRC-3249.jpg,,,,MAZDA,MAZDA 6,L4 2.5L,2009-2013
HLRC-3250,Depósito de Anticongelante,FORD,,Depósito de Anticongelante,HLRC-3250,Cotizar,/IMAGENES  DEPOSITO RECUPERADOR HLRC/HLRC-3250.jpg,,,,FORD,MUSTANG,V6 3.8L,1997-2004
HLRC-3250,Depósito de Anticongelante,FORD,,Depósito de Anticongelante,HLRC-3250,Cotizar,/IMAGENES  DEPOSITO RECUPERADOR HLRC/HLRC-3250.jpg,,,,FORD,MUSTANG,V6 3.9L,2004
HLRC-3251,Depósito de Anticongelante,VOLKSWAGEN,,Depósito de Anticongelante,HLRC-3251,Cotizar,/IMAGENES  DEPOSITO RECUPERADOR HLRC/HLRC-3251.jpg,,,,VOLKSWAGEN,LUPO,L4 1.6L,2005-2009
HLRC-3251,Depósito de Anticongelante,VOLKSWAGEN,,Depósito de Anticongelante,HLRC-3251,Cotizar,/IMAGENES  DEPOSITO RECUPERADOR HLRC/HLRC-3251.jpg,,,,VOLKSWAGEN,SPORTVAN,L4 1.6L,2007-2010
HLRC-3251,Depósito de Anticongelante,VOLKSWAGEN,,Depósito de Anticongelante,HLRC-3251,Cotizar,/IMAGENES  DEPOSITO RECUPERADOR HLRC/HLRC-3251.jpg,,,,VOLKSWAGEN,CROSSFOX,L4 1.6L,2011-2014
HLRC-3252,Depósito de Anticongelante,MAZDA,,Depósito de Anticongelante,HLRC-3252,Cotizar,/IMAGENES  DEPOSITO RECUPERADOR HLRC/HLRC-3252.jpg,,,,MAZDA,MAZDA5,L4 2.3L,2006-2010
HLRC-3252,Depósito de Anticongelante,MAZDA,,Depósito de Anticongelante,HLRC-3252,Cotizar,/IMAGENES  DEPOSITO RECUPERADOR HLRC/HLRC-3252.jpg,,,,MAZDA,MAZDA5,L4 2.5L,2012-2015
HLRC-3253,Depósito de Anticongelante,CADILLAC,,Depósito de Anticongelante,HLRC-3253,Cotizar,/IMAGENES  DEPOSITO RECUPERADOR HLRC/HLRC-3253.jpg,,,,CADILLAC,ESCALADE,V8 6.2L,2015 - 2021
HLRC-3253,Depósito de Anticongelante,CADILLAC,,Depósito de Anticongelante,HLRC-3253,Cotizar,/IMAGENES  DEPOSITO RECUPERADOR HLRC/HLRC-3253.jpg,,,,CADILLAC,ESCALADE ESV,V8 6.2L,2015 - 2021
HLRC-3253,Depósito de Anticongelante,CHEVROLET,,Depósito de Anticongelante,HLRC-3253,Cotizar,/IMAGENES  DEPOSITO RECUPERADOR HLRC/HLRC-3253.jpg,,,,CHEVROLET,CHEYENNE,V8 5.4L,2014 - 2020
HLRC-3253,Depósito de Anticongelante,CHEVROLET,,Depósito de Anticongelante,HLRC-3253,Cotizar,/IMAGENES  DEPOSITO RECUPERADOR HLRC/HLRC-3253.jpg,,,,CHEVROLET,CHEYENNE,V8 6.2L,2014 - 2020
HLRC-3253,Depósito de Anticongelante,CHEVROLET,,Depósito de Anticongelante,HLRC-3253,Cotizar,/IMAGENES  DEPOSITO RECUPERADOR HLRC/HLRC-3253.jpg,,,,CHEVROLET,SILVERADO 1500,V6 4.3L,2014 - 2018
HLRC-3253,Depósito de Anticongelante,CHEVROLET,,Depósito de Anticongelante,HLRC-3253,Cotizar,/IMAGENES  DEPOSITO RECUPERADOR HLRC/HLRC-3253.jpg,,,,CHEVROLET,SILVERADO 2500,V8 5.3L,2013 - 2020
HLRC-3253,Depósito de Anticongelante,CHEVROLET,,Depósito de Anticongelante,HLRC-3253,Cotizar,/IMAGENES  DEPOSITO RECUPERADOR HLRC/HLRC-3253.jpg,,,,CHEVROLET,SUBURBAN,V8 5.3L,2015 - 2020
HLRC-3253,Depósito de Anticongelante,CHEVROLET,,Depósito de Anticongelante,HLRC-3253,Cotizar,/IMAGENES  DEPOSITO RECUPERADOR HLRC/HLRC-3253.jpg,,,,CHEVROLET,TAHOE,V8 5.3L,2015 - 2020
HLRC-3253,Depósito de Anticongelante,GMC,,Depósito de Anticongelante,HLRC-3253,Cotizar,/IMAGENES  DEPOSITO RECUPERADOR HLRC/HLRC-3253.jpg,,,,GMC,SIERRA,V8 5.3L,2014 - 2018
HLRC-3253,Depósito de Anticongelante,GMC,,Depósito de Anticongelante,HLRC-3253,Cotizar,/IMAGENES  DEPOSITO RECUPERADOR HLRC/HLRC-3253.jpg,,,,GMC,SIERRA,V8 6.2L,2013 - 2018
HLRC-3253,Depósito de Anticongelante,GMC,,Depósito de Anticongelante,HLRC-3253,Cotizar,/IMAGENES  DEPOSITO RECUPERADOR HLRC/HLRC-3253.jpg,,,,GMC,YUKON,V8 6.2L,2014 - 2020
HLRC-3254,Depósito de Anticongelante,FORD,,Depósito de Anticongelante,HLRC-3254,Cotizar,/IMAGENES  DEPOSITO RECUPERADOR HLRC/HLRC-3254.jpg,,,,FORD,ESCAPE,L4 1.6L,2013 - 2016
HLRC-3254,Depósito de Anticongelante,FORD,,Depósito de Anticongelante,HLRC-3254,Cotizar,/IMAGENES  DEPOSITO RECUPERADOR HLRC/HLRC-3254.jpg,,,,FORD,FOCUS,L3 1.0L,2015 - 2018
HLRC-3254,Depósito de Anticongelante,FORD,,Depósito de Anticongelante,HLRC-3254,Cotizar,/IMAGENES  DEPOSITO RECUPERADOR HLRC/HLRC-3254.jpg,,,,FORD,FOCUS,L4 2.0L,2012 - 2018
HLRC-3254,Depósito de Anticongelante,FORD,,Depósito de Anticongelante,HLRC-3254,Cotizar,/IMAGENES  DEPOSITO RECUPERADOR HLRC/HLRC-3254.jpg,,,,FORD,TRANSIT CONNECT,L4 1.6L,2014 - 2016
HLRC-3255,Depósito de Anticongelante,DODGE,,Depósito de Anticongelante,HLRC-3255,Cotizar,/IMAGENES  DEPOSITO RECUPERADOR HLRC/HLRC-3255.webp,,,,DODGE,H100 DIESEL,L4 2.5L,2006-2014
HLRC-3256,Depósito de Anticongelante,FORD,,Depósito de Anticongelante,HLRC-3256,Cotizar,/IMAGENES  DEPOSITO RECUPERADOR HLRC/HLRC-3256.jpg,,,,FORD,ESCAPE,L4 1.6L,2013 - 2016
HLRC-3256,Depósito de Anticongelante,FORD,,Depósito de Anticongelante,HLRC-3256,Cotizar,/IMAGENES  DEPOSITO RECUPERADOR HLRC/HLRC-3256.jpg,,,,FORD,FOCUS,L3 1.0L,2015 - 2018
HLRC-3256,Depósito de Anticongelante,FORD,,Depósito de Anticongelante,HLRC-3256,Cotizar,/IMAGENES  DEPOSITO RECUPERADOR HLRC/HLRC-3256.jpg,,,,FORD,FOCUS,L4 2.0L,2012 - 2018
HLRC-3256,Depósito de Anticongelante,FORD,,Depósito de Anticongelante,HLRC-3256,Cotizar,/IMAGENES  DEPOSITO RECUPERADOR HLRC/HLRC-3256.jpg,,,,FORD,TRANSIT CONNECT,L4 1.6L,2014 - 2016
HLRC-3257,Depósito de Anticongelante,FORD,,Depósito de Anticongelante,HLRC-3257,Cotizar,/IMAGENES  DEPOSITO RECUPERADOR HLRC/HLRC-3257.webp,,,,FORD,ECOSPORT,L4 1.6,2014 - 2016
HLRC-3257,Depósito de Anticongelante,FORD,,Depósito de Anticongelante,HLRC-3257,Cotizar,/IMAGENES  DEPOSITO RECUPERADOR HLRC/HLRC-3257.webp,,,,FORD,FIGO,L4 1.6,2014 - 2016
HLRC-3258,Depósito de Anticongelante,CHEVROLET,,Depósito de Anticongelante,HLRC-3258,Cotizar,/IMAGENES  DEPOSITO RECUPERADOR HLRC/HLRC-3258.jpg,,,,CHEVROLET,EQUINOX,L4 2.4L,2010 - 2017
HLRC-3258,Depósito de Anticongelante,CHEVROLET,,Depósito de Anticongelante,HLRC-3258,Cotizar,/IMAGENES  DEPOSITO RECUPERADOR HLRC/HLRC-3258.jpg,,,,CHEVROLET,EQUINOX,V6 3.0L,2010 - 2012
HLRC-3258,Depósito de Anticongelante,CHEVROLET,,Depósito de Anticongelante,HLRC-3258,Cotizar,/IMAGENES  DEPOSITO RECUPERADOR HLRC/HLRC-3258.jpg,,,,CHEVROLET,EQUINOX,V6 3.6L,2013 - 2017
HLRC-3258,Depósito de Anticongelante,GMC,,Depósito de Anticongelante,HLRC-3258,Cotizar,/IMAGENES  DEPOSITO RECUPERADOR HLRC/HLRC-3258.jpg,,,,GMC,TERRAIN,L4 2.4L,2011 - 2017
HLRC-3258,Depósito de Anticongelante,GMC,,Depósito de Anticongelante,HLRC-3258,Cotizar,/IMAGENES  DEPOSITO RECUPERADOR HLRC/HLRC-3258.jpg,,,,GMC,TERRAIN,V6 3.0L,2010 - 2012
HLRC-3258,Depósito de Anticongelante,GMC,,Depósito de Anticongelante,HLRC-3258,Cotizar,/IMAGENES  DEPOSITO RECUPERADOR HLRC/HLRC-3258.jpg,,,,GMC,TERRAIN,V6 3.6L,2013 - 2017
HLRC-3259,Depósito de Anticongelante,CHEVROLET,,Depósito de Anticongelante,HLRC-3259,Cotizar,/IMAGENES  DEPOSITO RECUPERADOR HLRC/HLRC-3259.jpg,,,,CHEVROLET,CRUZE,L4 1.4L,2016-2019
HLRC-3260,Depósito de Anticongelante,DODGE/RAM,,Depósito de Anticongelante,HLRC-3260,Cotizar,/IMAGENES  DEPOSITO RECUPERADOR HLRC/HLRC-3260.jpg,,,,DODGE/RAM,NEON,L4 1.6L,2017-2018
HLRC-3260,Depósito de Anticongelante,DODGE/RAM,,Depósito de Anticongelante,HLRC-3260,Cotizar,/IMAGENES  DEPOSITO RECUPERADOR HLRC/HLRC-3260.jpg,,,,DODGE/RAM,NEON,L4 1.4L,2017-2020
HLRC-3260,Depósito de Anticongelante,DODGE/RAM,,Depósito de Anticongelante,HLRC-3260,Cotizar,/IMAGENES  DEPOSITO RECUPERADOR HLRC/HLRC-3260.jpg,,,,DODGE/RAM,NEON,L4 1.6L,2020
HLRC-3261,Depósito de Anticongelante,DODGE,,Depósito de Anticongelante,HLRC-3261,Cotizar,/IMAGENES  DEPOSITO RECUPERADOR HLRC/HLRC-3261.jpg,,,,DODGE,VISION,L4 1.6L,2015 - 2018
HLRC-3262,Depósito de Anticongelante,NISSAN,,Depósito de Anticongelante,HLRC-3262,Cotizar,/IMAGENES  DEPOSITO RECUPERADOR HLRC/HLRC-3262.jpg,,,,NISSAN,PATHFINDER,V6 4.0L,2005-2012
HLRC-3262,Depósito de Anticongelante,NISSAN,,Depósito de Anticongelante,HLRC-3262,Cotizar,/IMAGENES  DEPOSITO RECUPERADOR HLRC/HLRC-3262.jpg,,,,NISSAN,XTERRA,V6 4.0L,2005-2015
HLRC-3262,Depósito de Anticongelante,NISSAN,,Depósito de Anticongelante,HLRC-3262,Cotizar,/IMAGENES  DEPOSITO RECUPERADOR HLRC/HLRC-3262.jpg,,,,NISSAN,FRONTIER,L4 2.5L,2005-2019
HLRC-3262,Depósito de Anticongelante,NISSAN,,Depósito de Anticongelante,HLRC-3262,Cotizar,/IMAGENES  DEPOSITO RECUPERADOR HLRC/HLRC-3262.jpg,,,,NISSAN,FRONTIER,V6 4.0L,2005-2019
HLRC-3262,Depósito de Anticongelante,NISSAN,,Depósito de Anticongelante,HLRC-3262,Cotizar,/IMAGENES  DEPOSITO RECUPERADOR HLRC/HLRC-3262.jpg,,,,NISSAN,NV2500,V6 4.0L,2015
HLRC-3262,Depósito de Anticongelante,NISSAN,,Depósito de Anticongelante,HLRC-3262,Cotizar,/IMAGENES  DEPOSITO RECUPERADOR HLRC/HLRC-3262.jpg,,,,NISSAN,NP300,L4 2.5L,2016-2020
HLRC-3263,Depósito de Anticongelante,HONDA,,Depósito de Anticongelante,HLRC-3263,Cotizar,/IMAGENES  DEPOSITO RECUPERADOR HLRC/HLRC-3263.jpg,,,,HONDA,ACCORD,L4 2.2L,1990 - 1993
HLRC-3264,Depósito de Anticongelante,HONDA,,Depósito de Anticongelante,HLRC-3264,Cotizar,/IMAGENES  DEPOSITO RECUPERADOR HLRC/HLRC-3264.jpg,,,,HONDA,ACCORD,L4 2.2L,1994 - 1997
HLRC-3265,Depósito de Anticongelante,MAZDA,,Depósito de Anticongelante,HLRC-3265,Cotizar,/IMAGENES  DEPOSITO RECUPERADOR HLRC/HLRC-3265.jpg,,,,MAZDA,MAZDA6,L4 2.5L,2009-2010
HLRC-3265,Depósito de Anticongelante,MAZDA,,Depósito de Anticongelante,HLRC-3265,Cotizar,/IMAGENES  DEPOSITO RECUPERADOR HLRC/HLRC-3265.jpg,,,,MAZDA,MAZDA6,V6 3.7L,2009-2013
HLRC-3266,Depósito de Anticongelante,FIAT,,Depósito de Anticongelante,HLRC-3266,Cotizar,/IMAGENES  DEPOSITO RECUPERADOR HLRC/HLRC-3266.jpg,,,,FIAT,MOBI,L3 1.0L,2017 - 2021
HLRC-3266,Depósito de Anticongelante,FIAT,,Depósito de Anticongelante,HLRC-3266,Cotizar,/IMAGENES  DEPOSITO RECUPERADOR HLRC/HLRC-3266.jpg,,,,FIAT,PALIO,L4 1.6L,2012 - 2017
HLRC-3266,Depósito de Anticongelante,FIAT,,Depósito de Anticongelante,HLRC-3266,Cotizar,/IMAGENES  DEPOSITO RECUPERADOR HLRC/HLRC-3266.jpg,,,,FIAT,UNO,L4 1.4L,2013 - 2021
HLRC-3266,Depósito de Anticongelante,RAM,,Depósito de Anticongelante,HLRC-3266,Cotizar,/IMAGENES  DEPOSITO RECUPERADOR HLRC/HLRC-3266.jpg,,,,RAM,PROMASTER RAPID,L4 1.4L,2017 - 2021
HLRC-3267,Depósito de Anticongelante,MINI,,Depósito de Anticongelante,HLRC-3267,Cotizar,/IMAGENES  DEPOSITO RECUPERADOR HLRC/HLRC-3267.jpg,,,,MINI,COOPER,L4 1.6L,2002 - 2006
HLRC-3268,Depósito de Anticongelante,AUDI,,Depósito de Anticongelante,HLRC-3268,Cotizar,/IMAGENES  DEPOSITO RECUPERADOR HLRC/HLRC-3268.jpg,,,,AUDI,A4,L4 1.8L,2007 - 2015
HLRC-3268,Depósito de Anticongelante,AUDI,,Depósito de Anticongelante,HLRC-3268,Cotizar,/IMAGENES  DEPOSITO RECUPERADOR HLRC/HLRC-3268.jpg,,,,AUDI,A4,L4 2.0L,2008 - 2015
HLRC-3268,Depósito de Anticongelante,AUDI,,Depósito de Anticongelante,HLRC-3268,Cotizar,/IMAGENES  DEPOSITO RECUPERADOR HLRC/HLRC-3268.jpg,,,,AUDI,A4 QUATTRO,L4 2.0L,2008 - 2015
HLRC-3268,Depósito de Anticongelante,AUDI,,Depósito de Anticongelante,HLRC-3268,Cotizar,/IMAGENES  DEPOSITO RECUPERADOR HLRC/HLRC-3268.jpg,,,,AUDI,A5,L4 1.8L,2011 - 2017
HLRC-3268,Depósito de Anticongelante,AUDI,,Depósito de Anticongelante,HLRC-3268,Cotizar,/IMAGENES  DEPOSITO RECUPERADOR HLRC/HLRC-3268.jpg,,,,AUDI,A5,L4 2.0L,2009 - 2016
HLRC-3268,Depósito de Anticongelante,AUDI,,Depósito de Anticongelante,HLRC-3268,Cotizar,/IMAGENES  DEPOSITO RECUPERADOR HLRC/HLRC-3268.jpg,,,,AUDI,A5 QUATTRO,L4 2.0L,2009 - 2016
HLRC-3268,Depósito de Anticongelante,AUDI,,Depósito de Anticongelante,HLRC-3268,Cotizar,/IMAGENES  DEPOSITO RECUPERADOR HLRC/HLRC-3268.jpg,,,,AUDI,Q5 QUATTRO,L4 2.0L,2008 - 2017
HLRC-3269,Depósito de Anticongelante,MERCURY,,Depósito de Anticongelante,HLRC-3269,Cotizar,/IMAGENES  DEPOSITO RECUPERADOR HLRC/HLRC-3269.jpg,,,,MERCURY,SABLE,V6 3.5L,2008-2009
HLRC-3269,Depósito de Anticongelante,LINCOLN,,Depósito de Anticongelante,HLRC-3269,Cotizar,/IMAGENES  DEPOSITO RECUPERADOR HLRC/HLRC-3269.jpg,,,,LINCOLN,MKS,V6 3.5L,2011-2016
HLRC-3269,Depósito de Anticongelante,LINCOLN,,Depósito de Anticongelante,HLRC-3269,Cotizar,/IMAGENES  DEPOSITO RECUPERADOR HLRC/HLRC-3269.jpg,,,,LINCOLN,MKS,V6 3.7L,2011-2016
HLRC-3269,Depósito de Anticongelante,FORD,,Depósito de Anticongelante,HLRC-3269,Cotizar,/IMAGENES  DEPOSITO RECUPERADOR HLRC/HLRC-3269.jpg,,,,FORD,EXPLORER,V6 3.5L,2011-2019
HLRC-3269,Depósito de Anticongelante,FORD,,Depósito de Anticongelante,HLRC-3269,Cotizar,/IMAGENES  DEPOSITO RECUPERADOR HLRC/HLRC-3269.jpg,,,,FORD,TAURUS,V6 3.5L,2011-2019
HLRC-3269,Depósito de Anticongelante,FORD,,Depósito de Anticongelante,HLRC-3269,Cotizar,/IMAGENES  DEPOSITO RECUPERADOR HLRC/HLRC-3269.jpg,,,,FORD,EXPLORER,L4 2.0L,2012-2015
HLRC-3269,Depósito de Anticongelante,FORD,,Depósito de Anticongelante,HLRC-3269,Cotizar,/IMAGENES  DEPOSITO RECUPERADOR HLRC/HLRC-3269.jpg,,,,FORD,TAURUS,L4 2.0L,2013-2017
HLRC-3269,Depósito de Anticongelante,FORD,,Depósito de Anticongelante,HLRC-3269,Cotizar,/IMAGENES  DEPOSITO RECUPERADOR HLRC/HLRC-3269.jpg,,,,FORD,POLICE INTERCEPTOR,V6 3.5L,2013-2019
HLRC-3269,Depósito de Anticongelante,FORD,,Depósito de Anticongelante,HLRC-3269,Cotizar,/IMAGENES  DEPOSITO RECUPERADOR HLRC/HLRC-3269.jpg,,,,FORD,POLICE INTERCEPTOR,V6 3.7L,2013-2019
HLRC-3269,Depósito de Anticongelante,FORD,,Depósito de Anticongelante,HLRC-3269,Cotizar,/IMAGENES  DEPOSITO RECUPERADOR HLRC/HLRC-3269.jpg,,,,FORD,POLICE INTERCEPTOR UTILITY,V6 3.7L,2013-2019
HLRC-3269,Depósito de Anticongelante,FORD,,Depósito de Anticongelante,HLRC-3269,Cotizar,/IMAGENES  DEPOSITO RECUPERADOR HLRC/HLRC-3269.jpg,,,,FORD,SPECIAL SERVICE POLICE,L4 2.0L,2014-2018
HLRC-3269,Depósito de Anticongelante,FORD,,Depósito de Anticongelante,HLRC-3269,Cotizar,/IMAGENES  DEPOSITO RECUPERADOR HLRC/HLRC-3269.jpg,,,,FORD,POLICE INTERCEPTOR UTILITY,V6 3.5L,2014-2019
HLRC-3269,Depósito de Anticongelante,FORD,,Depósito de Anticongelante,HLRC-3269,Cotizar,/IMAGENES  DEPOSITO RECUPERADOR HLRC/HLRC-3269.jpg,,,,FORD,EXPLORER,L4 2.3L,2016-2019
HLRC-3270,Depósito de Anticongelante,HYUNDAI,,Depósito de Anticongelante,HLRC-3270,Cotizar,/IMAGENES  DEPOSITO RECUPERADOR HLRC/HLRC-3270.jpg,,,,HYUNDAI,ACCENT,L4 1.6L,2006-2011
HLRC-3270,Depósito de Anticongelante,KIA,,Depósito de Anticongelante,HLRC-3270,Cotizar,/IMAGENES  DEPOSITO RECUPERADOR HLRC/HLRC-3270.jpg,,,,KIA,RIO,L4 1.6L,2006-2011
HLRC-3270,Depósito de Anticongelante,DODGE/RAM,,Depósito de Anticongelante,HLRC-3270,Cotizar,/IMAGENES  DEPOSITO RECUPERADOR HLRC/HLRC-3270.jpg,,,,DODGE/RAM,ATTITUDE,L4 1.4L,2006-2014
HLRC-3271,Depósito de Anticongelante,FIAT,,Depósito de Anticongelante,HLRC-3271,Cotizar,/IMAGENES  DEPOSITO RECUPERADOR HLRC/HLRC-3271.jpg,,,,FIAT,500X,L4 1.4L,2016 - 2018
HLRC-3271,Depósito de Anticongelante,FIAT,,Depósito de Anticongelante,HLRC-3271,Cotizar,/IMAGENES  DEPOSITO RECUPERADOR HLRC/HLRC-3271.jpg,,,,FIAT,500X,L4 2.4L,2016 - 2018
HLRC-3271,Depósito de Anticongelante,JEEP,,Depósito de Anticongelante,HLRC-3271,Cotizar,/IMAGENES  DEPOSITO RECUPERADOR HLRC/HLRC-3271.jpg,,,,JEEP,COMPASS,L4 2.4L,2015 - 2021
HLRC-3271,Depósito de Anticongelante,JEEP,,Depósito de Anticongelante,HLRC-3271,Cotizar,/IMAGENES  DEPOSITO RECUPERADOR HLRC/HLRC-3271.jpg,,,,JEEP,RENEGADE,L4 1.4L,2015 - 2021
HLRC-3271,Depósito de Anticongelante,JEEP,,Depósito de Anticongelante,HLRC-3271,Cotizar,/IMAGENES  DEPOSITO RECUPERADOR HLRC/HLRC-3271.jpg,,,,JEEP,RENEGADE,L4 1.8L,2015 - 2022
HLRC-3271,Depósito de Anticongelante,JEEP,,Depósito de Anticongelante,HLRC-3271,Cotizar,/IMAGENES  DEPOSITO RECUPERADOR HLRC/HLRC-3271.jpg,,,,JEEP,RENEGADE,L4 2.4L,2015 - 2021
HLRC-3272,Depósito de Anticongelante,RENAULT,,Depósito de Anticongelante,HLRC-3272,Cotizar,/IMAGENES  DEPOSITO RECUPERADOR HLRC/HLRC-3272.jpg,,,,RENAULT,KEID,L3 1.0L,2019-2023
HLRC-3273,Depósito de Anticongelante,VOLKSWAGEN,,Depósito de Anticongelante,HLRC-3273,Cotizar,/IMAGENES  DEPOSITO RECUPERADOR HLRC/HLRC-3273.webp,,,,VOLKSWAGEN,UP ,L3 1.0L,2016-2018
HLRC-3274,Depósito de Anticongelante,CHEVROLET,,Depósito de Anticongelante,HLRC-3274,Cotizar,/IMAGENES  DEPOSITO RECUPERADOR HLRC/HLRC-3274.jpg,,,,CHEVROLET,CAPTIVA,L4 1.5L,2022-2024
HLRC-3275,Depósito de Anticongelante,,,Depósito de Anticongelante,HLRC-3275,Cotizar,/IMAGENES  DEPOSITO RECUPERADOR HLRC/HLRC-3275.jpg,,,,,,,
HLRC-3276,Depósito de Anticongelante,FORD,,Depósito de Anticongelante,HLRC-3276,Cotizar,/IMAGENES  DEPOSITO RECUPERADOR HLRC/HLRC-3276.jpg,,,,FORD,ECOSPORT,L3 1.5L,2018 - 2022
HLRC-3276,Depósito de Anticongelante,FORD,,Depósito de Anticongelante,HLRC-3276,Cotizar,/IMAGENES  DEPOSITO RECUPERADOR HLRC/HLRC-3276.jpg,,,,FORD,ECOSPORT,L4 2.0L,2018 - 2022
HLRC-3276,Depósito de Anticongelante,FORD,,Depósito de Anticongelante,HLRC-3276,Cotizar,/IMAGENES  DEPOSITO RECUPERADOR HLRC/HLRC-3276.jpg,,,,FORD,FIGO,L3 1.5L,2019 - 2022
HLRC-3277,Depósito de Anticongelante,JEEP,,Depósito de Anticongelante,HLRC-3277,Cotizar,/IMAGENES  DEPOSITO RECUPERADOR HLRC/HLRC-3277.jpg,,,,JEEP,WRANGLER,V6 3.8L,2007-2011
HLRC-3278,Depósito de Anticongelante,DOGDE,,Depósito de Anticongelante,HLRC-3278,Cotizar,/IMAGENES  DEPOSITO RECUPERADOR HLRC/HLRC-3278.jpg,,,,DOGDE,RAM 700,L3 1.3L,2021-2023
HLRC-3279,Depósito de Anticongelante,CADILLAC,,Depósito de Anticongelante,HLRC-3279,Cotizar,/IMAGENES  DEPOSITO RECUPERADOR HLRC/HLRC-3279.jpg,,,,CADILLAC,XT4,L4 2.0L,2019 - 2021
HLRC-3279,Depósito de Anticongelante,CADILLAC,,Depósito de Anticongelante,HLRC-3279,Cotizar,/IMAGENES  DEPOSITO RECUPERADOR HLRC/HLRC-3279.jpg,,,,CADILLAC,XT5,V6 3.6L,2016 - 2023
HLRC-3279,Depósito de Anticongelante,CHEVROLET,,Depósito de Anticongelante,HLRC-3279,Cotizar,/IMAGENES  DEPOSITO RECUPERADOR HLRC/HLRC-3279.jpg,,,,CHEVROLET,BLAZER,V6 3.6L,2019 - 2023
HLRC-3279,Depósito de Anticongelante,CHEVROLET,,Depósito de Anticongelante,HLRC-3279,Cotizar,/IMAGENES  DEPOSITO RECUPERADOR HLRC/HLRC-3279.jpg,,,,CHEVROLET,EQUINOX,L4 1.5L,2018 - 2021
HLRC-3279,Depósito de Anticongelante,CHEVROLET,,Depósito de Anticongelante,HLRC-3279,Cotizar,/IMAGENES  DEPOSITO RECUPERADOR HLRC/HLRC-3279.jpg,,,,CHEVROLET,MALIBU,L4 1.5L,2016 - 2018
HLRC-3279,Depósito de Anticongelante,CHEVROLET,,Depósito de Anticongelante,HLRC-3279,Cotizar,/IMAGENES  DEPOSITO RECUPERADOR HLRC/HLRC-3279.jpg,,,,CHEVROLET,MALIBU,L4 2.0L,2016 - 2020
HLRC-3279,Depósito de Anticongelante,GMC,,Depósito de Anticongelante,HLRC-3279,Cotizar,/IMAGENES  DEPOSITO RECUPERADOR HLRC/HLRC-3279.jpg,,,,GMC,ACADIA,V6 3.6L,2017 - 2021
HLRC-3279,Depósito de Anticongelante,GMC,,Depósito de Anticongelante,HLRC-3279,Cotizar,/IMAGENES  DEPOSITO RECUPERADOR HLRC/HLRC-3279.jpg,,,,GMC,TERRAIN,L4 2.0L,2018 - 2021
HLRC-3280,Depósito de Anticongelante,CHEVROLET,,Depósito de Anticongelante,HLRC-3280,Cotizar,/IMAGENES  DEPOSITO RECUPERADOR HLRC/HLRC-3280.jpg,,,,CHEVROLET,EQUINOX,V6 3.4L,2006 - 2009
HLRC-3280,Depósito de Anticongelante,CHEVROLET,,Depósito de Anticongelante,HLRC-3280,Cotizar,/IMAGENES  DEPOSITO RECUPERADOR HLRC/HLRC-3280.jpg,,,,CHEVROLET,EQUINOX,V6 3.6L,2008 - 2009
HLRC-3281,Depósito de Anticongelante,CHEVROLET,,Depósito de Anticongelante,HLRC-3281,Cotizar,/IMAGENES  DEPOSITO RECUPERADOR HLRC/HLRC-3281.jpg,,,,CHEVROLET,AVEO,L4 1.5L,2018 - 2019
HLRC-3282,Depósito de Anticongelante,NISSAN,,Depósito de Anticongelante,HLRC-3282,Cotizar,/IMAGENES  DEPOSITO RECUPERADOR HLRC/HLRC-3282.jpg,,,,NISSAN,ALTIMA,L4 2.4L,1993 - 2001
HLRC-3283,Depósito de Anticongelante,MAZDA,,Depósito de Anticongelante,HLRC-3283,Cotizar,/IMAGENES  DEPOSITO RECUPERADOR HLRC/HLRC-3283.jpg,,,,MAZDA,CX-9,V6 3.5L,2007
HLRC-3283,Depósito de Anticongelante,MAZDA,,Depósito de Anticongelante,HLRC-3283,Cotizar,/IMAGENES  DEPOSITO RECUPERADOR HLRC/HLRC-3283.jpg,,,,MAZDA,CX-10,V6 3.7L,2008-2025
HLRC-3284,Depósito de Anticongelante,DODGE,,Depósito de Anticongelante,HLRC-3284,Cotizar,/IMAGENES  DEPOSITO RECUPERADOR HLRC/HLRC-3284.jpg,,,,DODGE,B150,V6 3.9L,1991 - 1994
HLRC-3284,Depósito de Anticongelante,DODGE,,Depósito de Anticongelante,HLRC-3284,Cotizar,/IMAGENES  DEPOSITO RECUPERADOR HLRC/HLRC-3284.jpg,,,,DODGE,B150,V8 5.2L,1991 - 1994
HLRC-3285,Depósito de Anticongelante,CHRYSLER,,Depósito de Anticongelante,HLRC-3285,Cotizar,/IMAGENES  DEPOSITO RECUPERADOR HLRC/HLRC-3285.jpg,,,,CHRYSLER,GRAND VOYAGER,V6 3.3L,2000 - 2000
HLRC-3285,Depósito de Anticongelante,CHRYSLER,,Depósito de Anticongelante,HLRC-3285,Cotizar,/IMAGENES  DEPOSITO RECUPERADOR HLRC/HLRC-3285.jpg,,,,CHRYSLER,TOWN & COUNTRY,V6 3.3L,2001 - 2003
HLRC-3285,Depósito de Anticongelante,CHRYSLER,,Depósito de Anticongelante,HLRC-3285,Cotizar,/IMAGENES  DEPOSITO RECUPERADOR HLRC/HLRC-3285.jpg,,,,CHRYSLER,TOWN & COUNTRY,V6 3.8L,2001 - 2003
HLRC-3285,Depósito de Anticongelante,CHRYSLER,,Depósito de Anticongelante,HLRC-3285,Cotizar,/IMAGENES  DEPOSITO RECUPERADOR HLRC/HLRC-3285.jpg,,,,CHRYSLER,VOYAGER,L4 2.4L,2001 - 2003
HLRC-3285,Depósito de Anticongelante,CHRYSLER,,Depósito de Anticongelante,HLRC-3285,Cotizar,/IMAGENES  DEPOSITO RECUPERADOR HLRC/HLRC-3285.jpg,,,,CHRYSLER,VOYAGER,V6 3.3L,2001 - 2003
HLRC-3285,Depósito de Anticongelante,DODGE,,Depósito de Anticongelante,HLRC-3285,Cotizar,/IMAGENES  DEPOSITO RECUPERADOR HLRC/HLRC-3285.jpg,,,,DODGE,CARAVAN,L4 2.4L,2001 - 2003
HLRC-3285,Depósito de Anticongelante,DODGE,,Depósito de Anticongelante,HLRC-3285,Cotizar,/IMAGENES  DEPOSITO RECUPERADOR HLRC/HLRC-3285.jpg,,,,DODGE,CARAVAN,V6 3.3L,2001 - 2003
HLRC-3285,Depósito de Anticongelante,DODGE,,Depósito de Anticongelante,HLRC-3285,Cotizar,/IMAGENES  DEPOSITO RECUPERADOR HLRC/HLRC-3285.jpg,,,,DODGE,GRAND CARAVAN,V6 3.3L,2001 - 2003
HLRC-3285,Depósito de Anticongelante,DODGE,,Depósito de Anticongelante,HLRC-3285,Cotizar,/IMAGENES  DEPOSITO RECUPERADOR HLRC/HLRC-3285.jpg,,,,DODGE,GRAND CARAVAN,V6 3.8L,2001 - 2003
HLRC-3286,Depósito de Anticongelante,FORD,,Depósito de Anticongelante,HLRC-3286,Cotizar,/IMAGENES  DEPOSITO RECUPERADOR HLRC/HLRC-3286.jpg,,,,FORD,CONTOUR,L4 2.0L,1998 - 2000
HLRC-3286,Depósito de Anticongelante,MERCURY,,Depósito de Anticongelante,HLRC-3286,Cotizar,/IMAGENES  DEPOSITO RECUPERADOR HLRC/HLRC-3286.jpg,,,,MERCURY,COUGAR,L4 2.0L,1999 - 2002
HLRC-3286,Depósito de Anticongelante,MERCURY,,Depósito de Anticongelante,HLRC-3286,Cotizar,/IMAGENES  DEPOSITO RECUPERADOR HLRC/HLRC-3286.jpg,,,,MERCURY,MYSTIQUE,L4 2.0L,1998 - 2000
HLRC-3287,Depósito de Anticongelante,CHEVROLET,,Depósito de Anticongelante,HLRC-3287,Cotizar,/IMAGENES  DEPOSITO RECUPERADOR HLRC/HLRC-3287.jpg,,,,CHEVROLET,CAVALIER,L4 1.5L,2018 - 2022
HLRC-3288,Depósito de Anticongelante,CHEVROLET,,Depósito de Anticongelante,HLRC-3288,Cotizar,/IMAGENES  DEPOSITO RECUPERADOR HLRC/HLRC-3288.jpg,,,,CHEVROLET,ONIX,L3 1.2L,2021 - 2022
HLRC-3288,Depósito de Anticongelante,CHEVROLET,,Depósito de Anticongelante,HLRC-3288,Cotizar,/IMAGENES  DEPOSITO RECUPERADOR HLRC/HLRC-3288.jpg,,,,CHEVROLET,ONIX,L3 1.0L,2021 - 2023
HLRC-3288,Depósito de Anticongelante,CHEVROLET,,Depósito de Anticongelante,HLRC-3288,Cotizar,/IMAGENES  DEPOSITO RECUPERADOR HLRC/HLRC-3288.jpg,,,,CHEVROLET,TRACKER,L3 1.2L,2021 - 2023
HLRC-3288,Depósito de Anticongelante,CHEVROLET,,Depósito de Anticongelante,HLRC-3288,Cotizar,/IMAGENES  DEPOSITO RECUPERADOR HLRC/HLRC-3288.jpg,,,,CHEVROLET,ONIX,L3 1.3L,2023
HLRC-3289,Depósito de Anticongelante,TOYOTA,,Depósito de Anticongelante,HLRC-3289,Cotizar,/IMAGENES  DEPOSITO RECUPERADOR HLRC/HLRC-3289.jpg,,,,TOYOTA,SIENNA,V6 2.7L,2011-2020
HLRC-3289,Depósito de Anticongelante,TOYOTA,,Depósito de Anticongelante,HLRC-3289,Cotizar,/IMAGENES  DEPOSITO RECUPERADOR HLRC/HLRC-3289.jpg,,,,TOYOTA,SIENNA,V6 3.5L ,2011-2020
HLRC-3290,Depósito de Anticongelante,DODGE,,Depósito de Anticongelante,HLRC-3290,Cotizar,/IMAGENES  DEPOSITO RECUPERADOR HLRC/HLRC-3290.jpg,,,,DODGE,NITRO,V6 3.7L,2006 - 2012
HLRC-3290,Depósito de Anticongelante,DODGE,,Depósito de Anticongelante,HLRC-3290,Cotizar,/IMAGENES  DEPOSITO RECUPERADOR HLRC/HLRC-3290.jpg,,,,DODGE,NITRO,V6 3.7L,2006 - 2012
HLRC-3290,Depósito de Anticongelante,DODGE,,Depósito de Anticongelante,HLRC-3290,Cotizar,/IMAGENES  DEPOSITO RECUPERADOR HLRC/HLRC-3290.jpg,,,,DODGE,NITRO,V6 4.0L,2006 - 2011
HLRC-3290,Depósito de Anticongelante,DODGE,,Depósito de Anticongelante,HLRC-3290,Cotizar,/IMAGENES  DEPOSITO RECUPERADOR HLRC/HLRC-3290.jpg,,,,DODGE,NITRO,V6 4.0L,2006 - 2011
HLRC-3290,Depósito de Anticongelante,DODGE,,Depósito de Anticongelante,HLRC-3290,Cotizar,/IMAGENES  DEPOSITO RECUPERADOR HLRC/HLRC-3290.jpg,,,,DODGE,RAM 1500,V6 3.6L,2013 - 2023
HLRC-3290,Depósito de Anticongelante,DODGE,,Depósito de Anticongelante,HLRC-3290,Cotizar,/IMAGENES  DEPOSITO RECUPERADOR HLRC/HLRC-3290.jpg,,,,DODGE,RAM 1500,V6 3.6L,2013 - 2023
HLRC-3290,Depósito de Anticongelante,DODGE,,Depósito de Anticongelante,HLRC-3290,Cotizar,/IMAGENES  DEPOSITO RECUPERADOR HLRC/HLRC-3290.jpg,,,,DODGE,RAM 1500,V6 3.7L,2008 - 2011
HLRC-3290,Depósito de Anticongelante,DODGE,,Depósito de Anticongelante,HLRC-3290,Cotizar,/IMAGENES  DEPOSITO RECUPERADOR HLRC/HLRC-3290.jpg,,,,DODGE,RAM 1500,V6 3.7L,2008 - 2011
HLRC-3290,Depósito de Anticongelante,DODGE,,Depósito de Anticongelante,HLRC-3290,Cotizar,/IMAGENES  DEPOSITO RECUPERADOR HLRC/HLRC-3290.jpg,,,,DODGE,RAM 2500,V8 5.7L,2011 - 2023
HLRC-3290,Depósito de Anticongelante,DODGE,,Depósito de Anticongelante,HLRC-3290,Cotizar,/IMAGENES  DEPOSITO RECUPERADOR HLRC/HLRC-3290.jpg,,,,DODGE,RAM 2500,V8 5.7L,2011 - 2023
HLRC-3290,Depósito de Anticongelante,JEEP,,Depósito de Anticongelante,HLRC-3290,Cotizar,/IMAGENES  DEPOSITO RECUPERADOR HLRC/HLRC-3290.jpg,,,,JEEP,LIBERTY,V6 3.7L,2007 - 2012
HLRC-3290,Depósito de Anticongelante,JEEP,,Depósito de Anticongelante,HLRC-3290,Cotizar,/IMAGENES  DEPOSITO RECUPERADOR HLRC/HLRC-3290.jpg,,,,JEEP,LIBERTY,V6 3.7L,2007 - 2012
HLRC-3290,Depósito de Anticongelante,RAM,,Depósito de Anticongelante,HLRC-3290,Cotizar,/IMAGENES  DEPOSITO RECUPERADOR HLRC/HLRC-3290.jpg,,,,RAM,1500,V8 5.7L,2013 - 2023
HLRC-3290,Depósito de Anticongelante,RAM,,Depósito de Anticongelante,HLRC-3290,Cotizar,/IMAGENES  DEPOSITO RECUPERADOR HLRC/HLRC-3290.jpg,,,,RAM,1500,V8 5.7L,2013 - 2023
HLRC-3290,Depósito de Anticongelante,RAM,,Depósito de Anticongelante,HLRC-3290,Cotizar,/IMAGENES  DEPOSITO RECUPERADOR HLRC/HLRC-3290.jpg,,,,RAM,4000,V8 5.7L,2010 - 2023
HLRC-3290,Depósito de Anticongelante,RAM,,Depósito de Anticongelante,HLRC-3290,Cotizar,/IMAGENES  DEPOSITO RECUPERADOR HLRC/HLRC-3290.jpg,,,,RAM,4000,V8 5.7L,2010 - 2023
HLRC-3291,Depósito de Anticongelante,HONDA,,Depósito de Anticongelante,HLRC-3291,Cotizar,/IMAGENES  DEPOSITO RECUPERADOR HLRC/HLRC-3291.webp,,,,HONDA,CIVIC ,L4 1.5L,2012-2015
HLRC-3291,Depósito de Anticongelante,HONDA,,Depósito de Anticongelante,HLRC-3291,Cotizar,/IMAGENES  DEPOSITO RECUPERADOR HLRC/HLRC-3291.webp,,,,HONDA,CIVIC ,L4 1.8L,2012-2015
HLRC-3291,Depósito de Anticongelante,HONDA,,Depósito de Anticongelante,HLRC-3291,Cotizar,/IMAGENES  DEPOSITO RECUPERADOR HLRC/HLRC-3291.webp,,,,HONDA,CIVIC ,L4 2.4L,V
HLRC-3292,Depósito de Anticongelante,JEEP,,Depósito de Anticongelante,HLRC-3292,Cotizar,/IMAGENES  DEPOSITO RECUPERADOR HLRC/HLRC-3292.webp,,,,JEEP,GRANDCHEROKEE,V6 3.7L,2005-2010
HLRC-3292,Depósito de Anticongelante,JEEP,,Depósito de Anticongelante,HLRC-3292,Cotizar,/IMAGENES  DEPOSITO RECUPERADOR HLRC/HLRC-3292.webp,,,,JEEP,GRANDCHEROKEE,V8 4.7,2005-2010
HLRC-3292,Depósito de Anticongelante,JEEP,,Depósito de Anticongelante,HLRC-3292,Cotizar,/IMAGENES  DEPOSITO RECUPERADOR HLRC/HLRC-3292.webp,,,,JEEP,GRANDCHEROKEE,V8 5.7L,2005-2010
HLRC-3293,Depósito de Anticongelante,DODGE,,Depósito de Anticongelante,HLRC-3293,Cotizar,/IMAGENES  DEPOSITO RECUPERADOR HLRC/HLRC-3293.webp,,,,DODGE,DAKOTA,V6 3.7L,2005-2007
HLRC-3293,Depósito de Anticongelante,DODGE,,Depósito de Anticongelante,HLRC-3293,Cotizar,/IMAGENES  DEPOSITO RECUPERADOR HLRC/HLRC-3293.webp,,,,DODGE,DAKOTA,V8 4.7L,2005-2007
HLRC-3294,Depósito de Anticongelante,UNIVERSAL,,Depósito de Anticongelante,HLRC-3294,Cotizar,/IMAGENES  DEPOSITO RECUPERADOR HLRC/HLRC-3294.jpg,,,,UNIVERSAL,UNIVERSAL,UNIVERSAL,UNIVERSAL
HLRC-3295,Depósito de Anticongelante,AUDI,,Depósito de Anticongelante,HLRC-3295,Cotizar,/IMAGENES  DEPOSITO RECUPERADOR HLRC/HLRC-3295.jpg,,,,AUDI,A3,L4 1.4L,2014 - 2023
HLRC-3295,Depósito de Anticongelante,AUDI,,Depósito de Anticongelante,HLRC-3295,Cotizar,/IMAGENES  DEPOSITO RECUPERADOR HLRC/HLRC-3295.jpg,,,,AUDI,A3,L4 1.8L,2012 - 2016
HLRC-3295,Depósito de Anticongelante,AUDI,,Depósito de Anticongelante,HLRC-3295,Cotizar,/IMAGENES  DEPOSITO RECUPERADOR HLRC/HLRC-3295.jpg,,,,AUDI,A3,L4 2.0L,2016 - 2023
HLRC-3295,Depósito de Anticongelante,AUDI,,Depósito de Anticongelante,HLRC-3295,Cotizar,/IMAGENES  DEPOSITO RECUPERADOR HLRC/HLRC-3295.jpg,,,,AUDI,A6,L4 2.0L,2021 - 2025
HLRC-3295,Depósito de Anticongelante,AUDI,,Depósito de Anticongelante,HLRC-3295,Cotizar,/IMAGENES  DEPOSITO RECUPERADOR HLRC/HLRC-3295.jpg,,,,AUDI,A7,L4 2.0L,2021 - 2025
HLRC-3295,Depósito de Anticongelante,AUDI,,Depósito de Anticongelante,HLRC-3295,Cotizar,/IMAGENES  DEPOSITO RECUPERADOR HLRC/HLRC-3295.jpg,,,,AUDI,Q2,L4 1.4L,2018 - 2023
HLRC-3295,Depósito de Anticongelante,AUDI,,Depósito de Anticongelante,HLRC-3295,Cotizar,/IMAGENES  DEPOSITO RECUPERADOR HLRC/HLRC-3295.jpg,,,,AUDI,Q2,L4 2.0L,2018 - 2020
HLRC-3295,Depósito de Anticongelante,AUDI,,Depósito de Anticongelante,HLRC-3295,Cotizar,/IMAGENES  DEPOSITO RECUPERADOR HLRC/HLRC-3295.jpg,,,,AUDI,Q3,L4 1.4L,2019 - 2023
HLRC-3295,Depósito de Anticongelante,AUDI,,Depósito de Anticongelante,HLRC-3295,Cotizar,/IMAGENES  DEPOSITO RECUPERADOR HLRC/HLRC-3295.jpg,,,,AUDI,Q3,L4 2.0L,2019 - 2023
HLRC-3295,Depósito de Anticongelante,AUDI,,Depósito de Anticongelante,HLRC-3295,Cotizar,/IMAGENES  DEPOSITO RECUPERADOR HLRC/HLRC-3295.jpg,,,,AUDI,S3,L4 2.0L,2016 - 2020
HLRC-3295,Depósito de Anticongelante,AUDI,,Depósito de Anticongelante,HLRC-3295,Cotizar,/IMAGENES  DEPOSITO RECUPERADOR HLRC/HLRC-3295.jpg,,,,AUDI,TT,L4 1.8L,2014 - 2018
HLRC-3295,Depósito de Anticongelante,AUDI,,Depósito de Anticongelante,HLRC-3295,Cotizar,/IMAGENES  DEPOSITO RECUPERADOR HLRC/HLRC-3295.jpg,,,,AUDI,TT,L4 2.0L,2016 - 2022
HLRC-3295,Depósito de Anticongelante,SEAT,,Depósito de Anticongelante,HLRC-3295,Cotizar,/IMAGENES  DEPOSITO RECUPERADOR HLRC/HLRC-3295.jpg,,,,SEAT,ATECA,L4 1.4L,2017 - 2025
HLRC-3295,Depósito de Anticongelante,SEAT,,Depósito de Anticongelante,HLRC-3295,Cotizar,/IMAGENES  DEPOSITO RECUPERADOR HLRC/HLRC-3295.jpg,,,,SEAT,LEON,L4 1.4L,2013 - 2021
HLRC-3295,Depósito de Anticongelante,SEAT,,Depósito de Anticongelante,HLRC-3295,Cotizar,/IMAGENES  DEPOSITO RECUPERADOR HLRC/HLRC-3295.jpg,,,,SEAT,LEON,L4 2.0L,2015 - 2019
HLRC-3295,Depósito de Anticongelante,VOLKSWAGEN,,Depósito de Anticongelante,HLRC-3295,Cotizar,/IMAGENES  DEPOSITO RECUPERADOR HLRC/HLRC-3295.jpg,,,,VOLKSWAGEN,CROSSGOLF,L4 1.4L,2017 - 2017
HLRC-3295,Depósito de Anticongelante,VOLKSWAGEN,,Depósito de Anticongelante,HLRC-3295,Cotizar,/IMAGENES  DEPOSITO RECUPERADOR HLRC/HLRC-3295.jpg,,,,VOLKSWAGEN,GOLF,L4 1.4L,2015 - 2023
HLRC-3295,Depósito de Anticongelante,VOLKSWAGEN,,Depósito de Anticongelante,HLRC-3295,Cotizar,/IMAGENES  DEPOSITO RECUPERADOR HLRC/HLRC-3295.jpg,,,,VOLKSWAGEN,GOLF,L4 1.8L,2015 - 2019
HLRC-3295,Depósito de Anticongelante,VOLKSWAGEN,,Depósito de Anticongelante,HLRC-3295,Cotizar,/IMAGENES  DEPOSITO RECUPERADOR HLRC/HLRC-3295.jpg,,,,VOLKSWAGEN,GOLF R,L4 2.0L,2015 - 2023
HLRC-3295,Depósito de Anticongelante,VOLKSWAGEN,,Depósito de Anticongelante,HLRC-3295,Cotizar,/IMAGENES  DEPOSITO RECUPERADOR HLRC/HLRC-3295.jpg,,,,VOLKSWAGEN,GOLF TDI,L4 2.0L,2015 - 2015
HLRC-3295,Depósito de Anticongelante,VOLKSWAGEN,,Depósito de Anticongelante,HLRC-3295,Cotizar,/IMAGENES  DEPOSITO RECUPERADOR HLRC/HLRC-3295.jpg,,,,VOLKSWAGEN,GTI,L4 2.0L,2015 - 2021
HLRC-3295,Depósito de Anticongelante,VOLKSWAGEN,,Depósito de Anticongelante,HLRC-3295,Cotizar,/IMAGENES  DEPOSITO RECUPERADOR HLRC/HLRC-3295.jpg,,,,VOLKSWAGEN,JETTA,L4 1.4,2018 - 2025
HLRC-3295,Depósito de Anticongelante,VOLKSWAGEN,,Depósito de Anticongelante,HLRC-3295,Cotizar,/IMAGENES  DEPOSITO RECUPERADOR HLRC/HLRC-3295.jpg,,,,VOLKSWAGEN,JETTA,L4 2.0L,2019 - 2025
HLRC-3295,Depósito de Anticongelante,VOLKSWAGEN,,Depósito de Anticongelante,HLRC-3295,Cotizar,/IMAGENES  DEPOSITO RECUPERADOR HLRC/HLRC-3295.jpg,,,,VOLKSWAGEN,TERAMONT,L4 2.0L,2018 - 2023
HLRC-3295,Depósito de Anticongelante,VOLKSWAGEN,,Depósito de Anticongelante,HLRC-3295,Cotizar,/IMAGENES  DEPOSITO RECUPERADOR HLRC/HLRC-3295.jpg,,,,VOLKSWAGEN,TERAMONT,V6 3.6L,2016 - 2023
HLRC-3295,Depósito de Anticongelante,VOLKSWAGEN,,Depósito de Anticongelante,HLRC-3295,Cotizar,/IMAGENES  DEPOSITO RECUPERADOR HLRC/HLRC-3295.jpg,,,,VOLKSWAGEN,TIGUAN,L4 1.4L,2018 - 2025
HLRC-3295,Depósito de Anticongelante,VOLKSWAGEN,,Depósito de Anticongelante,HLRC-3295,Cotizar,/IMAGENES  DEPOSITO RECUPERADOR HLRC/HLRC-3295.jpg,,,,VOLKSWAGEN,TIGUAN,L4 2.0L,2018 - 2023
HLRC-3296,Depósito de Anticongelante,CHEVROLET,,Depósito de Anticongelante,HLRC-3296,Cotizar,/IMAGENES  DEPOSITO RECUPERADOR HLRC/HLRC-3296.jpg,,,,CHEVROLET,TORNADO VAN,L4 1.5L,2021 - 2023
HLRC-3297,Depósito de Anticongelante,DODGE/RAM,,Depósito de Anticongelante,HLRC-3297,Cotizar,/IMAGENES  DEPOSITO RECUPERADOR HLRC/HLRC-3297.jpg,,,,DODGE/RAM,NEON,L4 1.6L,2017-2020
HLRC-3297,Depósito de Anticongelante,JEEP,,Depósito de Anticongelante,HLRC-3297,Cotizar,/IMAGENES  DEPOSITO RECUPERADOR HLRC/HLRC-3297.jpg,,,,JEEP,COMPASS,L4 2.4L,2017-2022
HLRC-3298,Depósito de Anticongelante,CHEVROLET,,Depósito de Anticongelante,HLRC-3298,Cotizar,/IMAGENES  DEPOSITO RECUPERADOR HLRC/HLRC-3298.webp,,,,CHEVROLET,S10,L4 2.5L,2016-2018
HLRC-3299,Depósito de Anticongelante,,,Depósito de Anticongelante,HLRC-3299,Cotizar,/IMAGENES  DEPOSITO RECUPERADOR HLRC/HLRC-3299.jpg,,,,,,,
HLRC-3300,Depósito de Anticongelante,DODGE,,Depósito de Anticongelante,HLRC-3300,Cotizar,/IMAGENES  DEPOSITO RECUPERADOR HLRC/HLRC-3300.jpg,,,,DODGE,JOURNEY,L4 1.5L,2022-2024
HLRC-3301,Depósito de Anticongelante,KIA,,Depósito de Anticongelante,HLRC-3301,Cotizar,/IMAGENES  DEPOSITO RECUPERADOR HLRC/HLRC-3301.jpg,,,,KIA,OPTIMA,L4 2.0L,2016 - 2020
HLRC-3301,Depósito de Anticongelante,KIA,,Depósito de Anticongelante,HLRC-3301,Cotizar,/IMAGENES  DEPOSITO RECUPERADOR HLRC/HLRC-3301.jpg,,,,KIA,OPTIMA,L4 2.0L,2016 - 2020
HLRC-3302,Depósito de Anticongelante,FIAT,,Depósito de Anticongelante,HLRC-3302,Cotizar,/IMAGENES  DEPOSITO RECUPERADOR HLRC/HLRC-3302.jpg,,,,FIAT,UNO,L4 1.4L,2016-2021
HLRC-3302,Depósito de Anticongelante,FIAT,,Depósito de Anticongelante,HLRC-3302,Cotizar,/IMAGENES  DEPOSITO RECUPERADOR HLRC/HLRC-3302.jpg,,,,FIAT,MOBI,L4 1.0L,2017-2021
HLRC-3302,Depósito de Anticongelante,DODGE/RAM,,Depósito de Anticongelante,HLRC-3302,Cotizar,/IMAGENES  DEPOSITO RECUPERADOR HLRC/HLRC-3302.jpg,,,,DODGE/RAM,700,L4 1.3L,2021-2023
HLRC-3303,Depósito de Anticongelante,HYNDAI,,Depósito de Anticongelante,HLRC-3303,Cotizar,/IMAGENES  DEPOSITO RECUPERADOR HLRC/HLRC-3303.jpg,,,,HYNDAI,I10,L4 1.1L,2001-2011
HLRC-3304,Depósito de Anticongelante,FIAT,,Depósito de Anticongelante,HLRC-3304,Cotizar,/IMAGENES  DEPOSITO RECUPERADOR HLRC/HLRC-3304.jpg,,,,FIAT,1,L4 1.4L,2017-2024
HLRC-3304,Depósito de Anticongelante,FIAT,,Depósito de Anticongelante,HLRC-3304,Cotizar,/IMAGENES  DEPOSITO RECUPERADOR HLRC/HLRC-3304.jpg,,,,FIAT,MOBI,L4 1.0L,2017-2024
HLRC-3304,Depósito de Anticongelante,DODGE,,Depósito de Anticongelante,HLRC-3304,Cotizar,/IMAGENES  DEPOSITO RECUPERADOR HLRC/HLRC-3304.jpg,,,,DODGE,RAM PRO MASTER,L4 1.4,2017-2024
HLRC-3305,Depósito de Anticongelante,DODGE,,Depósito de Anticongelante,HLRC-3305,Cotizar,/IMAGENES  DEPOSITO RECUPERADOR HLRC/HLRC-3305.webp,,,,DODGE,RAM PRO MASTER,L4 1.4L,2018
HLTA-2000,Toma de agua,POLAR,TOMA DE AGUA,TOMA DE AGUA,HLTA-2000,Cotizar,/IMAGENES TOMAS DE AGUA HLTA/HLTA-2000.jpg,,,,VOLKSWAGEN,POLO,L4 2.0L,2003-2011
HLTA-2001,Toma de agua,POLAR,TOMA DE AGUA,TOMA DE AGUA,HLTA-2001,Cotizar,/IMAGENES TOMAS DE AGUA HLTA/HLTA-2001.jpg,,,,VOLKSWAGEN,BEETLE,L4 1.8L,1999 - 2005
HLTA-2002,Toma de agua,POLAR,TOMA DE AGUA,TOMA DE AGUA,HLTA-2002,Cotizar,/IMAGENES TOMAS DE AGUA HLTA/HLTA-2002.jpg,,,,VOLKSWAGEN,GOLF,L4 1.8L,1998 - 2001
HLTA-2002,Toma de agua,POLAR,TOMA DE AGUA,TOMA DE AGUA,HLTA-2002,Cotizar,/IMAGENES TOMAS DE AGUA HLTA/HLTA-2002.jpg,,,,VOLKSWAGEN,GOLF,L4 2.0L,1999 - 2001
HLTA-2002,Toma de agua,POLAR,TOMA DE AGUA,TOMA DE AGUA,HLTA-2002,Cotizar,/IMAGENES TOMAS DE AGUA HLTA/HLTA-2002.jpg,,,,VOLKSWAGEN,GOLF,V6 2.8L,1999 - 2001
HLTA-2003,Toma de agua,POLAR,TOMA DE AGUA,TOMA DE AGUA,HLTA-2003,Cotizar,/IMAGENES TOMAS DE AGUA HLTA/HLTA-2003.jpg,,,,VOLKSWAGEN,BORA,L5 2.5L,2006 - 2010
HLTA-2003,Toma de agua,POLAR,TOMA DE AGUA,TOMA DE AGUA,HLTA-2003,Cotizar,/IMAGENES TOMAS DE AGUA HLTA/HLTA-2003.jpg,,,,VOLKSWAGEN,GOLF,L4 2.0L,2006 - 2012
HLTA-2003,Toma de agua,POLAR,TOMA DE AGUA,TOMA DE AGUA,HLTA-2003,Cotizar,/IMAGENES TOMAS DE AGUA HLTA/HLTA-2003.jpg,,,,VOLKSWAGEN,GOLF,L4 2.0L,2006 - 2012
HLTA-2004,Toma de agua,POLAR,TOMA DE AGUA,TOMA DE AGUA,HLTA-2004,Cotizar,/IMAGENES TOMAS DE AGUA HLTA/HLTA-2004.jpg,,,,AUDI,A3,L4 2.0L,2006 - 2008
HLTA-2004,Toma de agua,POLAR,TOMA DE AGUA,TOMA DE AGUA,HLTA-2004,Cotizar,/IMAGENES TOMAS DE AGUA HLTA/HLTA-2004.jpg,,,,AUDI,TT,L4 2.0L,2008 - 2009
HLTA-2004,Toma de agua,POLAR,TOMA DE AGUA,TOMA DE AGUA,HLTA-2004,Cotizar,/IMAGENES TOMAS DE AGUA HLTA/HLTA-2004.jpg,,,,AUDI,TT Quattro,L4 2.0L,2009 - 2014
HLTA-2004,Toma de agua,POLAR,TOMA DE AGUA,TOMA DE AGUA,HLTA-2004,Cotizar,/IMAGENES TOMAS DE AGUA HLTA/HLTA-2004.jpg,,,,VOLKSWAGEN,BORA,L4 2.0L,2006 - 2010
HLTA-2004,Toma de agua,POLAR,TOMA DE AGUA,TOMA DE AGUA,HLTA-2004,Cotizar,/IMAGENES TOMAS DE AGUA HLTA/HLTA-2004.jpg,,,,VOLKSWAGEN,GOLF,L4 2.0L,2012 - 2013
HLTA-2004,Toma de agua,POLAR,TOMA DE AGUA,TOMA DE AGUA,HLTA-2004,Cotizar,/IMAGENES TOMAS DE AGUA HLTA/HLTA-2004.jpg,,,,VOLKSWAGEN,PASSAT,L4 2.0L,2005 - 2010
HLTA-2005,Toma de agua,POLAR,TOMA DE AGUA,TOMA DE AGUA,HLTA-2005,Cotizar,/IMAGENES TOMAS DE AGUA HLTA/HLTA-2005.jpg,,,,AUDI,TT,L4 1.8L,2000 - 2002
HLTA-2005,Toma de agua,POLAR,TOMA DE AGUA,TOMA DE AGUA,HLTA-2005,Cotizar,/IMAGENES TOMAS DE AGUA HLTA/HLTA-2005.jpg,,,,AUDI,TT Quattro,L4 1.8L,2000 - 2002
HLTA-2005,Toma de agua,POLAR,TOMA DE AGUA,TOMA DE AGUA,HLTA-2005,Cotizar,/IMAGENES TOMAS DE AGUA HLTA/HLTA-2005.jpg,,,,VOLKSWAGEN,BEETLE,L4 2.0L,1998 - 2000
HLTA-2005,Toma de agua,POLAR,TOMA DE AGUA,TOMA DE AGUA,HLTA-2005,Cotizar,/IMAGENES TOMAS DE AGUA HLTA/HLTA-2005.jpg,,,,VOLKSWAGEN,GOLF,L4 1.8L,2000 - 2001
HLTA-2005,Toma de agua,POLAR,TOMA DE AGUA,TOMA DE AGUA,HLTA-2005,Cotizar,/IMAGENES TOMAS DE AGUA HLTA/HLTA-2005.jpg,,,,VOLKSWAGEN,GOLF,L4 2.0L,1999 - 2001
HLTA-2005,Toma de agua,POLAR,TOMA DE AGUA,TOMA DE AGUA,HLTA-2005,Cotizar,/IMAGENES TOMAS DE AGUA HLTA/HLTA-2005.jpg,,,,VOLKSWAGEN,JETTA,L4 1.8L,2000 - 2001
HLTA-2005,Toma de agua,POLAR,TOMA DE AGUA,TOMA DE AGUA,HLTA-2005,Cotizar,/IMAGENES TOMAS DE AGUA HLTA/HLTA-2005.jpg,,,,VOLKSWAGEN,JETTA,L4 2.0L,1999 - 2001
HLTA-2006,Toma de agua,POLAR,TOMA DE AGUA,TOMA DE AGUA,HLTA-2006,Cotizar,/IMAGENES TOMAS DE AGUA HLTA/HLTA-2006.jpg,,,,AUDI,A3,L4 2.0L,2006 - 2011
HLTA-2006,Toma de agua,POLAR,TOMA DE AGUA,TOMA DE AGUA,HLTA-2006,Cotizar,/IMAGENES TOMAS DE AGUA HLTA/HLTA-2006.jpg,,,,AUDI,A3,L4 2.0L,2009 - 2011
HLTA-2006,Toma de agua,POLAR,TOMA DE AGUA,TOMA DE AGUA,HLTA-2006,Cotizar,/IMAGENES TOMAS DE AGUA HLTA/HLTA-2006.jpg,,,,AUDI,A3,L4 2.0L,2010 - 2011
HLTA-2006,Toma de agua,POLAR,TOMA DE AGUA,TOMA DE AGUA,HLTA-2006,Cotizar,/IMAGENES TOMAS DE AGUA HLTA/HLTA-2006.jpg,,,,AUDI,A3,V6 3.2L,2008 - 2009
HLTA-2006,Toma de agua,POLAR,TOMA DE AGUA,TOMA DE AGUA,HLTA-2006,Cotizar,/IMAGENES TOMAS DE AGUA HLTA/HLTA-2006.jpg,,,,AUDI,TT,L4 1.8L,2003 - 2006
HLTA-2006,Toma de agua,POLAR,TOMA DE AGUA,TOMA DE AGUA,HLTA-2006,Cotizar,/IMAGENES TOMAS DE AGUA HLTA/HLTA-2006.jpg,,,,AUDI,TT Quattro,L4 1.8L,2003 - 2006
HLTA-2007,Toma de agua,POLAR,TOMA DE AGUA,TOMA DE AGUA,HLTA-2007,Cotizar,/IMAGENES TOMAS DE AGUA HLTA/HLTA-2007.jpg,,,,AUDI,TT,L4 1.8L,1999 - 2006
HLTA-2007,Toma de agua,POLAR,TOMA DE AGUA,TOMA DE AGUA,HLTA-2007,Cotizar,/IMAGENES TOMAS DE AGUA HLTA/HLTA-2007.jpg,,,,AUDI,TT Quattro,L4 1.8L,1999 - 2006
HLTA-2007,Toma de agua,POLAR,TOMA DE AGUA,TOMA DE AGUA,HLTA-2007,Cotizar,/IMAGENES TOMAS DE AGUA HLTA/HLTA-2007.jpg,,,,VOLKSWAGEN,BEETLE,L4 1.8L,2001 - 2001
HLTA-2007,Toma de agua,POLAR,TOMA DE AGUA,TOMA DE AGUA,HLTA-2007,Cotizar,/IMAGENES TOMAS DE AGUA HLTA/HLTA-2007.jpg,,,,VOLKSWAGEN,BEETLE,L4 2.0L,1999 - 2001
HLTA-2007,Toma de agua,POLAR,TOMA DE AGUA,TOMA DE AGUA,HLTA-2007,Cotizar,/IMAGENES TOMAS DE AGUA HLTA/HLTA-2007.jpg,,,,VOLKSWAGEN,GOLF,L4 1.8L,2000 - 2002
HLTA-2007,Toma de agua,POLAR,TOMA DE AGUA,TOMA DE AGUA,HLTA-2007,Cotizar,/IMAGENES TOMAS DE AGUA HLTA/HLTA-2007.jpg,,,,VOLKSWAGEN,GOLF,L4 2.0L,1999 - 2006
HLTA-2007,Toma de agua,POLAR,TOMA DE AGUA,TOMA DE AGUA,HLTA-2007,Cotizar,/IMAGENES TOMAS DE AGUA HLTA/HLTA-2007.jpg,,,,VOLKSWAGEN,JETTA,L4 1.8L,2001 - 2005
HLTA-2007,Toma de agua,POLAR,TOMA DE AGUA,TOMA DE AGUA,HLTA-2007,Cotizar,/IMAGENES TOMAS DE AGUA HLTA/HLTA-2007.jpg,,,,VOLKSWAGEN,JETTA,L4 2.0L,1999 - 2005
HLTA-2007,Toma de agua,POLAR,TOMA DE AGUA,TOMA DE AGUA,HLTA-2007,Cotizar,/IMAGENES TOMAS DE AGUA HLTA/HLTA-2007.jpg,,,,VOLKSWAGEN,PASSAT,L4 1.8L,2001 - 2005
HLTA-2008,Toma de agua,POLAR,TOMA DE AGUA,TOMA DE AGUA,HLTA-2008,Cotizar,/IMAGENES TOMAS DE AGUA HLTA/HLTA-2008.jpg,,,,VOLKSWAGEN,JETTA,L4 1.9L,1999 - 2004
HLTA-2009,Toma de agua,POLAR,TOMA DE AGUA,TOMA DE AGUA,HLTA-2009,Cotizar,/IMAGENES TOMAS DE AGUA HLTA/HLTA-2009.jpg,,,,AUDI,A3,L4 1.8L,1998 - 2004
HLTA-2009,Toma de agua,POLAR,TOMA DE AGUA,TOMA DE AGUA,HLTA-2009,Cotizar,/IMAGENES TOMAS DE AGUA HLTA/HLTA-2009.jpg,,,,AUDI,S3,L4 1.8L,2000 - 2004
HLTA-2009,Toma de agua,POLAR,TOMA DE AGUA,TOMA DE AGUA,HLTA-2009,Cotizar,/IMAGENES TOMAS DE AGUA HLTA/HLTA-2009.jpg,,,,AUDI,TT,L4 1.8L,2000 - 2006
HLTA-2009,Toma de agua,POLAR,TOMA DE AGUA,TOMA DE AGUA,HLTA-2009,Cotizar,/IMAGENES TOMAS DE AGUA HLTA/HLTA-2009.jpg,,,,SEAT,CORDOBA,L4 1.6L,2001 - 2006
HLTA-2009,Toma de agua,POLAR,TOMA DE AGUA,TOMA DE AGUA,HLTA-2009,Cotizar,/IMAGENES TOMAS DE AGUA HLTA/HLTA-2009.jpg,,,,SEAT,IBIZA,L4 1.6L,2001 - 2006
HLTA-2009,Toma de agua,POLAR,TOMA DE AGUA,TOMA DE AGUA,HLTA-2009,Cotizar,/IMAGENES TOMAS DE AGUA HLTA/HLTA-2009.jpg,,,,SEAT,IBIZA,L4 1.8L,2005 - 2006
HLTA-2009,Toma de agua,POLAR,TOMA DE AGUA,TOMA DE AGUA,HLTA-2009,Cotizar,/IMAGENES TOMAS DE AGUA HLTA/HLTA-2009.jpg,,,,SEAT,LEON,L4 1.8L,2001 - 2006
HLTA-2009,Toma de agua,POLAR,TOMA DE AGUA,TOMA DE AGUA,HLTA-2009,Cotizar,/IMAGENES TOMAS DE AGUA HLTA/HLTA-2009.jpg,,,,SEAT,TOLEDO,L4 1.8L,2001 - 2005
HLTA-2009,Toma de agua,POLAR,TOMA DE AGUA,TOMA DE AGUA,HLTA-2009,Cotizar,/IMAGENES TOMAS DE AGUA HLTA/HLTA-2009.jpg,,,,VOLKSWAGEN,BEETLE,L4 1.8L,1999 - 2005
HLTA-2009,Toma de agua,POLAR,TOMA DE AGUA,TOMA DE AGUA,HLTA-2009,Cotizar,/IMAGENES TOMAS DE AGUA HLTA/HLTA-2009.jpg,,,,VOLKSWAGEN,BEETLE,L4 2.0L,1998 - 2011
HLTA-2009,Toma de agua,POLAR,TOMA DE AGUA,TOMA DE AGUA,HLTA-2009,Cotizar,/IMAGENES TOMAS DE AGUA HLTA/HLTA-2009.jpg,,,,VOLKSWAGEN,CLASICO,L4 2.0L,2009 - 2015
HLTA-2009,Toma de agua,POLAR,TOMA DE AGUA,TOMA DE AGUA,HLTA-2009,Cotizar,/IMAGENES TOMAS DE AGUA HLTA/HLTA-2009.jpg,,,,VOLKSWAGEN,GOLF,L4 1.8L,1997 - 2001
HLTA-2009,Toma de agua,POLAR,TOMA DE AGUA,TOMA DE AGUA,HLTA-2009,Cotizar,/IMAGENES TOMAS DE AGUA HLTA/HLTA-2009.jpg,,,,VOLKSWAGEN,GOLF,L4 2.0L,1999 - 2006
HLTA-2009,Toma de agua,POLAR,TOMA DE AGUA,TOMA DE AGUA,HLTA-2009,Cotizar,/IMAGENES TOMAS DE AGUA HLTA/HLTA-2009.jpg,,,,VOLKSWAGEN,GTI,L4 1.8L,2000 - 2006
HLTA-2009,Toma de agua,POLAR,TOMA DE AGUA,TOMA DE AGUA,HLTA-2009,Cotizar,/IMAGENES TOMAS DE AGUA HLTA/HLTA-2009.jpg,,,,VOLKSWAGEN,JETTA,L4 1.8L,1997 - 2005
HLTA-2009,Toma de agua,POLAR,TOMA DE AGUA,TOMA DE AGUA,HLTA-2009,Cotizar,/IMAGENES TOMAS DE AGUA HLTA/HLTA-2009.jpg,,,,VOLKSWAGEN,JETTA,L4 2.0L,1999 - 2010
HLTA-2009,Toma de agua,POLAR,TOMA DE AGUA,TOMA DE AGUA,HLTA-2009,Cotizar,/IMAGENES TOMAS DE AGUA HLTA/HLTA-2009.jpg,,,,VOLKSWAGEN,LUPO,L4 1.6L,2005 - 2006
HLTA-2009,Toma de agua,POLAR,TOMA DE AGUA,TOMA DE AGUA,HLTA-2009,Cotizar,/IMAGENES TOMAS DE AGUA HLTA/HLTA-2009.jpg,,,,VOLKSWAGEN,PASSAT,L4 1.8L,1998 - 2005
HLTA-2009,Toma de agua,POLAR,TOMA DE AGUA,TOMA DE AGUA,HLTA-2009,Cotizar,/IMAGENES TOMAS DE AGUA HLTA/HLTA-2009.jpg,,,,VOLKSWAGEN,POLO,L4 1.6L,2003 - 2006
HLTA-2009,Toma de agua,POLAR,TOMA DE AGUA,TOMA DE AGUA,HLTA-2009,Cotizar,/IMAGENES TOMAS DE AGUA HLTA/HLTA-2009.jpg,,,,VOLKSWAGEN,POLO,L4 2.0L,2003 - 2006
HLTA-2010,Toma de agua,POLAR,TOMA DE AGUA,TOMA DE AGUA,HLTA-2010,Cotizar,/IMAGENES TOMAS DE AGUA HLTA/HLTA-2010.jpg,,,,VOLKSWAGEN,BEETLE,L5 2.5L,2006 - 2010
HLTA-2010,Toma de agua,POLAR,TOMA DE AGUA,TOMA DE AGUA,HLTA-2010,Cotizar,/IMAGENES TOMAS DE AGUA HLTA/HLTA-2010.jpg,,,,VOLKSWAGEN,BORA,L5 2.5L,2005 - 2010
HLTA-2010,Toma de agua,POLAR,TOMA DE AGUA,TOMA DE AGUA,HLTA-2010,Cotizar,/IMAGENES TOMAS DE AGUA HLTA/HLTA-2010.jpg,,,,VOLKSWAGEN,GOLF,L5 2.5L,2010 - 2010
HLTA-2010,Toma de agua,POLAR,TOMA DE AGUA,TOMA DE AGUA,HLTA-2010,Cotizar,/IMAGENES TOMAS DE AGUA HLTA/HLTA-2010.jpg,,,,VOLKSWAGEN,JETTA,L5 2.5L,2011 - 2018
HLTA-2010,Toma de agua,POLAR,TOMA DE AGUA,TOMA DE AGUA,HLTA-2010,Cotizar,/IMAGENES TOMAS DE AGUA HLTA/HLTA-2010.jpg,,,,VOLKSWAGEN,RABBIT,L5 2.5L,2006 - 2009
HLTA-2011,Toma de agua,POLAR,TOMA DE AGUA,TOMA DE AGUA,HLTA-2011,Cotizar,/IMAGENES TOMAS DE AGUA HLTA/HLTA-2011.jpg,,,,VOLKSWAGEN,GOLF,L4 1.8L,1993 - 2005
HLTA-2011,Toma de agua,POLAR,TOMA DE AGUA,TOMA DE AGUA,HLTA-2011,Cotizar,/IMAGENES TOMAS DE AGUA HLTA/HLTA-2011.jpg,,,,VOLKSWAGEN,JETTA,L4 1.8L,1999 - 2015
HLTA-2011,Toma de agua,POLAR,TOMA DE AGUA,TOMA DE AGUA,HLTA-2011,Cotizar,/IMAGENES TOMAS DE AGUA HLTA/HLTA-2011.jpg,,,,VOLKSWAGEN,JETTA,L4 1.9L,1997 - 2005
HLTA-2011,Toma de agua,POLAR,TOMA DE AGUA,TOMA DE AGUA,HLTA-2011,Cotizar,/IMAGENES TOMAS DE AGUA HLTA/HLTA-2011.jpg,,,,VOLKSWAGEN,PASSAT,L4 1.9L,1995 - 1997
HLTA-2012,Toma de agua,POLAR,TOMA DE AGUA,TOMA DE AGUA,HLTA-2012,Cotizar,/IMAGENES TOMAS DE AGUA HLTA/HLTA-2012.jpg,,,,AUDI,TT,L4 1.8L,1999 - 2006
HLTA-2012,Toma de agua,POLAR,TOMA DE AGUA,TOMA DE AGUA,HLTA-2012,Cotizar,/IMAGENES TOMAS DE AGUA HLTA/HLTA-2012.jpg,,,,VOLKSWAGEN,GOLF,L4 1.8L,1999 - 2006
HLTA-2012,Toma de agua,POLAR,TOMA DE AGUA,TOMA DE AGUA,HLTA-2012,Cotizar,/IMAGENES TOMAS DE AGUA HLTA/HLTA-2012.jpg,,,,VOLKSWAGEN,JETTA,L4 1.8L,1999 - 2005
HLTA-2013,Toma de agua,POLAR,TOMA DE AGUA,TOMA DE AGUA,HLTA-2013,Cotizar,/IMAGENES TOMAS DE AGUA HLTA/HLTA-2013.jpg,,,,AUDI,A4,L4 1.8L,2010 - 2015
HLTA-2013,Toma de agua,POLAR,TOMA DE AGUA,TOMA DE AGUA,HLTA-2013,Cotizar,/IMAGENES TOMAS DE AGUA HLTA/HLTA-2013.jpg,,,,AUDI,A4 Quattro,V6 3.0L,2013 - 2014
HLTA-2013,Toma de agua,POLAR,TOMA DE AGUA,TOMA DE AGUA,HLTA-2013,Cotizar,/IMAGENES TOMAS DE AGUA HLTA/HLTA-2013.jpg,,,,AUDI,A5,V6 3.0L,2015 - 2015
HLTA-2013,Toma de agua,POLAR,TOMA DE AGUA,TOMA DE AGUA,HLTA-2013,Cotizar,/IMAGENES TOMAS DE AGUA HLTA/HLTA-2013.jpg,,,,AUDI,A5 Quattro,V6 3.0L,2012 - 2014
HLTA-2013,Toma de agua,POLAR,TOMA DE AGUA,TOMA DE AGUA,HLTA-2013,Cotizar,/IMAGENES TOMAS DE AGUA HLTA/HLTA-2013.jpg,,,,AUDI,A6 Quattro,V6 3.0L,2009 - 2014
HLTA-2013,Toma de agua,POLAR,TOMA DE AGUA,TOMA DE AGUA,HLTA-2013,Cotizar,/IMAGENES TOMAS DE AGUA HLTA/HLTA-2013.jpg,,,,AUDI,A7,V6 3.0L,2010 - 2012
HLTA-2013,Toma de agua,POLAR,TOMA DE AGUA,TOMA DE AGUA,HLTA-2013,Cotizar,/IMAGENES TOMAS DE AGUA HLTA/HLTA-2013.jpg,,,,AUDI,A8 Quattro,V6 3.0L,2012 - 2013
HLTA-2013,Toma de agua,POLAR,TOMA DE AGUA,TOMA DE AGUA,HLTA-2013,Cotizar,/IMAGENES TOMAS DE AGUA HLTA/HLTA-2013.jpg,,,,AUDI,Q5,V6 3.0L,2013 - 2015
HLTA-2013,Toma de agua,POLAR,TOMA DE AGUA,TOMA DE AGUA,HLTA-2013,Cotizar,/IMAGENES TOMAS DE AGUA HLTA/HLTA-2013.jpg,,,,AUDI,Q7,V6 3.0L,2011 - 2015
HLTA-2013,Toma de agua,POLAR,TOMA DE AGUA,TOMA DE AGUA,HLTA-2013,Cotizar,/IMAGENES TOMAS DE AGUA HLTA/HLTA-2013.jpg,,,,AUDI,S4,V6 3.0L,2010 - 2015
HLTA-2013,Toma de agua,POLAR,TOMA DE AGUA,TOMA DE AGUA,HLTA-2013,Cotizar,/IMAGENES TOMAS DE AGUA HLTA/HLTA-2013.jpg,,,,AUDI,S5,V6 3.0L,2010 - 2015
HLTA-2013,Toma de agua,POLAR,TOMA DE AGUA,TOMA DE AGUA,HLTA-2013,Cotizar,/IMAGENES TOMAS DE AGUA HLTA/HLTA-2013.jpg,,,,AUDI,SQ5,V6 3.0L,2013 - 2017
HLTA-2013,Toma de agua,POLAR,TOMA DE AGUA,TOMA DE AGUA,HLTA-2013,Cotizar,/IMAGENES TOMAS DE AGUA HLTA/HLTA-2013.jpg,,,,VOLKSWAGEN,TOUAREG,V6 3.0L,2011 - 2018
HLTA-2014,Toma de agua,POLAR,TOMA DE AGUA,TOMA DE AGUA,HLTA-2014,Cotizar,/IMAGENES TOMAS DE AGUA HLTA/HLTA-2014.jpg,,,,SEAT,IBIZA,L4 1.6L,2009 - 2017
HLTA-2014,Toma de agua,POLAR,TOMA DE AGUA,TOMA DE AGUA,HLTA-2014,Cotizar,/IMAGENES TOMAS DE AGUA HLTA/HLTA-2014.jpg,,,,VOLKSWAGEN,VENTO,L4 1.6L,2014 - 2018
HLTA-2015,Toma de agua,POLAR,TOMA DE AGUA,TOMA DE AGUA,HLTA-2015,Cotizar,/IMAGENES TOMAS DE AGUA HLTA/HLTA-2015.jpg,,,,SEAT,IBIZA,L4 1.6L,2009 - 2017
HLTA-2015,Toma de agua,POLAR,TOMA DE AGUA,TOMA DE AGUA,HLTA-2015,Cotizar,/IMAGENES TOMAS DE AGUA HLTA/HLTA-2015.jpg,,,,VOLKSWAGEN,VENTO,L4 1.6L,2014 - 2018
HLTA-2016,Toma de agua,POLAR,TOMA DE AGUA,TOMA DE AGUA,HLTA-2016,Cotizar,/IMAGENES TOMAS DE AGUA HLTA/HLTA-2016.jpg,,,,SEAT,IBIZA,L4 1.6L,2003 - 2009
HLTA-2016,Toma de agua,POLAR,TOMA DE AGUA,TOMA DE AGUA,HLTA-2016,Cotizar,/IMAGENES TOMAS DE AGUA HLTA/HLTA-2016.jpg,,,,VOLKSWAGEN,CROSSFOX,L4 1.6L,2005 - 2017
HLTA-2016,Toma de agua,POLAR,TOMA DE AGUA,TOMA DE AGUA,HLTA-2016,Cotizar,/IMAGENES TOMAS DE AGUA HLTA/HLTA-2016.jpg,,,,VOLKSWAGEN,GOL,L4 1.6L,2008 - 2021
HLTA-2016,Toma de agua,POLAR,TOMA DE AGUA,TOMA DE AGUA,HLTA-2016,Cotizar,/IMAGENES TOMAS DE AGUA HLTA/HLTA-2016.jpg,,,,VOLKSWAGEN,POLO,L4 1.6L,2002 - 2007
HLTA-2016,Toma de agua,POLAR,TOMA DE AGUA,TOMA DE AGUA,HLTA-2016,Cotizar,/IMAGENES TOMAS DE AGUA HLTA/HLTA-2016.jpg,,,,VOLKSWAGEN,SAVEIRO,L4 1.6L,2010 - 2017
HLTA-2017,Toma de agua,POLAR,TOMA DE AGUA,TOMA DE AGUA,HLTA-2017,Cotizar,/IMAGENES TOMAS DE AGUA HLTA/HLTA-2017.jpg,,,,SEAT,IBIZA,L4 1.6L,2008 - 2016
HLTA-2017,Toma de agua,POLAR,TOMA DE AGUA,TOMA DE AGUA,HLTA-2017,Cotizar,/IMAGENES TOMAS DE AGUA HLTA/HLTA-2017.jpg,,,,VOLKSWAGEN,VENTO,L4 1.6L,2014 - 2018
HLTA-2018,Toma de agua,POLAR,TOMA DE AGUA,TOMA DE AGUA,HLTA-2018,Cotizar,/IMAGENES TOMAS DE AGUA HLTA/HLTA-2018.jpg,,,,SEAT,IBIZA,L4 1.6L,2003 - 2008
HLTA-2018,Toma de agua,POLAR,TOMA DE AGUA,TOMA DE AGUA,HLTA-2018,Cotizar,/IMAGENES TOMAS DE AGUA HLTA/HLTA-2018.jpg,,,,VOLKSWAGEN,CROSSFOX,L4 1.6L,2005 - 2017
HLTA-2018,Toma de agua,POLAR,TOMA DE AGUA,TOMA DE AGUA,HLTA-2018,Cotizar,/IMAGENES TOMAS DE AGUA HLTA/HLTA-2018.jpg,,,,VOLKSWAGEN,GOL,L4 1.6L,2009 - 2017
HLTA-2018,Toma de agua,POLAR,TOMA DE AGUA,TOMA DE AGUA,HLTA-2018,Cotizar,/IMAGENES TOMAS DE AGUA HLTA/HLTA-2018.jpg,,,,VOLKSWAGEN,POLO,L4 1.6L,2003 - 2007
HLTA-2018,Toma de agua,POLAR,TOMA DE AGUA,TOMA DE AGUA,HLTA-2018,Cotizar,/IMAGENES TOMAS DE AGUA HLTA/HLTA-2018.jpg,,,,VOLKSWAGEN,SAVEIRO,L4 1.6L,2010 - 2017
HLTA-2018,Toma de agua,POLAR,TOMA DE AGUA,TOMA DE AGUA,HLTA-2018,Cotizar,/IMAGENES TOMAS DE AGUA HLTA/HLTA-2018.jpg,,,,VOLKSWAGEN,SPORTVAN,L4 1.6L,2006 - 2010
HLTA-2019,Toma de agua,POLAR,TOMA DE AGUA,TOMA DE AGUA,HLTA-2019,Cotizar,/IMAGENES TOMAS DE AGUA HLTA/HLTA-2019.jpg,,,,AUDI,A4,V6 3.0L,2002 - 2005
HLTA-2019,Toma de agua,POLAR,TOMA DE AGUA,TOMA DE AGUA,HLTA-2019,Cotizar,/IMAGENES TOMAS DE AGUA HLTA/HLTA-2019.jpg,,,,AUDI,A4 Quattro,V6 3.0L,2003 - 2006
HLTA-2019,Toma de agua,POLAR,TOMA DE AGUA,TOMA DE AGUA,HLTA-2019,Cotizar,/IMAGENES TOMAS DE AGUA HLTA/HLTA-2019.jpg,,,,AUDI,A6,V6 3.0L,2002 - 2004
HLTA-2019,Toma de agua,POLAR,TOMA DE AGUA,TOMA DE AGUA,HLTA-2019,Cotizar,/IMAGENES TOMAS DE AGUA HLTA/HLTA-2019.jpg,,,,AUDI,A6 Quattro,V6 3.0L,2002 - 2004
HLTA-2020,Toma de agua,POLAR,TOMA DE AGUA,TOMA DE AGUA,HLTA-2020,Cotizar,/IMAGENES TOMAS DE AGUA HLTA/HLTA-2020.jpg,,,,AUDI,A3,L4 2.0L,2004 - 2013
HLTA-2020,Toma de agua,POLAR,TOMA DE AGUA,TOMA DE AGUA,HLTA-2020,Cotizar,/IMAGENES TOMAS DE AGUA HLTA/HLTA-2020.jpg,,,,AUDI,S3,L4 2.0L,2008 - 2012
HLTA-2020,Toma de agua,POLAR,TOMA DE AGUA,TOMA DE AGUA,HLTA-2020,Cotizar,/IMAGENES TOMAS DE AGUA HLTA/HLTA-2020.jpg,,,,AUDI,TT,L4 2.0L,2007 - 2013
HLTA-2020,Toma de agua,POLAR,TOMA DE AGUA,TOMA DE AGUA,HLTA-2020,Cotizar,/IMAGENES TOMAS DE AGUA HLTA/HLTA-2020.jpg,,,,SEAT,ALTEA,L4 2.0L,2005 - 2009
HLTA-2020,Toma de agua,POLAR,TOMA DE AGUA,TOMA DE AGUA,HLTA-2020,Cotizar,/IMAGENES TOMAS DE AGUA HLTA/HLTA-2020.jpg,,,,SEAT,LEON,L4 2.0L,2007 - 2013
HLTA-2020,Toma de agua,POLAR,TOMA DE AGUA,TOMA DE AGUA,HLTA-2020,Cotizar,/IMAGENES TOMAS DE AGUA HLTA/HLTA-2020.jpg,,,,VOLKSWAGEN,BORA,L4 2.0L,2006 - 2010
HLTA-2020,Toma de agua,POLAR,TOMA DE AGUA,TOMA DE AGUA,HLTA-2020,Cotizar,/IMAGENES TOMAS DE AGUA HLTA/HLTA-2020.jpg,,,,VOLKSWAGEN,EOS,L4 2.0L,2007 - 2013
HLTA-2020,Toma de agua,POLAR,TOMA DE AGUA,TOMA DE AGUA,HLTA-2020,Cotizar,/IMAGENES TOMAS DE AGUA HLTA/HLTA-2020.jpg,,,,VOLKSWAGEN,GOLF,L4 2.0L,2012 - 2013
HLTA-2020,Toma de agua,POLAR,TOMA DE AGUA,TOMA DE AGUA,HLTA-2020,Cotizar,/IMAGENES TOMAS DE AGUA HLTA/HLTA-2020.jpg,,,,VOLKSWAGEN,GTI,L4 2.0L,2006 - 2013
HLTA-2020,Toma de agua,POLAR,TOMA DE AGUA,TOMA DE AGUA,HLTA-2020,Cotizar,/IMAGENES TOMAS DE AGUA HLTA/HLTA-2020.jpg,,,,VOLKSWAGEN,JETTA,L4 2.0L,2006 - 2010
HLTA-2020,Toma de agua,POLAR,TOMA DE AGUA,TOMA DE AGUA,HLTA-2020,Cotizar,/IMAGENES TOMAS DE AGUA HLTA/HLTA-2020.jpg,,,,VOLKSWAGEN,PASSAT,L4 2.0L,2006 - 2012
HLTA-2021,Toma de agua,POLAR,TOMA DE AGUA,TOMA DE AGUA,HLTA-2021,Cotizar,/IMAGENES TOMAS DE AGUA HLTA/HLTA-2021.jpg,,,,AUDI,A4,L4 2.0L,2005 - 2009
HLTA-2021,Toma de agua,POLAR,TOMA DE AGUA,TOMA DE AGUA,HLTA-2021,Cotizar,/IMAGENES TOMAS DE AGUA HLTA/HLTA-2021.jpg,,,,AUDI,A4 Quattro,L4 2.0L,2005 - 2009
HLTA-2022,Toma de agua,POLAR,TOMA DE AGUA,TOMA DE AGUA,HLTA-2022,Cotizar,/Images/logop.png,,,,FORD,ESCAPE,L4 1.5L,2017-2018
HLTA-2023,Toma de agua,POLAR,TOMA DE AGUA,TOMA DE AGUA,HLTA-2023,Cotizar,/IMAGENES TOMAS DE AGUA HLTA/HLTA-2023.jpg,,,,SEAT,CORDOBA,L4 1.6L,2004 - 2009
HLTA-2023,Toma de agua,POLAR,TOMA DE AGUA,TOMA DE AGUA,HLTA-2023,Cotizar,/IMAGENES TOMAS DE AGUA HLTA/HLTA-2023.jpg,,,,VOLKSWAGEN,LUPO,L4 1.6L,2005 - 2009
HLTA-2024,Toma de agua,POLAR,TOMA DE AGUA,TOMA DE AGUA,HLTA-2024,Cotizar,/IMAGENES TOMAS DE AGUA HLTA/HLTA-2024.jpg,,,,VOLKSWAGEN,BEETLE,L4 1.9L,1998 - 2006
HLTA-2024,Toma de agua,POLAR,TOMA DE AGUA,TOMA DE AGUA,HLTA-2024,Cotizar,/IMAGENES TOMAS DE AGUA HLTA/HLTA-2024.jpg,,,,VOLKSWAGEN,JETTA,L4 1.9L,1999 - 2004
HLTA-2025,Toma de agua,POLAR,TOMA DE AGUA,TOMA DE AGUA,HLTA-2025,Cotizar,/IMAGENES TOMAS DE AGUA HLTA/HLTA-2025.jpg,,,,AUDI,A4,L4 1.8L,1997 - 2001
HLTA-2025,Toma de agua,POLAR,TOMA DE AGUA,TOMA DE AGUA,HLTA-2025,Cotizar,/IMAGENES TOMAS DE AGUA HLTA/HLTA-2025.jpg,,,,VOLKSWAGEN,PASSAT,L4 1.8L,1998 - 2001
HLTA-2026,Toma de agua,POLAR,TOMA DE AGUA,TOMA DE AGUA,HLTA-2026,Cotizar,/IMAGENES TOMAS DE AGUA HLTA/HLTA-2026.jpg,,,,SEAT,IBIZA,L4 1.6L,2001 - 2002
HLTA-2026,Toma de agua,POLAR,TOMA DE AGUA,TOMA DE AGUA,HLTA-2026,Cotizar,/IMAGENES TOMAS DE AGUA HLTA/HLTA-2026.jpg,,,,SEAT,CORDOBA,L4 1.6L,2001 - 2002
HLTA-2026,Toma de agua,POLAR,TOMA DE AGUA,TOMA DE AGUA,HLTA-2026,Cotizar,/IMAGENES TOMAS DE AGUA HLTA/HLTA-2026.jpg,,,,VOLKSWAGEN,CABRIO,L4 2.0L,1995 - 2002
HLTA-2026,Toma de agua,POLAR,TOMA DE AGUA,TOMA DE AGUA,HLTA-2026,Cotizar,/IMAGENES TOMAS DE AGUA HLTA/HLTA-2026.jpg,,,,VOLKSWAGEN,DERBY,L4 1.8L,1995 - 2009
HLTA-2026,Toma de agua,POLAR,TOMA DE AGUA,TOMA DE AGUA,HLTA-2026,Cotizar,/IMAGENES TOMAS DE AGUA HLTA/HLTA-2026.jpg,,,,VOLKSWAGEN,FOX,L4 1.8L,1992 - 1993
HLTA-2026,Toma de agua,POLAR,TOMA DE AGUA,TOMA DE AGUA,HLTA-2026,Cotizar,/IMAGENES TOMAS DE AGUA HLTA/HLTA-2026.jpg,,,,VOLKSWAGEN,GOLF,L4 1.8L,1993 - 1996
HLTA-2026,Toma de agua,POLAR,TOMA DE AGUA,TOMA DE AGUA,HLTA-2026,Cotizar,/IMAGENES TOMAS DE AGUA HLTA/HLTA-2026.jpg,,,,VOLKSWAGEN,GOLF,L4 2.0L,1993 - 1999
HLTA-2026,Toma de agua,POLAR,TOMA DE AGUA,TOMA DE AGUA,HLTA-2026,Cotizar,/IMAGENES TOMAS DE AGUA HLTA/HLTA-2026.jpg,,,,VOLKSWAGEN,JETTA,L4 1.8L,1993 - 1996
HLTA-2026,Toma de agua,POLAR,TOMA DE AGUA,TOMA DE AGUA,HLTA-2026,Cotizar,/IMAGENES TOMAS DE AGUA HLTA/HLTA-2026.jpg,,,,VOLKSWAGEN,JETTA,L4 2.0L,1993 - 1999
HLTA-2026,Toma de agua,POLAR,TOMA DE AGUA,TOMA DE AGUA,HLTA-2026,Cotizar,/IMAGENES TOMAS DE AGUA HLTA/HLTA-2026.jpg,,,,VOLKSWAGEN,PASSAT,L4 2.0L,1992 - 1993
HLTA-2026,Toma de agua,POLAR,TOMA DE AGUA,TOMA DE AGUA,HLTA-2026,Cotizar,/IMAGENES TOMAS DE AGUA HLTA/HLTA-2026.jpg,,,,VOLKSWAGEN,PASSAT,L4 2.0L,1995 - 1996
HLTA-2027,Toma de agua,POLAR,TOMA DE AGUA,TOMA DE AGUA,HLTA-2027,Cotizar,/IMAGENES TOMAS DE AGUA HLTA/HLTA-2027.jpg,,,,VOLKSWAGEN,CARAVELLE,L4 1.8L,1990 - 1996
HLTA-2027,Toma de agua,POLAR,TOMA DE AGUA,TOMA DE AGUA,HLTA-2027,Cotizar,/IMAGENES TOMAS DE AGUA HLTA/HLTA-2027.jpg,,,,VOLKSWAGEN,COMBI,L4 1.8L,1989 - 2000
HLTA-2027,Toma de agua,POLAR,TOMA DE AGUA,TOMA DE AGUA,HLTA-2027,Cotizar,/IMAGENES TOMAS DE AGUA HLTA/HLTA-2027.jpg,,,,VOLKSWAGEN,GOLF,L4 1.8L,1990 - 1999
HLTA-2027,Toma de agua,POLAR,TOMA DE AGUA,TOMA DE AGUA,HLTA-2027,Cotizar,/IMAGENES TOMAS DE AGUA HLTA/HLTA-2027.jpg,,,,VOLKSWAGEN,JETTA,L4 1.8L,1993 - 1999
HLTA-2027,Toma de agua,POLAR,TOMA DE AGUA,TOMA DE AGUA,HLTA-2027,Cotizar,/IMAGENES TOMAS DE AGUA HLTA/HLTA-2027.jpg,,,,VOLKSWAGEN,PASSAT,L4 2.0L,1990 - 1996
HLTA-2028,Toma de agua,POLAR,TOMA DE AGUA,TOMA DE AGUA,HLTA-2028,Cotizar,/IMAGENES TOMAS DE AGUA HLTA/HLTA-2028.jpg,,,,SEAT,IBIZA,L4 1.6L,2003 - 2009
HLTA-2028,Toma de agua,POLAR,TOMA DE AGUA,TOMA DE AGUA,HLTA-2028,Cotizar,/IMAGENES TOMAS DE AGUA HLTA/HLTA-2028.jpg,,,,VOLKSWAGEN,CROSSFOX,L4 1.6L,2005 - 2017
HLTA-2028,Toma de agua,POLAR,TOMA DE AGUA,TOMA DE AGUA,HLTA-2028,Cotizar,/IMAGENES TOMAS DE AGUA HLTA/HLTA-2028.jpg,,,,VOLKSWAGEN,GOL,L4 1.6L,2008 - 2021
HLTA-2028,Toma de agua,POLAR,TOMA DE AGUA,TOMA DE AGUA,HLTA-2028,Cotizar,/IMAGENES TOMAS DE AGUA HLTA/HLTA-2028.jpg,,,,VOLKSWAGEN,POLO,L4 1.6L,2003 - 2007
HLTA-2028,Toma de agua,POLAR,TOMA DE AGUA,TOMA DE AGUA,HLTA-2028,Cotizar,/IMAGENES TOMAS DE AGUA HLTA/HLTA-2028.jpg,,,,VOLKSWAGEN,SAVEIRO,L4 1.6L,2010 - 2023
HLTA-2029,Toma de agua,POLAR,TOMA DE AGUA,TOMA DE AGUA,HLTA-2029,Cotizar,/IMAGENES TOMAS DE AGUA HLTA/HLTA-2029.jpg,,,,SEAT,IBIZA,L4 1.6L,2003 - 2009
HLTA-2029,Toma de agua,POLAR,TOMA DE AGUA,TOMA DE AGUA,HLTA-2029,Cotizar,/IMAGENES TOMAS DE AGUA HLTA/HLTA-2029.jpg,,,,VOLKSWAGEN,CROSSFOX,L4 1.6L,2006 - 2017
HLTA-2029,Toma de agua,POLAR,TOMA DE AGUA,TOMA DE AGUA,HLTA-2029,Cotizar,/IMAGENES TOMAS DE AGUA HLTA/HLTA-2029.jpg,,,,VOLKSWAGEN,GOL,L4 1.6L,2008 - 2021
HLTA-2029,Toma de agua,POLAR,TOMA DE AGUA,TOMA DE AGUA,HLTA-2029,Cotizar,/IMAGENES TOMAS DE AGUA HLTA/HLTA-2029.jpg,,,,VOLKSWAGEN,POLO,L4 1.6L,2002 - 2007
HLTA-2029,Toma de agua,POLAR,TOMA DE AGUA,TOMA DE AGUA,HLTA-2029,Cotizar,/IMAGENES TOMAS DE AGUA HLTA/HLTA-2029.jpg,,,,VOLKSWAGEN,SAVEIRO,L4 1.6L,2010 - 2023
HLTA-2029,Toma de agua,POLAR,TOMA DE AGUA,TOMA DE AGUA,HLTA-2029,Cotizar,/IMAGENES TOMAS DE AGUA HLTA/HLTA-2029.jpg,,,,VOLKSWAGEN,SPORTVAN,L4 1.6L,2006 - 2010
HLTA-2030,Toma de agua,POLAR,TOMA DE AGUA,TOMA DE AGUA,HLTA-2030,Cotizar,/IMAGENES TOMAS DE AGUA HLTA/HLTA-2030.jpg,,,,AUDI,A4,L4 1.8L,1997 - 2001
HLTA-2031,Toma de agua,POLAR,TOMA DE AGUA,TOMA DE AGUA,HLTA-2031,Cotizar,/IMAGENES TOMAS DE AGUA HLTA/HLTA-2031.jpg,,,,SEAT,CORDOBA,L4 2.0L,2003 - 2009
HLTA-2031,Toma de agua,POLAR,TOMA DE AGUA,TOMA DE AGUA,HLTA-2031,Cotizar,/IMAGENES TOMAS DE AGUA HLTA/HLTA-2031.jpg,,,,SEAT,IBIZA,L4 2.0L,2001 - 2015
HLTA-2031,Toma de agua,POLAR,TOMA DE AGUA,TOMA DE AGUA,HLTA-2031,Cotizar,/IMAGENES TOMAS DE AGUA HLTA/HLTA-2031.jpg,,,,SEAT,LEON,L4 2.0L,2007 - 2008
HLTA-2031,Toma de agua,POLAR,TOMA DE AGUA,TOMA DE AGUA,HLTA-2031,Cotizar,/IMAGENES TOMAS DE AGUA HLTA/HLTA-2031.jpg,,,,SEAT,TOLEDO,L4 2.0L,1999 - 2005
HLTA-2031,Toma de agua,POLAR,TOMA DE AGUA,TOMA DE AGUA,HLTA-2031,Cotizar,/IMAGENES TOMAS DE AGUA HLTA/HLTA-2031.jpg,,,,VOLKSWAGEN,CLASICO,L4 2.0L,2011 - 2015
HLTA-2031,Toma de agua,POLAR,TOMA DE AGUA,TOMA DE AGUA,HLTA-2031,Cotizar,/IMAGENES TOMAS DE AGUA HLTA/HLTA-2031.jpg,,,,VOLKSWAGEN,GOLF,L4 2.0L,1999 - 2006
HLTA-2031,Toma de agua,POLAR,TOMA DE AGUA,TOMA DE AGUA,HLTA-2031,Cotizar,/IMAGENES TOMAS DE AGUA HLTA/HLTA-2031.jpg,,,,VOLKSWAGEN,GTI,L4 2.0L,1999 - 2003
HLTA-2031,Toma de agua,POLAR,TOMA DE AGUA,TOMA DE AGUA,HLTA-2031,Cotizar,/IMAGENES TOMAS DE AGUA HLTA/HLTA-2031.jpg,,,,VOLKSWAGEN,JETTA,L4 2.0L,1999 - 2010
HLTA-2032,Toma de agua,POLAR,TOMA DE AGUA,TOMA DE AGUA,HLTA-2032,Cotizar,/IMAGENES TOMAS DE AGUA HLTA/HLTA-2032.jpg,,,,VOLKSWAGEN,EUROVAN,L5 2.5L,2001 - 2005
HLTA-2033,Toma de agua,POLAR,TOMA DE AGUA,TOMA DE AGUA,HLTA-2033,Cotizar,/IMAGENES TOMAS DE AGUA HLTA/HLTA-2033.jpg,,,,AUDI,A4,L4 1.8L,2000 - 2007
HLTA-2033,Toma de agua,POLAR,TOMA DE AGUA,TOMA DE AGUA,HLTA-2033,Cotizar,/IMAGENES TOMAS DE AGUA HLTA/HLTA-2033.jpg,,,,VOLKSWAGEN,PASSAT,L4 1.8L,1995 - 2005
HLTA-2034,Toma de agua,POLAR,TOMA DE AGUA,TOMA DE AGUA,HLTA-2034,Cotizar,/IMAGENES TOMAS DE AGUA HLTA/HLTA-2034.jpg,,,,VOLKSWAGEN,GOLF,L4 1.8L,1990 - 1992
HLTA-2034,Toma de agua,POLAR,TOMA DE AGUA,TOMA DE AGUA,HLTA-2034,Cotizar,/IMAGENES TOMAS DE AGUA HLTA/HLTA-2034.jpg,,,,VOLKSWAGEN,JETTA,L4 1.8L,1987 - 1999
HLTA-2035,Toma de agua,POLAR,TOMA DE AGUA,TOMA DE AGUA,HLTA-2035,Cotizar,/IMAGENES TOMAS DE AGUA HLTA/HLTA-2035.jpg,,,,AUDI,A4,L4 1.8L,1994 - 2000
HLTA-2035,Toma de agua,POLAR,TOMA DE AGUA,TOMA DE AGUA,HLTA-2035,Cotizar,/IMAGENES TOMAS DE AGUA HLTA/HLTA-2035.jpg,,,,VOLKSWAGEN,BEETLE,L4 1.8L,1998 - 2011
HLTA-2035,Toma de agua,POLAR,TOMA DE AGUA,TOMA DE AGUA,HLTA-2035,Cotizar,/IMAGENES TOMAS DE AGUA HLTA/HLTA-2035.jpg,,,,VOLKSWAGEN,GOLF,L4 1.8L,1999 - 2007
HLTA-2035,Toma de agua,POLAR,TOMA DE AGUA,TOMA DE AGUA,HLTA-2035,Cotizar,/IMAGENES TOMAS DE AGUA HLTA/HLTA-2035.jpg,,,,VOLKSWAGEN,JETTA,L4 1.8L,1998 - 2015
HLTA-2035,Toma de agua,POLAR,TOMA DE AGUA,TOMA DE AGUA,HLTA-2035,Cotizar,/IMAGENES TOMAS DE AGUA HLTA/HLTA-2035.jpg,,,,VOLKSWAGEN,PASSAT,L4 1.8L,1995 - 2005
HLTA-2036,Toma de agua,POLAR,TOMA DE AGUA,TOMA DE AGUA,HLTA-2036,Cotizar,/IMAGENES TOMAS DE AGUA HLTA/HLTA-2036.jpg,,,,VOLKSWAGEN,GOLF,V6 2.8L,1992 - 1999
HLTA-2036,Toma de agua,POLAR,TOMA DE AGUA,TOMA DE AGUA,HLTA-2036,Cotizar,/IMAGENES TOMAS DE AGUA HLTA/HLTA-2036.jpg,,,,VOLKSWAGEN,JETTA,V6 2.8L,1994 - 1999
HLTA-2037,Toma de agua,POLAR,TOMA DE AGUA,TOMA DE AGUA,HLTA-2037,Cotizar,/IMAGENES TOMAS DE AGUA HLTA/HLTA-2037.jpg,,,,AUDI,TT Quattro,L4 2.0L,2009 - 2016
HLTA-2037,Toma de agua,POLAR,TOMA DE AGUA,TOMA DE AGUA,HLTA-2037,Cotizar,/IMAGENES TOMAS DE AGUA HLTA/HLTA-2037.jpg,,,,VOLKSWAGEN,BEETLE,L4 2.0L,2012 - 2014
HLTA-2037,Toma de agua,POLAR,TOMA DE AGUA,TOMA DE AGUA,HLTA-2037,Cotizar,/IMAGENES TOMAS DE AGUA HLTA/HLTA-2037.jpg,,,,VOLKSWAGEN,BEETLE,L5 2.5L,2006 - 2010
HLTA-2037,Toma de agua,POLAR,TOMA DE AGUA,TOMA DE AGUA,HLTA-2037,Cotizar,/IMAGENES TOMAS DE AGUA HLTA/HLTA-2037.jpg,,,,VOLKSWAGEN,BEETLE,L5 2.5L,2012 - 2015
HLTA-2037,Toma de agua,POLAR,TOMA DE AGUA,TOMA DE AGUA,HLTA-2037,Cotizar,/IMAGENES TOMAS DE AGUA HLTA/HLTA-2037.jpg,,,,VOLKSWAGEN,BORA,L4 2.0L,2009 - 2010
HLTA-2037,Toma de agua,POLAR,TOMA DE AGUA,TOMA DE AGUA,HLTA-2037,Cotizar,/IMAGENES TOMAS DE AGUA HLTA/HLTA-2037.jpg,,,,VOLKSWAGEN,BORA,L5 2.5L,2005 - 2010
HLTA-2037,Toma de agua,POLAR,TOMA DE AGUA,TOMA DE AGUA,HLTA-2037,Cotizar,/IMAGENES TOMAS DE AGUA HLTA/HLTA-2037.jpg,,,,VOLKSWAGEN,GOLF,L5 2.5L,2010 - 2015
HLTA-2037,Toma de agua,POLAR,TOMA DE AGUA,TOMA DE AGUA,HLTA-2037,Cotizar,/IMAGENES TOMAS DE AGUA HLTA/HLTA-2037.jpg,,,,VOLKSWAGEN,JETTA,L4 2.0L,2011 - 2015
HLTA-2037,Toma de agua,POLAR,TOMA DE AGUA,TOMA DE AGUA,HLTA-2037,Cotizar,/IMAGENES TOMAS DE AGUA HLTA/HLTA-2037.jpg,,,,VOLKSWAGEN,JETTA,L5 2.5L,2011 - 2018
HLTA-2037,Toma de agua,POLAR,TOMA DE AGUA,TOMA DE AGUA,HLTA-2037,Cotizar,/IMAGENES TOMAS DE AGUA HLTA/HLTA-2037.jpg,,,,VOLKSWAGEN,PASSAT,L4 2.0L,2009 - 2010
HLTA-2037,Toma de agua,POLAR,TOMA DE AGUA,TOMA DE AGUA,HLTA-2037,Cotizar,/IMAGENES TOMAS DE AGUA HLTA/HLTA-2037.jpg,,,,VOLKSWAGEN,TIGUAN,L4 2.0L,2009 - 2016
HLTA-2038,Toma de agua,POLAR,TOMA DE AGUA,TOMA DE AGUA,HLTA-2038,Cotizar,/IMAGENES TOMAS DE AGUA HLTA/HLTA-2038.jpg,,,,VOLKSWAGEN,DERBY,L4 1.8L,1995 - 2009
HLTA-2038,Toma de agua,POLAR,TOMA DE AGUA,TOMA DE AGUA,HLTA-2038,Cotizar,/IMAGENES TOMAS DE AGUA HLTA/HLTA-2038.jpg,,,,VOLKSWAGEN,GOLF,L4 1.8L,2000 - 2006
HLTA-2038,Toma de agua,POLAR,TOMA DE AGUA,TOMA DE AGUA,HLTA-2038,Cotizar,/IMAGENES TOMAS DE AGUA HLTA/HLTA-2038.jpg,,,,VOLKSWAGEN,JETTA,L4 1.8L,1993 - 1999
HLTA-2038,Toma de agua,POLAR,TOMA DE AGUA,TOMA DE AGUA,HLTA-2038,Cotizar,/IMAGENES TOMAS DE AGUA HLTA/HLTA-2038.jpg,,,,VOLKSWAGEN,POINTER,L4 1.8L,1998 - 2010
HLTA-2039,Toma de agua,POLAR,TOMA DE AGUA,TOMA DE AGUA,HLTA-2039,Cotizar,/Images/logop.png,,,,,,,
HLTA-2040,Toma de agua,POLAR,TOMA DE AGUA,TOMA DE AGUA,HLTA-2040,Cotizar,/IMAGENES TOMAS DE AGUA HLTA/HLTA-2040.jpg,,,,VOLKSWAGEN,GOLF,L4 1.8L,1990 - 1992
HLTA-2040,Toma de agua,POLAR,TOMA DE AGUA,TOMA DE AGUA,HLTA-2040,Cotizar,/IMAGENES TOMAS DE AGUA HLTA/HLTA-2040.jpg,,,,VOLKSWAGEN,JETTA,L4 1.8L,1989 - 1992
HLTA-2040,Toma de agua,POLAR,TOMA DE AGUA,TOMA DE AGUA,HLTA-2040,Cotizar,/IMAGENES TOMAS DE AGUA HLTA/HLTA-2040.jpg,,,,VOLKSWAGEN,JETTA,L4 2.0L,1993 - 1999
HLTA-2041,Toma de agua,POLAR,TOMA DE AGUA,TOMA DE AGUA,HLTA-2041,Cotizar,/IMAGENES TOMAS DE AGUA HLTA/HLTA-2041.jpg,,,,NISSAN,NP300,L4 2.4L,2009 - 2015
HLTA-2042,Toma de agua,POLAR,TOMA DE AGUA,TOMA DE AGUA,HLTA-2042,Cotizar,/IMAGENES TOMAS DE AGUA HLTA/HLTA-2042.jpg,,,,RENAULT,CLIO,L4 2.0L,2002 - 2008
HLTA-2042,Toma de agua,POLAR,TOMA DE AGUA,TOMA DE AGUA,HLTA-2042,Cotizar,/IMAGENES TOMAS DE AGUA HLTA/HLTA-2042.jpg,,,,RENAULT,MEGANE,L4 2.0L,2001 - 2009
HLTA-2043,Toma de agua,POLAR,TOMA DE AGUA,TOMA DE AGUA,HLTA-2043,Cotizar,/IMAGENES TOMAS DE AGUA HLTA/HLTA-2043.jpg,,,,NISSAN,PLATINA,L4 1.6L,2001 - 2009
HLTA-2043,Toma de agua,POLAR,TOMA DE AGUA,TOMA DE AGUA,HLTA-2043,Cotizar,/IMAGENES TOMAS DE AGUA HLTA/HLTA-2043.jpg,,,,RENAULT,CLIO,L4 1.6L,2002 - 2009
HLTA-2043,Toma de agua,POLAR,TOMA DE AGUA,TOMA DE AGUA,HLTA-2043,Cotizar,/IMAGENES TOMAS DE AGUA HLTA/HLTA-2043.jpg,,,,RENAULT,KANGOO,L4 1.6L,2004 - 2015
HLTA-2044,Toma de agua,POLAR,TOMA DE AGUA,TOMA DE AGUA,HLTA-2044,Cotizar,/IMAGENES TOMAS DE AGUA HLTA/HLTA-2044.jpg,,,,NISSAN,APRIO,L4 1.6L,2008 - 2010
HLTA-2044,Toma de agua,POLAR,TOMA DE AGUA,TOMA DE AGUA,HLTA-2044,Cotizar,/IMAGENES TOMAS DE AGUA HLTA/HLTA-2044.jpg,,,,NISSAN,PLATINA,L4 1.6L,2002 - 2010
HLTA-2044,Toma de agua,POLAR,TOMA DE AGUA,TOMA DE AGUA,HLTA-2044,Cotizar,/IMAGENES TOMAS DE AGUA HLTA/HLTA-2044.jpg,,,,RENAULT,CLIO,L4 1.6L,2002 - 2010
HLTA-2044,Toma de agua,POLAR,TOMA DE AGUA,TOMA DE AGUA,HLTA-2044,Cotizar,/IMAGENES TOMAS DE AGUA HLTA/HLTA-2044.jpg,,,,RENAULT,KANGOO,L4 1.6L,2004 - 2015
HLTA-2045,Toma de agua,POLAR,TOMA DE AGUA,TOMA DE AGUA,HLTA-2045,Cotizar,/IMAGENES TOMAS DE AGUA HLTA/HLTA-2045.jpg,,,,NISSAN,PLATINA,L4 1.6L,2002 - 2010
HLTA-2045,Toma de agua,POLAR,TOMA DE AGUA,TOMA DE AGUA,HLTA-2045,Cotizar,/IMAGENES TOMAS DE AGUA HLTA/HLTA-2045.jpg,,,,RENAULT,CLIO,L4 1.6L,2002 - 2009
HLTA-2045,Toma de agua,POLAR,TOMA DE AGUA,TOMA DE AGUA,HLTA-2045,Cotizar,/IMAGENES TOMAS DE AGUA HLTA/HLTA-2045.jpg,,,,RENAULT,KANGOO,L4 1.6L,2004 - 2015
HLTA-2046,Toma de agua,POLAR,TOMA DE AGUA,TOMA DE AGUA,HLTA-2046,Cotizar,/IMAGENES TOMAS DE AGUA HLTA/HLTA-2046.jpg,,,,VOLKSWAGEN,GOLF,L4 1.8L,1990 - 1992
HLTA-2046,Toma de agua,POLAR,TOMA DE AGUA,TOMA DE AGUA,HLTA-2046,Cotizar,/IMAGENES TOMAS DE AGUA HLTA/HLTA-2046.jpg,,,,VOLKSWAGEN,JETTA,L4 1.8L,1990 - 1995
HLTA-2047,Toma de agua,POLAR,TOMA DE AGUA,TOMA DE AGUA,HLTA-2047,Cotizar,/IMAGENES TOMAS DE AGUA HLTA/HLTA-2047.jpg,,,,NISSAN,APRIO,L4 1.6L,2008 - 2010
HLTA-2047,Toma de agua,POLAR,TOMA DE AGUA,TOMA DE AGUA,HLTA-2047,Cotizar,/IMAGENES TOMAS DE AGUA HLTA/HLTA-2047.jpg,,,,NISSAN,PLATINA,L4 1.6L,2002 - 2010
HLTA-2047,Toma de agua,POLAR,TOMA DE AGUA,TOMA DE AGUA,HLTA-2047,Cotizar,/IMAGENES TOMAS DE AGUA HLTA/HLTA-2047.jpg,,,,RENAULT,CLIO,L4 1.6L,2002 - 2009
HLTA-2047,Toma de agua,POLAR,TOMA DE AGUA,TOMA DE AGUA,HLTA-2047,Cotizar,/IMAGENES TOMAS DE AGUA HLTA/HLTA-2047.jpg,,,,RENAULT,CLIO,L4 2.0L,2002 - 2008
HLTA-2047,Toma de agua,POLAR,TOMA DE AGUA,TOMA DE AGUA,HLTA-2047,Cotizar,/IMAGENES TOMAS DE AGUA HLTA/HLTA-2047.jpg,,,,RENAULT,KANGOO,L4 1.6L,2003 - 2018
HLTA-2047,Toma de agua,POLAR,TOMA DE AGUA,TOMA DE AGUA,HLTA-2047,Cotizar,/IMAGENES TOMAS DE AGUA HLTA/HLTA-2047.jpg,,,,RENAULT,MEGANE,L4 1.6L,2004 - 2009
HLTA-2047,Toma de agua,POLAR,TOMA DE AGUA,TOMA DE AGUA,HLTA-2047,Cotizar,/IMAGENES TOMAS DE AGUA HLTA/HLTA-2047.jpg,,,,RENAULT,MEGANE,L4 2.0L,2001 - 2009
HLTA-2047,Toma de agua,POLAR,TOMA DE AGUA,TOMA DE AGUA,HLTA-2047,Cotizar,/IMAGENES TOMAS DE AGUA HLTA/HLTA-2047.jpg,,,,RENAULT,SANDERO,L4 1.6L,2010 - 2019
HLTA-2047,Toma de agua,POLAR,TOMA DE AGUA,TOMA DE AGUA,HLTA-2047,Cotizar,/IMAGENES TOMAS DE AGUA HLTA/HLTA-2047.jpg,,,,RENAULT,STEPWAY,L4 1.6L,2010 - 2020
HLTA-2048,Toma de agua,POLAR,TOMA DE AGUA,TOMA DE AGUA,HLTA-2048,Cotizar,/IMAGENES TOMAS DE AGUA HLTA/HLTA-2048.jpg,,,,PEUGEOT,206,L4 1.6L,2001 - 2009
HLTA-2049,Toma de agua,POLAR,TOMA DE AGUA,TOMA DE AGUA,HLTA-2049,Cotizar,/IMAGENES TOMAS DE AGUA HLTA/HLTA-2049.jpg,,,,VOLKSWAGEN,BEETLE,L4 1.9L,1998 - 2006
HLTA-2049,Toma de agua,POLAR,TOMA DE AGUA,TOMA DE AGUA,HLTA-2049,Cotizar,/IMAGENES TOMAS DE AGUA HLTA/HLTA-2049.jpg,,,,VOLKSWAGEN,JETTA,L4 1.9L,1999 - 2005
HLTA-2050,Toma de agua,POLAR,TOMA DE AGUA,TOMA DE AGUA,HLTA-2050,Cotizar,/IMAGENES TOMAS DE AGUA HLTA/HLTA-2050.jpg,,,,VOLKSWAGEN,GOLF,V6 2.8L,1992 - 1999
HLTA-2050,Toma de agua,POLAR,TOMA DE AGUA,TOMA DE AGUA,HLTA-2050,Cotizar,/IMAGENES TOMAS DE AGUA HLTA/HLTA-2050.jpg,,,,VOLKSWAGEN,JETTA,V6 2.8L,1994 - 1999
HLTA-2050,Toma de agua,POLAR,TOMA DE AGUA,TOMA DE AGUA,HLTA-2050,Cotizar,/IMAGENES TOMAS DE AGUA HLTA/HLTA-2050.jpg,,,,VOLKSWAGEN,PASSAT,V6 2.8L,1993 - 1997
HLTA-2051,Toma de agua,POLAR,TOMA DE AGUA,TOMA DE AGUA,HLTA-2051,Cotizar,/IMAGENES TOMAS DE AGUA HLTA/HLTA-2051.jpg,,,,VOLKSWAGEN,POINTER,L4 1.8L,1998 - 2010
HLTA-2052,Toma de agua,POLAR,TOMA DE AGUA,TOMA DE AGUA,HLTA-2052,Cotizar,/IMAGENES TOMAS DE AGUA HLTA/HLTA-2052.jpg,,,,SEAT,CORDOBA,L4 2.0L,2002 - 2009
HLTA-2052,Toma de agua,POLAR,TOMA DE AGUA,TOMA DE AGUA,HLTA-2052,Cotizar,/IMAGENES TOMAS DE AGUA HLTA/HLTA-2052.jpg,,,,SEAT,IBIZA,L4 1.6L,2001 - 2002
HLTA-2052,Toma de agua,POLAR,TOMA DE AGUA,TOMA DE AGUA,HLTA-2052,Cotizar,/IMAGENES TOMAS DE AGUA HLTA/HLTA-2052.jpg,,,,SEAT,IBIZA,L4 2.0L,2003 - 2009
HLTA-2052,Toma de agua,POLAR,TOMA DE AGUA,TOMA DE AGUA,HLTA-2052,Cotizar,/IMAGENES TOMAS DE AGUA HLTA/HLTA-2052.jpg,,,,VOLKSWAGEN,BEETLE,L4 1.8L,1999 - 2005
HLTA-2052,Toma de agua,POLAR,TOMA DE AGUA,TOMA DE AGUA,HLTA-2052,Cotizar,/IMAGENES TOMAS DE AGUA HLTA/HLTA-2052.jpg,,,,VOLKSWAGEN,BEETLE,L4 2.0L,1998 - 2008
HLTA-2052,Toma de agua,POLAR,TOMA DE AGUA,TOMA DE AGUA,HLTA-2052,Cotizar,/IMAGENES TOMAS DE AGUA HLTA/HLTA-2052.jpg,,,,VOLKSWAGEN,GOLF,L4 2.0L,1999 - 2006
HLTA-2052,Toma de agua,POLAR,TOMA DE AGUA,TOMA DE AGUA,HLTA-2052,Cotizar,/IMAGENES TOMAS DE AGUA HLTA/HLTA-2052.jpg,,,,VOLKSWAGEN,JETTA,L4 1.8L,2000 - 2005
HLTA-2052,Toma de agua,POLAR,TOMA DE AGUA,TOMA DE AGUA,HLTA-2052,Cotizar,/IMAGENES TOMAS DE AGUA HLTA/HLTA-2052.jpg,,,,VOLKSWAGEN,JETTA,L4 1.9L,2004 - 2006
HLTA-2052,Toma de agua,POLAR,TOMA DE AGUA,TOMA DE AGUA,HLTA-2052,Cotizar,/IMAGENES TOMAS DE AGUA HLTA/HLTA-2052.jpg,,,,VOLKSWAGEN,JETTA,L4 2.0L,1998 - 2008
HLTA-2052,Toma de agua,POLAR,TOMA DE AGUA,TOMA DE AGUA,HLTA-2052,Cotizar,/IMAGENES TOMAS DE AGUA HLTA/HLTA-2052.jpg,,,,VOLKSWAGEN,JETTA CLASICO,L4 2.0L,2009 - 2015
HLTA-2052,Toma de agua,POLAR,TOMA DE AGUA,TOMA DE AGUA,HLTA-2052,Cotizar,/IMAGENES TOMAS DE AGUA HLTA/HLTA-2052.jpg,,,,VOLKSWAGEN,POINTER GTI,L4 2.0L,2000 - 2003
HLTA-2053,Toma de agua,POLAR,TOMA DE AGUA,TOMA DE AGUA,HLTA-2053,Cotizar,/IMAGENES TOMAS DE AGUA HLTA/HLTA-2053.jpg,,,,VOLKSWAGEN,JETTA,L4 1.8L,1990 - 1995
HLTA-2053,Toma de agua,POLAR,TOMA DE AGUA,TOMA DE AGUA,HLTA-2053,Cotizar,/IMAGENES TOMAS DE AGUA HLTA/HLTA-2053.jpg,,,,VOLKSWAGEN,JETTA,L4 1.8L,1990 - 1995
HLTA-2054,Toma de agua,POLAR,TOMA DE AGUA,TOMA DE AGUA,HLTA-2054,Cotizar,/IMAGENES TOMAS DE AGUA HLTA/HLTA-2054.jpg,,,,,,,
HLTA-2055,Toma de agua,POLAR,TOMA DE AGUA,TOMA DE AGUA,HLTA-2055,Cotizar,/IMAGENES TOMAS DE AGUA HLTA/HLTA-2055.jpg,,,,VOLKSWAGEN,LUPO,L4 1.6L,2005 - 2009
HLTA-2056,Toma de agua,POLAR,TOMA DE AGUA,TOMA DE AGUA,HLTA-2056,Cotizar,/IMAGENES TOMAS DE AGUA HLTA/HLTA-2056.jpg,,,,VOLKSWAGEN,LUPO,L4 1.6L,2005 - 2009
HLTA-2057,Toma de agua,POLAR,TOMA DE AGUA,TOMA DE AGUA,HLTA-2057,Cotizar,/IMAGENES TOMAS DE AGUA HLTA/HLTA-2057.jpg,,,,AUDI,A6,V6 2.8L,1998 - 2001
HLTA-2057,Toma de agua,POLAR,TOMA DE AGUA,TOMA DE AGUA,HLTA-2057,Cotizar,/IMAGENES TOMAS DE AGUA HLTA/HLTA-2057.jpg,,,,AUDI,A6 Quattro,V6 2.7L,2000 - 2004
HLTA-2057,Toma de agua,POLAR,TOMA DE AGUA,TOMA DE AGUA,HLTA-2057,Cotizar,/IMAGENES TOMAS DE AGUA HLTA/HLTA-2057.jpg,,,,AUDI,A6 Quattro,V6 2.8L,1998 - 2001
HLTA-2057,Toma de agua,POLAR,TOMA DE AGUA,TOMA DE AGUA,HLTA-2057,Cotizar,/IMAGENES TOMAS DE AGUA HLTA/HLTA-2057.jpg,,,,VOLKSWAGEN,PASSAT,V6 2.8L,2001 - 2005
HLTA-2058,Toma de agua,POLAR,TOMA DE AGUA,TOMA DE AGUA,HLTA-2058,Cotizar,/IMAGENES TOMAS DE AGUA HLTA/HLTA-2058.jpg,,,,AUDI,A3,L4 2.0L,2008 - 2013
HLTA-2058,Toma de agua,POLAR,TOMA DE AGUA,TOMA DE AGUA,HLTA-2058,Cotizar,/IMAGENES TOMAS DE AGUA HLTA/HLTA-2058.jpg,,,,AUDI,A4,L4 2.0L,2009 - 2015
HLTA-2058,Toma de agua,POLAR,TOMA DE AGUA,TOMA DE AGUA,HLTA-2058,Cotizar,/IMAGENES TOMAS DE AGUA HLTA/HLTA-2058.jpg,,,,AUDI,A4 Quattro,L4 2.0L,2009 - 2015
HLTA-2058,Toma de agua,POLAR,TOMA DE AGUA,TOMA DE AGUA,HLTA-2058,Cotizar,/IMAGENES TOMAS DE AGUA HLTA/HLTA-2058.jpg,,,,AUDI,A5,L4 2.0L,2010 - 2014
HLTA-2058,Toma de agua,POLAR,TOMA DE AGUA,TOMA DE AGUA,HLTA-2058,Cotizar,/IMAGENES TOMAS DE AGUA HLTA/HLTA-2058.jpg,,,,AUDI,A5 Quattro,L4 2.0L,2012 - 2015
HLTA-2058,Toma de agua,POLAR,TOMA DE AGUA,TOMA DE AGUA,HLTA-2058,Cotizar,/IMAGENES TOMAS DE AGUA HLTA/HLTA-2058.jpg,,,,AUDI,A6,L4 2.0L,2012 - 2016
HLTA-2058,Toma de agua,POLAR,TOMA DE AGUA,TOMA DE AGUA,HLTA-2058,Cotizar,/IMAGENES TOMAS DE AGUA HLTA/HLTA-2058.jpg,,,,AUDI,A6 Quattro,L4 2.0L,2013 - 2015
HLTA-2058,Toma de agua,POLAR,TOMA DE AGUA,TOMA DE AGUA,HLTA-2058,Cotizar,/IMAGENES TOMAS DE AGUA HLTA/HLTA-2058.jpg,,,,AUDI,ALLROAD,L4 2.0L,2013 - 2013
HLTA-2058,Toma de agua,POLAR,TOMA DE AGUA,TOMA DE AGUA,HLTA-2058,Cotizar,/IMAGENES TOMAS DE AGUA HLTA/HLTA-2058.jpg,,,,AUDI,Q3,L4 2.0L,2015 - 2016
HLTA-2058,Toma de agua,POLAR,TOMA DE AGUA,TOMA DE AGUA,HLTA-2058,Cotizar,/IMAGENES TOMAS DE AGUA HLTA/HLTA-2058.jpg,,,,AUDI,Q3 Quattro,L4 2.0L,2015 - 2016
HLTA-2058,Toma de agua,POLAR,TOMA DE AGUA,TOMA DE AGUA,HLTA-2058,Cotizar,/IMAGENES TOMAS DE AGUA HLTA/HLTA-2058.jpg,,,,AUDI,Q5,L4 2.0L,2011 - 2016
HLTA-2058,Toma de agua,POLAR,TOMA DE AGUA,TOMA DE AGUA,HLTA-2058,Cotizar,/IMAGENES TOMAS DE AGUA HLTA/HLTA-2058.jpg,,,,AUDI,TT,L4 2.0L,2009 - 2009
HLTA-2058,Toma de agua,POLAR,TOMA DE AGUA,TOMA DE AGUA,HLTA-2058,Cotizar,/IMAGENES TOMAS DE AGUA HLTA/HLTA-2058.jpg,,,,AUDI,TT Quattro,L4 2.0L,2009 - 2015
HLTA-2058,Toma de agua,POLAR,TOMA DE AGUA,TOMA DE AGUA,HLTA-2058,Cotizar,/IMAGENES TOMAS DE AGUA HLTA/HLTA-2058.jpg,,,,VOLKSWAGEN,BEETLE,L4 2.0L,2012 - 2013
HLTA-2058,Toma de agua,POLAR,TOMA DE AGUA,TOMA DE AGUA,HLTA-2058,Cotizar,/IMAGENES TOMAS DE AGUA HLTA/HLTA-2058.jpg,,,,VOLKSWAGEN,EOS,L4 2.0L,2010 - 2010
HLTA-2058,Toma de agua,POLAR,TOMA DE AGUA,TOMA DE AGUA,HLTA-2058,Cotizar,/IMAGENES TOMAS DE AGUA HLTA/HLTA-2058.jpg,,,,VOLKSWAGEN,GTI,L4 2.0L,2008 - 2014
HLTA-2058,Toma de agua,POLAR,TOMA DE AGUA,TOMA DE AGUA,HLTA-2058,Cotizar,/IMAGENES TOMAS DE AGUA HLTA/HLTA-2058.jpg,,,,VOLKSWAGEN,JETTA,L4 2.0L,2008 - 2010
HLTA-2058,Toma de agua,POLAR,TOMA DE AGUA,TOMA DE AGUA,HLTA-2058,Cotizar,/IMAGENES TOMAS DE AGUA HLTA/HLTA-2058.jpg,,,,VOLKSWAGEN,JETTA,L4 2.0L,2012 - 2013
HLTA-2058,Toma de agua,POLAR,TOMA DE AGUA,TOMA DE AGUA,HLTA-2058,Cotizar,/IMAGENES TOMAS DE AGUA HLTA/HLTA-2058.jpg,,,,VOLKSWAGEN,PASSAT,L4 2.0L,2008 - 2010
HLTA-2058,Toma de agua,POLAR,TOMA DE AGUA,TOMA DE AGUA,HLTA-2058,Cotizar,/IMAGENES TOMAS DE AGUA HLTA/HLTA-2058.jpg,,,,VOLKSWAGEN,TIGUAN,L4 2.0L,2009 - 2016
HLTA-2059,Toma de agua,POLAR,TOMA DE AGUA,TOMA DE AGUA,HLTA-2059,Cotizar,/IMAGENES TOMAS DE AGUA HLTA/HLTA-2059.jpg,,,,FORD,FIGO,L4 1.5L,2019-2022
HLTA-2060,Toma de agua,POLAR,TOMA DE AGUA,TOMA DE AGUA,HLTA-2060,Cotizar,/IMAGENES TOMAS DE AGUA HLTA/HLTA-2060.jpg,,,,DODGE,CHALLENGER,V6 3.6L,2011-2023
HLTA-2060,Toma de agua,POLAR,TOMA DE AGUA,TOMA DE AGUA,HLTA-2060,Cotizar,/IMAGENES TOMAS DE AGUA HLTA/HLTA-2060.jpg,,,,DODGE,CHARGER,V6 3.6L,2011-2023
HLTA-2061,Toma de agua,POLAR,TOMA DE AGUA,TOMA DE AGUA,HLTA-2061,Cotizar,/IMAGENES TOMAS DE AGUA HLTA/HLTA-2061.jpg,,,,CHEVROLET,ASTRA,L4 2.0L,2004 - 2006
HLTA-2061,Toma de agua,POLAR,TOMA DE AGUA,TOMA DE AGUA,HLTA-2061,Cotizar,/IMAGENES TOMAS DE AGUA HLTA/HLTA-2061.jpg,,,,CHEVROLET,LUV,L4 2.2L,2000 - 2005
HLTA-2062,Toma de agua,POLAR,TOMA DE AGUA,TOMA DE AGUA,HLTA-2062,Cotizar,/IMAGENES TOMAS DE AGUA HLTA/HLTA-2062.jpg,,,,CHEVROLET,ASTRO,V6 4.3L,1990 - 1994
HLTA-2062,Toma de agua,POLAR,TOMA DE AGUA,TOMA DE AGUA,HLTA-2062,Cotizar,/IMAGENES TOMAS DE AGUA HLTA/HLTA-2062.jpg,,,,CHEVROLET,C2500,V6 4.3L,1990 - 1995
HLTA-2062,Toma de agua,POLAR,TOMA DE AGUA,TOMA DE AGUA,HLTA-2062,Cotizar,/IMAGENES TOMAS DE AGUA HLTA/HLTA-2062.jpg,,,,CHEVROLET,G10,V6 4.3L,1990 - 1995
HLTA-2062,Toma de agua,POLAR,TOMA DE AGUA,TOMA DE AGUA,HLTA-2062,Cotizar,/IMAGENES TOMAS DE AGUA HLTA/HLTA-2062.jpg,,,,CHEVROLET,G30,V6 4.3L,1990 - 1996
HLTA-2062,Toma de agua,POLAR,TOMA DE AGUA,TOMA DE AGUA,HLTA-2062,Cotizar,/IMAGENES TOMAS DE AGUA HLTA/HLTA-2062.jpg,,,,CHEVROLET,S10 BLAZER,V6 4.3L,1990 - 1994
HLTA-2062,Toma de agua,POLAR,TOMA DE AGUA,TOMA DE AGUA,HLTA-2062,Cotizar,/IMAGENES TOMAS DE AGUA HLTA/HLTA-2062.jpg,,,,CHEVROLET,S10 PICKUP,V6 4.3L,1990 - 1995
HLTA-2062,Toma de agua,POLAR,TOMA DE AGUA,TOMA DE AGUA,HLTA-2062,Cotizar,/IMAGENES TOMAS DE AGUA HLTA/HLTA-2062.jpg,,,,GMC,JIMMY,V6 4.3L,1990 - 1999
HLTA-2062,Toma de agua,POLAR,TOMA DE AGUA,TOMA DE AGUA,HLTA-2062,Cotizar,/IMAGENES TOMAS DE AGUA HLTA/HLTA-2062.jpg,,,,GMC,SONOMA,V6 4.3L,1991 - 1995
HLTA-2063,Toma de agua,POLAR,TOMA DE AGUA,TOMA DE AGUA,HLTA-2063,Cotizar,/IMAGENES TOMAS DE AGUA HLTA/HLTA-2063.jpg,,,,VOLKSWAGEN,GTI,L4 2.0L,2006 - 2009
HLTA-2063,Toma de agua,POLAR,TOMA DE AGUA,TOMA DE AGUA,HLTA-2063,Cotizar,/IMAGENES TOMAS DE AGUA HLTA/HLTA-2063.jpg,,,,VOLKSWAGEN,JETTA,L4 2.0L,2011 - 2014
HLTA-2064,Toma de agua,POLAR,TOMA DE AGUA,TOMA DE AGUA,HLTA-2064,Cotizar,/IMAGENES TOMAS DE AGUA HLTA/HLTA-2064.jpg,,,,AUDI,TT,L4 1.8L,2003 - 2006
HLTA-2064,Toma de agua,POLAR,TOMA DE AGUA,TOMA DE AGUA,HLTA-2064,Cotizar,/IMAGENES TOMAS DE AGUA HLTA/HLTA-2064.jpg,,,,VOLKSWAGEN,GOLF,L4 1.8L,2002 - 2006
HLTA-2064,Toma de agua,POLAR,TOMA DE AGUA,TOMA DE AGUA,HLTA-2064,Cotizar,/IMAGENES TOMAS DE AGUA HLTA/HLTA-2064.jpg,,,,VOLKSWAGEN,JETTA,L4 1.8L,2002 - 2005
HLTA-2065,Toma de agua,POLAR,TOMA DE AGUA,TOMA DE AGUA,HLTA-2065,Cotizar,/IMAGENES TOMAS DE AGUA HLTA/HLTA-2065.jpg,,,,VOLKSWAGEN,PASSAT,L4 1.8L,1995 - 2005
HLTA-2066,Toma de agua,POLAR,TOMA DE AGUA,TOMA DE AGUA,HLTA-2066,Cotizar,/IMAGENES TOMAS DE AGUA HLTA/HLTA-2066.jpg,,,,VOLKSWAGEN,CORSAR,L4 1.8L,1990 - 1992
HLTA-2066,Toma de agua,POLAR,TOMA DE AGUA,TOMA DE AGUA,HLTA-2066,Cotizar,/IMAGENES TOMAS DE AGUA HLTA/HLTA-2066.jpg,,,,VOLKSWAGEN,GOLF,L4 1.8L,1990 - 1992
HLTA-2066,Toma de agua,POLAR,TOMA DE AGUA,TOMA DE AGUA,HLTA-2066,Cotizar,/IMAGENES TOMAS DE AGUA HLTA/HLTA-2066.jpg,,,,VOLKSWAGEN,JETTA,L4 1.8L,1990 - 1995
HLTA-2067,Toma de agua,POLAR,TOMA DE AGUA,TOMA DE AGUA,HLTA-2067,Cotizar,/IMAGENES TOMAS DE AGUA HLTA/HLTA-2067.jpg,,,,VOLKSWAGEN,BEETLE,L4 1.9L,1998 - 2006
HLTA-2067,Toma de agua,POLAR,TOMA DE AGUA,TOMA DE AGUA,HLTA-2067,Cotizar,/IMAGENES TOMAS DE AGUA HLTA/HLTA-2067.jpg,,,,VOLKSWAGEN,JETTA,L4 1.9L,1999 - 2004
HLTA-2068,Toma de agua,POLAR,TOMA DE AGUA,TOMA DE AGUA,HLTA-2068,Cotizar,/IMAGENES TOMAS DE AGUA HLTA/HLTA-2068.jpg,,,,AUDI,TT,L4 1.8L,2000 - 2006
HLTA-2068,Toma de agua,POLAR,TOMA DE AGUA,TOMA DE AGUA,HLTA-2068,Cotizar,/IMAGENES TOMAS DE AGUA HLTA/HLTA-2068.jpg,,,,AUDI,TT Quattro,L4 1.8L,2000 - 2002
HLTA-2068,Toma de agua,POLAR,TOMA DE AGUA,TOMA DE AGUA,HLTA-2068,Cotizar,/IMAGENES TOMAS DE AGUA HLTA/HLTA-2068.jpg,,,,VOLKSWAGEN,GOLF,L4 1.8L,2000 - 2006
HLTA-2068,Toma de agua,POLAR,TOMA DE AGUA,TOMA DE AGUA,HLTA-2068,Cotizar,/IMAGENES TOMAS DE AGUA HLTA/HLTA-2068.jpg,,,,VOLKSWAGEN,GTI,L4 1.8L,1997 - 2005
HLTA-2068,Toma de agua,POLAR,TOMA DE AGUA,TOMA DE AGUA,HLTA-2068,Cotizar,/IMAGENES TOMAS DE AGUA HLTA/HLTA-2068.jpg,,,,VOLKSWAGEN,JETTA,L4 1.8L,2000 - 2015
HLTA-2069,Toma de agua,POLAR,TOMA DE AGUA,TOMA DE AGUA,HLTA-2069,Cotizar,/IMAGENES TOMAS DE AGUA HLTA/HLTA-2069.jpg,,,,VOLKSWAGEN,GOLF,L4 1.8L,1990 - 1992
HLTA-2069,Toma de agua,POLAR,TOMA DE AGUA,TOMA DE AGUA,HLTA-2069,Cotizar,/IMAGENES TOMAS DE AGUA HLTA/HLTA-2069.jpg,,,,VOLKSWAGEN,GOLF,L4 1.8L,1993 - 1999
HLTA-2069,Toma de agua,POLAR,TOMA DE AGUA,TOMA DE AGUA,HLTA-2069,Cotizar,/IMAGENES TOMAS DE AGUA HLTA/HLTA-2069.jpg,,,,VOLKSWAGEN,JETTA,L4 1.8L,1990 - 1995
HLTA-2070,Toma de agua,POLAR,TOMA DE AGUA,TOMA DE AGUA,HLTA-2070,Cotizar,/IMAGENES TOMAS DE AGUA HLTA/HLTA-2070.jpg,,,,SEAT,CORDOBA,L4 2.0L,2001 - 2009
HLTA-2070,Toma de agua,POLAR,TOMA DE AGUA,TOMA DE AGUA,HLTA-2070,Cotizar,/IMAGENES TOMAS DE AGUA HLTA/HLTA-2070.jpg,,,,SEAT,IBIZA,L4 2.0L,2001 - 2011
HLTA-2071,Toma de agua,POLAR,TOMA DE AGUA,TOMA DE AGUA,HLTA-2071,Cotizar,/IMAGENES TOMAS DE AGUA HLTA/HLTA-2071.jpg,,,,FORD,FIESTA ST,L4 1.6L,2014 - 2018
HLTA-2071,Toma de agua,POLAR,TOMA DE AGUA,TOMA DE AGUA,HLTA-2071,Cotizar,/IMAGENES TOMAS DE AGUA HLTA/HLTA-2071.jpg,,,,VOLVO,S60,L4 1.6L,2010 - 2015
HLTA-2072,Toma de agua,POLAR,TOMA DE AGUA,TOMA DE AGUA,HLTA-2072,Cotizar,/IMAGENES TOMAS DE AGUA HLTA/HLTA-2072.jpg,,,,VOLKSWAGEN,POINTER,L4 1.8L,1998 - 2010
HLTA-2073,Toma de agua,POLAR,TOMA DE AGUA,TOMA DE AGUA,HLTA-2073,Cotizar,/IMAGENES TOMAS DE AGUA HLTA/HLTA-2073.jpg,,,,PEUGEOT,307,L4 2.0L,2003 - 2005
HLTA-2073,Toma de agua,POLAR,TOMA DE AGUA,TOMA DE AGUA,HLTA-2073,Cotizar,/IMAGENES TOMAS DE AGUA HLTA/HLTA-2073.jpg,,,,PEUGEOT,407,L4 2.2L,2006 - 2008
HLTA-2074,Toma de agua,POLAR,TOMA DE AGUA,TOMA DE AGUA,HLTA-2074,Cotizar,/IMAGENES TOMAS DE AGUA HLTA/HLTA-2074.jpg,,,,PEUGEOT,307,L4 2.0L,2005 - 2009
HLTA-2075,Toma de agua,POLAR,TOMA DE AGUA,TOMA DE AGUA,HLTA-2075,Cotizar,/IMAGENES TOMAS DE AGUA HLTA/HLTA-2075.jpg,,,,PEUGEOT,307,L4 2.0L,2006 - 2010
HLTA-2076,Toma de agua,POLAR,TOMA DE AGUA,TOMA DE AGUA,HLTA-2076,Cotizar,/IMAGENES TOMAS DE AGUA HLTA/HLTA-2076.jpg,,,,PEUGEOT,206,L4 1.4L,2003 - 2009
HLTA-2076,Toma de agua,POLAR,TOMA DE AGUA,TOMA DE AGUA,HLTA-2076,Cotizar,/IMAGENES TOMAS DE AGUA HLTA/HLTA-2076.jpg,,,,PEUGEOT,206,L4 1.6L,2001 - 2009
HLTA-2076,Toma de agua,POLAR,TOMA DE AGUA,TOMA DE AGUA,HLTA-2076,Cotizar,/IMAGENES TOMAS DE AGUA HLTA/HLTA-2076.jpg,,,,PEUGEOT,207,L4 1.4L,2008 - 2011
HLTA-2076,Toma de agua,POLAR,TOMA DE AGUA,TOMA DE AGUA,HLTA-2076,Cotizar,/IMAGENES TOMAS DE AGUA HLTA/HLTA-2076.jpg,,,,PEUGEOT,208,L4 1.6L,2014 - 2018
HLTA-2076,Toma de agua,POLAR,TOMA DE AGUA,TOMA DE AGUA,HLTA-2076,Cotizar,/IMAGENES TOMAS DE AGUA HLTA/HLTA-2076.jpg,,,,PEUGEOT,301,L4 1.6L,2013 - 2021
HLTA-2076,Toma de agua,POLAR,TOMA DE AGUA,TOMA DE AGUA,HLTA-2076,Cotizar,/IMAGENES TOMAS DE AGUA HLTA/HLTA-2076.jpg,,,,PEUGEOT,308,L4 1.6L,2016 - 2021
HLTA-2076,Toma de agua,POLAR,TOMA DE AGUA,TOMA DE AGUA,HLTA-2076,Cotizar,/IMAGENES TOMAS DE AGUA HLTA/HLTA-2076.jpg,,,,PEUGEOT,GRAND RAID,L4 1.6L,2008 - 2014
HLTA-2076,Toma de agua,POLAR,TOMA DE AGUA,TOMA DE AGUA,HLTA-2076,Cotizar,/IMAGENES TOMAS DE AGUA HLTA/HLTA-2076.jpg,,,,PEUGEOT,PARTNER,L4 1.6L,2007 - 2009
HLTA-2077,Toma de agua,POLAR,TOMA DE AGUA,TOMA DE AGUA,HLTA-2077,Cotizar,/IMAGENES TOMAS DE AGUA HLTA/HLTA-2077.jpg,,,,PEUGEOT,PARTNER,L4 1.6L,2008 - 2019
HLTA-2078,Toma de agua,POLAR,TOMA DE AGUA,TOMA DE AGUA,HLTA-2078,Cotizar,/IMAGENES TOMAS DE AGUA HLTA/HLTA-2078.jpg,,,,PEUGEOT,PARTNER,L4 1.6L,2004 - 2009
HLTA-2078,Toma de agua,POLAR,TOMA DE AGUA,TOMA DE AGUA,HLTA-2078,Cotizar,/IMAGENES TOMAS DE AGUA HLTA/HLTA-2078.jpg,,,,PEUGEOT,206,L4 1.4L,1999 - 2008
HLTA-2078,Toma de agua,POLAR,TOMA DE AGUA,TOMA DE AGUA,HLTA-2078,Cotizar,/IMAGENES TOMAS DE AGUA HLTA/HLTA-2078.jpg,,,,PEUGEOT,206,L4 1.6L,1999 - 2008
HLTA-2078,Toma de agua,POLAR,TOMA DE AGUA,TOMA DE AGUA,HLTA-2078,Cotizar,/IMAGENES TOMAS DE AGUA HLTA/HLTA-2078.jpg,,,,PEUGEOT,207,L4 1.4L,2007 - 2014
HLTA-2079,Toma de agua,POLAR,TOMA DE AGUA,TOMA DE AGUA,HLTA-2079,Cotizar,/IMAGENES TOMAS DE AGUA HLTA/HLTA-2079.jpg,,,,PEUGEOT,207,L4 1.4L,2008 - 2011
HLTA-2080,Toma de agua,POLAR,TOMA DE AGUA,TOMA DE AGUA,HLTA-2080,Cotizar,/IMAGENES TOMAS DE AGUA HLTA/HLTA-2080.jpg,,,,VOLKSWAGEN,JETTA,L4 2.0L,2011 - 2014
HLTA-2081,Toma de agua,POLAR,TOMA DE AGUA,TOMA DE AGUA,HLTA-2081,Cotizar,/Images/logop.png,,,,,,,
HLTA-2082,Toma de agua,POLAR,TOMA DE AGUA,TOMA DE AGUA,HLTA-2082,Cotizar,/IMAGENES TOMAS DE AGUA HLTA/HLTA-2082.jpg,,,,AUDI,A4,L4 1.8L,2002 - 2005
HLTA-2082,Toma de agua,POLAR,TOMA DE AGUA,TOMA DE AGUA,HLTA-2082,Cotizar,/IMAGENES TOMAS DE AGUA HLTA/HLTA-2082.jpg,,,,AUDI,A4 Quattro,L4 1.8L,2002 - 2005
HLTA-2083,Toma de agua,POLAR,TOMA DE AGUA,TOMA DE AGUA,HLTA-2083,Cotizar,/IMAGENES TOMAS DE AGUA HLTA/HLTA-2083.jpg,,,,HONDA,ACCORD,L4 2.4L,2003 - 2012
HLTA-2083,Toma de agua,POLAR,TOMA DE AGUA,TOMA DE AGUA,HLTA-2083,Cotizar,/IMAGENES TOMAS DE AGUA HLTA/HLTA-2083.jpg,,,,HONDA,ACCORD,V6 3.0L,2006 - 2007
HLTA-2083,Toma de agua,POLAR,TOMA DE AGUA,TOMA DE AGUA,HLTA-2083,Cotizar,/IMAGENES TOMAS DE AGUA HLTA/HLTA-2083.jpg,,,,HONDA,CR-V,L4 2.5L,2006 - 2012
HLTA-2083,Toma de agua,POLAR,TOMA DE AGUA,TOMA DE AGUA,HLTA-2083,Cotizar,/IMAGENES TOMAS DE AGUA HLTA/HLTA-2083.jpg,,,,HONDA,ELEMENT,L4 2.5L,2003 - 2006
HLTA-2084,Toma de agua,POLAR,TOMA DE AGUA,TOMA DE AGUA,HLTA-2084,Cotizar,/IMAGENES TOMAS DE AGUA HLTA/HLTA-2084.jpg,,,,AUDI,TT,L4 1.8L,2000 - 2006
HLTA-2084,Toma de agua,POLAR,TOMA DE AGUA,TOMA DE AGUA,HLTA-2084,Cotizar,/IMAGENES TOMAS DE AGUA HLTA/HLTA-2084.jpg,,,,SEAT,IBIZA FR,L4 1.8L,2005 - 2008
HLTA-2084,Toma de agua,POLAR,TOMA DE AGUA,TOMA DE AGUA,HLTA-2084,Cotizar,/IMAGENES TOMAS DE AGUA HLTA/HLTA-2084.jpg,,,,VOLKSWAGEN,BEETLE,L4 2.0L,1998 - 2011
HLTA-2084,Toma de agua,POLAR,TOMA DE AGUA,TOMA DE AGUA,HLTA-2084,Cotizar,/IMAGENES TOMAS DE AGUA HLTA/HLTA-2084.jpg,,,,VOLKSWAGEN,GOLF,L4 1.8L,2000 - 2006
HLTA-2085,Toma de agua,POLAR,TOMA DE AGUA,TOMA DE AGUA,HLTA-2085,Cotizar,/IMAGENES TOMAS DE AGUA HLTA/HLTA-2085.jpg,,,,VOLKSWAGEN,CABRIOLET,L4 1.8L,1987 - 1993
HLTA-2085,Toma de agua,POLAR,TOMA DE AGUA,TOMA DE AGUA,HLTA-2085,Cotizar,/IMAGENES TOMAS DE AGUA HLTA/HLTA-2085.jpg,,,,VOLKSWAGEN,CARIBE,L4 1.8L,1987 - 1987
HLTA-2085,Toma de agua,POLAR,TOMA DE AGUA,TOMA DE AGUA,HLTA-2085,Cotizar,/IMAGENES TOMAS DE AGUA HLTA/HLTA-2085.jpg,,,,VOLKSWAGEN,DERBY,L4 1.8L,1995 - 1999
HLTA-2085,Toma de agua,POLAR,TOMA DE AGUA,TOMA DE AGUA,HLTA-2085,Cotizar,/IMAGENES TOMAS DE AGUA HLTA/HLTA-2085.jpg,,,,VOLKSWAGEN,GOLF,L4 1.8L,1987 - 1999
HLTA-2085,Toma de agua,POLAR,TOMA DE AGUA,TOMA DE AGUA,HLTA-2085,Cotizar,/IMAGENES TOMAS DE AGUA HLTA/HLTA-2085.jpg,,,,VOLKSWAGEN,JETTA,L4 1.8L,1987 - 1999
HLTA-2086,Toma de agua,POLAR,TOMA DE AGUA,TOMA DE AGUA,HLTA-2086,Cotizar,/IMAGENES TOMAS DE AGUA HLTA/HLTA-2086.jpg,,,,VOLKSWAGEN,GOLF,L4 1.8L,1993 - 1999
HLTA-2086,Toma de agua,POLAR,TOMA DE AGUA,TOMA DE AGUA,HLTA-2086,Cotizar,/IMAGENES TOMAS DE AGUA HLTA/HLTA-2086.jpg,,,,VOLKSWAGEN,JETTA,L4 1.8L,1990 - 1995
HLTA-2087,Toma de agua,POLAR,TOMA DE AGUA,TOMA DE AGUA,HLTA-2087,Cotizar,/IMAGENES TOMAS DE AGUA HLTA/HLTA-2087.jpg,,,,PEUGEOT,PARTNER,L4 1.6L,2001 - 2009
HLTA-2088,Toma de agua,POLAR,TOMA DE AGUA,TOMA DE AGUA,HLTA-2088,Cotizar,/IMAGENES TOMAS DE AGUA HLTA/HLTA-2088.jpg,,,,AUDI,A4,L4 1.8L,2002 - 2005
HLTA-2088,Toma de agua,POLAR,TOMA DE AGUA,TOMA DE AGUA,HLTA-2088,Cotizar,/IMAGENES TOMAS DE AGUA HLTA/HLTA-2088.jpg,,,,AUDI,A4 Quattro,L4 1.8L,2002 - 2005
HLTA-2089,Toma de agua,POLAR,TOMA DE AGUA,TOMA DE AGUA,HLTA-2089,Cotizar,/IMAGENES TOMAS DE AGUA HLTA/HLTA-2089.jpg,,,,VOLKSWAGEN,GOLF,L4 2.0L,1993 - 1999
HLTA-2090,Toma de agua,POLAR,TOMA DE AGUA,TOMA DE AGUA,HLTA-2090,Cotizar,/IMAGENES TOMAS DE AGUA HLTA/HLTA-2090.jpg,,,,VOLKSWAGEN,EUROVAN,L4 1.9L,2003 - 2009
HLTA-2090,Toma de agua,POLAR,TOMA DE AGUA,TOMA DE AGUA,HLTA-2090,Cotizar,/IMAGENES TOMAS DE AGUA HLTA/HLTA-2090.jpg,,,,VOLKSWAGEN,JETTA,L4 1.9L,1999 - 2006
HLTA-2090,Toma de agua,POLAR,TOMA DE AGUA,TOMA DE AGUA,HLTA-2090,Cotizar,/IMAGENES TOMAS DE AGUA HLTA/HLTA-2090.jpg,,,,VOLKSWAGEN,BORA,L4 1.9L,1999 - 2004
HLTA-2090,Toma de agua,POLAR,TOMA DE AGUA,TOMA DE AGUA,HLTA-2090,Cotizar,/IMAGENES TOMAS DE AGUA HLTA/HLTA-2090.jpg,,,,VOLKSWAGEN,JETTA,L4 1.9L,2004 - 2005
HLTA-2091,Toma de agua,POLAR,TOMA DE AGUA,TOMA DE AGUA,HLTA-2091,Cotizar,/Images/logop.png,,,,,,,
HLTA-2092,Toma de agua,POLAR,TOMA DE AGUA,TOMA DE AGUA,HLTA-2092,Cotizar,/IMAGENES TOMAS DE AGUA HLTA/HLTA-2092.jpg,,,,VOLKSWAGEN,CABRIO,L4 2.0L,1995 - 1999
HLTA-2092,Toma de agua,POLAR,TOMA DE AGUA,TOMA DE AGUA,HLTA-2092,Cotizar,/IMAGENES TOMAS DE AGUA HLTA/HLTA-2092.jpg,,,,VOLKSWAGEN,GOLF,L4 2.0L,1993 - 1999
HLTA-2092,Toma de agua,POLAR,TOMA DE AGUA,TOMA DE AGUA,HLTA-2092,Cotizar,/IMAGENES TOMAS DE AGUA HLTA/HLTA-2092.jpg,,,,VOLKSWAGEN,JETTA,L4 2.0L,1995 - 1999
HLTA-2092,Toma de agua,POLAR,TOMA DE AGUA,TOMA DE AGUA,HLTA-2092,Cotizar,/IMAGENES TOMAS DE AGUA HLTA/HLTA-2092.jpg,,,,VOLKSWAGEN,PASSAT,L4 2.0L,1993 - 1996
HLTA-2093,Toma de agua,POLAR,TOMA DE AGUA,TOMA DE AGUA,HLTA-2093,Cotizar,/IMAGENES TOMAS DE AGUA HLTA/HLTA-2093.jpg,,,,VOLKSWAGEN,POINTER,L4 1.8L,1998 - 2010
HLTA-2094,Toma de agua,POLAR,TOMA DE AGUA,TOMA DE AGUA,HLTA-2094,Cotizar,/IMAGENES TOMAS DE AGUA HLTA/HLTA-2094.jpg,,,,VOLKSWAGEN,PASSAT,L4 1.8L,1995 - 2005
HLTA-2095,Toma de agua,POLAR,TOMA DE AGUA,TOMA DE AGUA,HLTA-2095,Cotizar,/IMAGENES TOMAS DE AGUA HLTA/HLTA-2095.jpg,,,,VOLKSWAGEN,CARAVELLE,L4 1.8L,1990 - 1996
HLTA-2095,Toma de agua,POLAR,TOMA DE AGUA,TOMA DE AGUA,HLTA-2095,Cotizar,/IMAGENES TOMAS DE AGUA HLTA/HLTA-2095.jpg,,,,VOLKSWAGEN,COMBI,L4 1.8L,1990 - 2001
HLTA-2095,Toma de agua,POLAR,TOMA DE AGUA,TOMA DE AGUA,HLTA-2095,Cotizar,/IMAGENES TOMAS DE AGUA HLTA/HLTA-2095.jpg,,,,VOLKSWAGEN,GOLF,L4 1.8L,1990 - 1992
HLTA-2095,Toma de agua,POLAR,TOMA DE AGUA,TOMA DE AGUA,HLTA-2095,Cotizar,/IMAGENES TOMAS DE AGUA HLTA/HLTA-2095.jpg,,,,VOLKSWAGEN,JETTA,L4 1.8L,1990 - 1995
HLTA-2096,Toma de agua,POLAR,TOMA DE AGUA,TOMA DE AGUA,HLTA-2096,Cotizar,/IMAGENES TOMAS DE AGUA HLTA/HLTA-2096.jpg,,,,PEUGEOT,206,L4 1.4L,2000 - 2008
HLTA-2096,Toma de agua,POLAR,TOMA DE AGUA,TOMA DE AGUA,HLTA-2096,Cotizar,/IMAGENES TOMAS DE AGUA HLTA/HLTA-2096.jpg,,,,PEUGEOT,206,L4 1.6L,2001 - 2009
HLTA-2096,Toma de agua,POLAR,TOMA DE AGUA,TOMA DE AGUA,HLTA-2096,Cotizar,/IMAGENES TOMAS DE AGUA HLTA/HLTA-2096.jpg,,,,PEUGEOT,PARTNER,L4 1.6L,2002 - 2009
HLTA-2097,Toma de agua,POLAR,TOMA DE AGUA,TOMA DE AGUA,HLTA-2097,Cotizar,/IMAGENES TOMAS DE AGUA HLTA/HLTA-2097.jpg,,,,PEUGEOT,206,L4 1.4L,2000 - 2008
HLTA-2097,Toma de agua,POLAR,TOMA DE AGUA,TOMA DE AGUA,HLTA-2097,Cotizar,/IMAGENES TOMAS DE AGUA HLTA/HLTA-2097.jpg,,,,PEUGEOT,206,L4 1.6L,2001 - 2009
HLTA-2097,Toma de agua,POLAR,TOMA DE AGUA,TOMA DE AGUA,HLTA-2097,Cotizar,/IMAGENES TOMAS DE AGUA HLTA/HLTA-2097.jpg,,,,PEUGEOT,207,L4 1.4L,2009 - 2011
HLTA-2097,Toma de agua,POLAR,TOMA DE AGUA,TOMA DE AGUA,HLTA-2097,Cotizar,/IMAGENES TOMAS DE AGUA HLTA/HLTA-2097.jpg,,,,PEUGEOT,PARTNER,L4 1.6L,2002 - 2009
HLTA-2098,Toma de agua,POLAR,TOMA DE AGUA,TOMA DE AGUA,HLTA-2098,Cotizar,/IMAGENES TOMAS DE AGUA HLTA/HLTA-2098.jpg,,,,FORD,BRONCO,V8 5.0L,1990 - 1996
HLTA-2098,Toma de agua,POLAR,TOMA DE AGUA,TOMA DE AGUA,HLTA-2098,Cotizar,/IMAGENES TOMAS DE AGUA HLTA/HLTA-2098.jpg,,,,FORD,BRONCO,V8 5.8L,1990 - 1996
HLTA-2098,Toma de agua,POLAR,TOMA DE AGUA,TOMA DE AGUA,HLTA-2098,Cotizar,/IMAGENES TOMAS DE AGUA HLTA/HLTA-2098.jpg,,,,FORD,E-150 Econoline,V8 5.0L,1990 - 1994
HLTA-2098,Toma de agua,POLAR,TOMA DE AGUA,TOMA DE AGUA,HLTA-2098,Cotizar,/IMAGENES TOMAS DE AGUA HLTA/HLTA-2098.jpg,,,,FORD,E-150 Econoline,V8 5.8L,1990 - 1990
HLTA-2098,Toma de agua,POLAR,TOMA DE AGUA,TOMA DE AGUA,HLTA-2098,Cotizar,/IMAGENES TOMAS DE AGUA HLTA/HLTA-2098.jpg,,,,FORD,E-150 Econoline,V8 5.8L,1992 - 1994
HLTA-2098,Toma de agua,POLAR,TOMA DE AGUA,TOMA DE AGUA,HLTA-2098,Cotizar,/IMAGENES TOMAS DE AGUA HLTA/HLTA-2098.jpg,,,,FORD,E-150 Econoline Club Wagon,V8 5.0L,1990 - 1994
HLTA-2098,Toma de agua,POLAR,TOMA DE AGUA,TOMA DE AGUA,HLTA-2098,Cotizar,/IMAGENES TOMAS DE AGUA HLTA/HLTA-2098.jpg,,,,FORD,E-150 Econoline Club Wagon,V8 5.8L,1990 - 1990
HLTA-2098,Toma de agua,POLAR,TOMA DE AGUA,TOMA DE AGUA,HLTA-2098,Cotizar,/IMAGENES TOMAS DE AGUA HLTA/HLTA-2098.jpg,,,,FORD,E-150 Econoline Club Wagon,V8 5.8L,1992 - 1994
HLTA-2098,Toma de agua,POLAR,TOMA DE AGUA,TOMA DE AGUA,HLTA-2098,Cotizar,/IMAGENES TOMAS DE AGUA HLTA/HLTA-2098.jpg,,,,FORD,E-250 Econoline,V8 5.0L,1990 - 1991
HLTA-2098,Toma de agua,POLAR,TOMA DE AGUA,TOMA DE AGUA,HLTA-2098,Cotizar,/IMAGENES TOMAS DE AGUA HLTA/HLTA-2098.jpg,,,,FORD,E-250 Econoline,V8 5.8L,1990 - 1994
HLTA-2098,Toma de agua,POLAR,TOMA DE AGUA,TOMA DE AGUA,HLTA-2098,Cotizar,/IMAGENES TOMAS DE AGUA HLTA/HLTA-2098.jpg,,,,FORD,E-250 Econoline Club Wagon,V8 5.8L,1990 - 1991
HLTA-2098,Toma de agua,POLAR,TOMA DE AGUA,TOMA DE AGUA,HLTA-2098,Cotizar,/IMAGENES TOMAS DE AGUA HLTA/HLTA-2098.jpg,,,,FORD,E-350 Econoline,V8 5.8L,1990 - 1994
HLTA-2098,Toma de agua,POLAR,TOMA DE AGUA,TOMA DE AGUA,HLTA-2098,Cotizar,/IMAGENES TOMAS DE AGUA HLTA/HLTA-2098.jpg,,,,FORD,E-350 Econoline Club Wagon,V8 5.8L,1990 - 1996
HLTA-2098,Toma de agua,POLAR,TOMA DE AGUA,TOMA DE AGUA,HLTA-2098,Cotizar,/IMAGENES TOMAS DE AGUA HLTA/HLTA-2098.jpg,,,,FORD,F-150,V8 5.0L,1990 - 1994
HLTA-2098,Toma de agua,POLAR,TOMA DE AGUA,TOMA DE AGUA,HLTA-2098,Cotizar,/IMAGENES TOMAS DE AGUA HLTA/HLTA-2098.jpg,,,,FORD,F-150,V8 5.8L,1990 - 1994
HLTA-2098,Toma de agua,POLAR,TOMA DE AGUA,TOMA DE AGUA,HLTA-2098,Cotizar,/IMAGENES TOMAS DE AGUA HLTA/HLTA-2098.jpg,,,,FORD,F-250,V8 5.0L,1990 - 1996
HLTA-2098,Toma de agua,POLAR,TOMA DE AGUA,TOMA DE AGUA,HLTA-2098,Cotizar,/IMAGENES TOMAS DE AGUA HLTA/HLTA-2098.jpg,,,,FORD,F-250,V8 5.8L,1990 - 1997
HLTA-2098,Toma de agua,POLAR,TOMA DE AGUA,TOMA DE AGUA,HLTA-2098,Cotizar,/IMAGENES TOMAS DE AGUA HLTA/HLTA-2098.jpg,,,,FORD,F-350,V8 5.8L,1990 - 1997
HLTA-2099,Toma de agua,POLAR,TOMA DE AGUA,TOMA DE AGUA,HLTA-2099,Cotizar,/IMAGENES TOMAS DE AGUA HLTA/HLTA-2099.jpg,,,,JAC,FRISON T6,L4 2.0L,2019 - 2023
HLTA-2100,Toma de agua,POLAR,TOMA DE AGUA,TOMA DE AGUA,HLTA-2100,Cotizar,/Images/logop.png,,,,DODGE,ATOS,L4 1.1L,2004-2005
HLTA-2101,Toma de agua,POLAR,TOMA DE AGUA,TOMA DE AGUA,HLTA-2101,Cotizar,/IMAGENES TOMAS DE AGUA HLTA/HLTA-2101.jpg,,,,FIAT,500,L4 1.4L,2012 - 2017
HLTA-2102,Toma de agua,POLAR,TOMA DE AGUA,TOMA DE AGUA,HLTA-2102,Cotizar,/IMAGENES TOMAS DE AGUA HLTA/HLTA-2102.jpg,,,,VOLKSWAGEN,CABRIO,L4 2.0L,1995 - 2002
HLTA-2102,Toma de agua,POLAR,TOMA DE AGUA,TOMA DE AGUA,HLTA-2102,Cotizar,/IMAGENES TOMAS DE AGUA HLTA/HLTA-2102.jpg,,,,VOLKSWAGEN,GOLF,L4 1.8L,1993 - 1999
HLTA-2102,Toma de agua,POLAR,TOMA DE AGUA,TOMA DE AGUA,HLTA-2102,Cotizar,/IMAGENES TOMAS DE AGUA HLTA/HLTA-2102.jpg,,,,VOLKSWAGEN,GOLF,L4 2.0L,1993 - 1999
HLTA-2102,Toma de agua,POLAR,TOMA DE AGUA,TOMA DE AGUA,HLTA-2102,Cotizar,/IMAGENES TOMAS DE AGUA HLTA/HLTA-2102.jpg,,,,VOLKSWAGEN,JETTA,L4 1.8L,1990 - 1995
HLTA-2103,Toma de agua,POLAR,TOMA DE AGUA,TOMA DE AGUA,HLTA-2103,Cotizar,/IMAGENES TOMAS DE AGUA HLTA/HLTA-2103.jpg,,,,BUICK,RAINIER,L6 4.2L,2005 - 2005
HLTA-2103,Toma de agua,POLAR,TOMA DE AGUA,TOMA DE AGUA,HLTA-2103,Cotizar,/IMAGENES TOMAS DE AGUA HLTA/HLTA-2103.jpg,,,,BUICK,RAINIER,V8 5.3L,2004 - 2006
HLTA-2103,Toma de agua,POLAR,TOMA DE AGUA,TOMA DE AGUA,HLTA-2103,Cotizar,/IMAGENES TOMAS DE AGUA HLTA/HLTA-2103.jpg,,,,BUICK,REGAL,V6 3.8L,1990 - 1992
HLTA-2103,Toma de agua,POLAR,TOMA DE AGUA,TOMA DE AGUA,HLTA-2103,Cotizar,/IMAGENES TOMAS DE AGUA HLTA/HLTA-2103.jpg,,,,BUICK,RENDEZVOUS,V6 3.4L,2002 - 2005
HLTA-2103,Toma de agua,POLAR,TOMA DE AGUA,TOMA DE AGUA,HLTA-2103,Cotizar,/IMAGENES TOMAS DE AGUA HLTA/HLTA-2103.jpg,,,,CADILLAC,ESCALADE,V8 5.3L,2002 - 2002
HLTA-2103,Toma de agua,POLAR,TOMA DE AGUA,TOMA DE AGUA,HLTA-2103,Cotizar,/IMAGENES TOMAS DE AGUA HLTA/HLTA-2103.jpg,,,,CADILLAC,ESCALADE,V8 6.0L,2002 - 2002
HLTA-2103,Toma de agua,POLAR,TOMA DE AGUA,TOMA DE AGUA,HLTA-2103,Cotizar,/IMAGENES TOMAS DE AGUA HLTA/HLTA-2103.jpg,,,,CHEVROLET,COLORADO,L4 2.8L,2004 - 2006
HLTA-2103,Toma de agua,POLAR,TOMA DE AGUA,TOMA DE AGUA,HLTA-2103,Cotizar,/IMAGENES TOMAS DE AGUA HLTA/HLTA-2103.jpg,,,,CHEVROLET,COLORADO,L5 3.5L,2004 - 2006
HLTA-2103,Toma de agua,POLAR,TOMA DE AGUA,TOMA DE AGUA,HLTA-2103,Cotizar,/IMAGENES TOMAS DE AGUA HLTA/HLTA-2103.jpg,,,,CHEVROLET,LUMINA APV,V6 3.1L,1990 - 1991
HLTA-2103,Toma de agua,POLAR,TOMA DE AGUA,TOMA DE AGUA,HLTA-2103,Cotizar,/IMAGENES TOMAS DE AGUA HLTA/HLTA-2103.jpg,,,,CHEVROLET,LUMINA APV,V6 3.1L,1994 - 1995
HLTA-2103,Toma de agua,POLAR,TOMA DE AGUA,TOMA DE AGUA,HLTA-2103,Cotizar,/IMAGENES TOMAS DE AGUA HLTA/HLTA-2103.jpg,,,,CHEVROLET,LUMINA APV,V6 3.4L,1996 - 1996
HLTA-2103,Toma de agua,POLAR,TOMA DE AGUA,TOMA DE AGUA,HLTA-2103,Cotizar,/IMAGENES TOMAS DE AGUA HLTA/HLTA-2103.jpg,,,,CHEVROLET,LUMINA APV,V6 3.8L,1992 - 1995
HLTA-2103,Toma de agua,POLAR,TOMA DE AGUA,TOMA DE AGUA,HLTA-2103,Cotizar,/IMAGENES TOMAS DE AGUA HLTA/HLTA-2103.jpg,,,,CHEVROLET,MALIBU,V6 3.1L,1997 - 2003
HLTA-2103,Toma de agua,POLAR,TOMA DE AGUA,TOMA DE AGUA,HLTA-2103,Cotizar,/IMAGENES TOMAS DE AGUA HLTA/HLTA-2103.jpg,,,,CHEVROLET,SILVERADO 2500 HD,V8 6.6L,2001 - 2006
HLTA-2103,Toma de agua,POLAR,TOMA DE AGUA,TOMA DE AGUA,HLTA-2103,Cotizar,/IMAGENES TOMAS DE AGUA HLTA/HLTA-2103.jpg,,,,CHEVROLET,SILVERADO 3500,V8 6.6L,2001 - 2006
HLTA-2103,Toma de agua,POLAR,TOMA DE AGUA,TOMA DE AGUA,HLTA-2103,Cotizar,/IMAGENES TOMAS DE AGUA HLTA/HLTA-2103.jpg,,,,CHEVROLET,SUBURBAN 1500,V8 5.3L,2000 - 2002
HLTA-2103,Toma de agua,POLAR,TOMA DE AGUA,TOMA DE AGUA,HLTA-2103,Cotizar,/IMAGENES TOMAS DE AGUA HLTA/HLTA-2103.jpg,,,,CHEVROLET,SUBURBAN 2500,V8 6.0L,2000 - 2002
HLTA-2103,Toma de agua,POLAR,TOMA DE AGUA,TOMA DE AGUA,HLTA-2103,Cotizar,/IMAGENES TOMAS DE AGUA HLTA/HLTA-2103.jpg,,,,CHEVROLET,SUBURBAN 2500,V8 8.1L,2001 - 2006
HLTA-2103,Toma de agua,POLAR,TOMA DE AGUA,TOMA DE AGUA,HLTA-2103,Cotizar,/IMAGENES TOMAS DE AGUA HLTA/HLTA-2103.jpg,,,,CHEVROLET,TAHOE,V8 4.8L,2000 - 2002
HLTA-2103,Toma de agua,POLAR,TOMA DE AGUA,TOMA DE AGUA,HLTA-2103,Cotizar,/IMAGENES TOMAS DE AGUA HLTA/HLTA-2103.jpg,,,,CHEVROLET,TAHOE,V8 5.3L,2000 - 2002
HLTA-2103,Toma de agua,POLAR,TOMA DE AGUA,TOMA DE AGUA,HLTA-2103,Cotizar,/IMAGENES TOMAS DE AGUA HLTA/HLTA-2103.jpg,,,,CHEVROLET,TRAILBLAZER,L6 4.2L,2002 - 2005
HLTA-2103,Toma de agua,POLAR,TOMA DE AGUA,TOMA DE AGUA,HLTA-2103,Cotizar,/IMAGENES TOMAS DE AGUA HLTA/HLTA-2103.jpg,,,,CHEVROLET,TRAILBLAZER,V8 5.3L,2006 - 2006
HLTA-2103,Toma de agua,POLAR,TOMA DE AGUA,TOMA DE AGUA,HLTA-2103,Cotizar,/IMAGENES TOMAS DE AGUA HLTA/HLTA-2103.jpg,,,,CHEVROLET,VENTURE,V6 3.4L,1997 - 2005
HLTA-2103,Toma de agua,POLAR,TOMA DE AGUA,TOMA DE AGUA,HLTA-2103,Cotizar,/IMAGENES TOMAS DE AGUA HLTA/HLTA-2103.jpg,,,,CHRYSLER,CIRRUS,V6 2.5L,1995 - 2000
HLTA-2103,Toma de agua,POLAR,TOMA DE AGUA,TOMA DE AGUA,HLTA-2103,Cotizar,/IMAGENES TOMAS DE AGUA HLTA/HLTA-2103.jpg,,,,CHRYSLER,SEBRING,V6 2.5L,1997 - 2000
HLTA-2103,Toma de agua,POLAR,TOMA DE AGUA,TOMA DE AGUA,HLTA-2103,Cotizar,/IMAGENES TOMAS DE AGUA HLTA/HLTA-2103.jpg,,,,DODGE,STRATUS,V6 2.5L,1995 - 2000
HLTA-2103,Toma de agua,POLAR,TOMA DE AGUA,TOMA DE AGUA,HLTA-2103,Cotizar,/IMAGENES TOMAS DE AGUA HLTA/HLTA-2103.jpg,,,,FORD,AEROSTAR,V6 3.0L,1990 - 1992
HLTA-2103,Toma de agua,POLAR,TOMA DE AGUA,TOMA DE AGUA,HLTA-2103,Cotizar,/IMAGENES TOMAS DE AGUA HLTA/HLTA-2103.jpg,,,,FORD,AEROSTAR,V6 4.0L,1994 - 1995
HLTA-2103,Toma de agua,POLAR,TOMA DE AGUA,TOMA DE AGUA,HLTA-2103,Cotizar,/IMAGENES TOMAS DE AGUA HLTA/HLTA-2103.jpg,,,,FORD,E-150 Econoline,V6 4.2L,1997 - 2003
HLTA-2103,Toma de agua,POLAR,TOMA DE AGUA,TOMA DE AGUA,HLTA-2103,Cotizar,/IMAGENES TOMAS DE AGUA HLTA/HLTA-2103.jpg,,,,FORD,E-150 Econoline,V8 4.6L,1999 - 2003
HLTA-2103,Toma de agua,POLAR,TOMA DE AGUA,TOMA DE AGUA,HLTA-2103,Cotizar,/IMAGENES TOMAS DE AGUA HLTA/HLTA-2103.jpg,,,,FORD,E-150 Econoline,V8 5.4L,1998 - 2003
HLTA-2103,Toma de agua,POLAR,TOMA DE AGUA,TOMA DE AGUA,HLTA-2103,Cotizar,/IMAGENES TOMAS DE AGUA HLTA/HLTA-2103.jpg,,,,FORD,E-150 Econoline Club Wagon,V6 4.2L,1997 - 2000
HLTA-2103,Toma de agua,POLAR,TOMA DE AGUA,TOMA DE AGUA,HLTA-2103,Cotizar,/IMAGENES TOMAS DE AGUA HLTA/HLTA-2103.jpg,,,,FORD,E-150 Econoline Club Wagon,V8 4.6L,1999 - 2003
HLTA-2103,Toma de agua,POLAR,TOMA DE AGUA,TOMA DE AGUA,HLTA-2103,Cotizar,/IMAGENES TOMAS DE AGUA HLTA/HLTA-2103.jpg,,,,FORD,E-150 Econoline Club Wagon,V8 5.4L,1998 - 2002
HLTA-2103,Toma de agua,POLAR,TOMA DE AGUA,TOMA DE AGUA,HLTA-2103,Cotizar,/IMAGENES TOMAS DE AGUA HLTA/HLTA-2103.jpg,,,,FORD,E-250 Econoline,V6 4.2L,1997 - 2003
HLTA-2103,Toma de agua,POLAR,TOMA DE AGUA,TOMA DE AGUA,HLTA-2103,Cotizar,/IMAGENES TOMAS DE AGUA HLTA/HLTA-2103.jpg,,,,FORD,E-250 Econoline,V8 4.6L,2003 - 2003
HLTA-2103,Toma de agua,POLAR,TOMA DE AGUA,TOMA DE AGUA,HLTA-2103,Cotizar,/IMAGENES TOMAS DE AGUA HLTA/HLTA-2103.jpg,,,,FORD,E-250 Econoline,V8 5.4L,1998 - 2003
HLTA-2103,Toma de agua,POLAR,TOMA DE AGUA,TOMA DE AGUA,HLTA-2103,Cotizar,/IMAGENES TOMAS DE AGUA HLTA/HLTA-2103.jpg,,,,FORD,E-350 Econoline,V8 5.4L,1998 - 2000
HLTA-2103,Toma de agua,POLAR,TOMA DE AGUA,TOMA DE AGUA,HLTA-2103,Cotizar,/IMAGENES TOMAS DE AGUA HLTA/HLTA-2103.jpg,,,,FORD,E-350 Econoline Club Wagon,V8 5.4L,1998 - 2003
HLTA-2103,Toma de agua,POLAR,TOMA DE AGUA,TOMA DE AGUA,HLTA-2103,Cotizar,/IMAGENES TOMAS DE AGUA HLTA/HLTA-2103.jpg,,,,FORD,EXCURSION,V8 7.3L,2000 - 2001
HLTA-2103,Toma de agua,POLAR,TOMA DE AGUA,TOMA DE AGUA,HLTA-2103,Cotizar,/IMAGENES TOMAS DE AGUA HLTA/HLTA-2103.jpg,,,,FORD,EXPEDITION,V8 4.6L,1997 - 2002
HLTA-2103,Toma de agua,POLAR,TOMA DE AGUA,TOMA DE AGUA,HLTA-2103,Cotizar,/IMAGENES TOMAS DE AGUA HLTA/HLTA-2103.jpg,,,,FORD,EXPEDITION,V8 5.4L,1997 - 2002
HLTA-2103,Toma de agua,POLAR,TOMA DE AGUA,TOMA DE AGUA,HLTA-2103,Cotizar,/IMAGENES TOMAS DE AGUA HLTA/HLTA-2103.jpg,,,,FORD,F-150,V6 4.2L,1997 - 2004
HLTA-2103,Toma de agua,POLAR,TOMA DE AGUA,TOMA DE AGUA,HLTA-2103,Cotizar,/IMAGENES TOMAS DE AGUA HLTA/HLTA-2103.jpg,,,,FORD,F-150,V8 4.6L,2000 - 2003
HLTA-2103,Toma de agua,POLAR,TOMA DE AGUA,TOMA DE AGUA,HLTA-2103,Cotizar,/IMAGENES TOMAS DE AGUA HLTA/HLTA-2103.jpg,,,,FORD,F-150,V8 5.4L,2000 - 2003
HLTA-2103,Toma de agua,POLAR,TOMA DE AGUA,TOMA DE AGUA,HLTA-2103,Cotizar,/IMAGENES TOMAS DE AGUA HLTA/HLTA-2103.jpg,,,,FORD,F-250,V8 4.6L,2000 - 2003
HLTA-2103,Toma de agua,POLAR,TOMA DE AGUA,TOMA DE AGUA,HLTA-2103,Cotizar,/IMAGENES TOMAS DE AGUA HLTA/HLTA-2103.jpg,,,,FORD,F-250,V8 5.4L,2000 - 2001
HLTA-2103,Toma de agua,POLAR,TOMA DE AGUA,TOMA DE AGUA,HLTA-2103,Cotizar,/IMAGENES TOMAS DE AGUA HLTA/HLTA-2103.jpg,,,,FORD,F-250 Super Duty,V10 6.8L,2000 - 2001
HLTA-2103,Toma de agua,POLAR,TOMA DE AGUA,TOMA DE AGUA,HLTA-2103,Cotizar,/IMAGENES TOMAS DE AGUA HLTA/HLTA-2103.jpg,,,,FORD,F-250 Super Duty,V8 5.4L,2002 - 2002
HLTA-2103,Toma de agua,POLAR,TOMA DE AGUA,TOMA DE AGUA,HLTA-2103,Cotizar,/IMAGENES TOMAS DE AGUA HLTA/HLTA-2103.jpg,,,,FORD,F-250 Super Duty,V8 7.3L,1999 - 2003
HLTA-2103,Toma de agua,POLAR,TOMA DE AGUA,TOMA DE AGUA,HLTA-2103,Cotizar,/IMAGENES TOMAS DE AGUA HLTA/HLTA-2103.jpg,,,,FORD,F-350 Super Duty,V10 6.8L,2000 - 2001
HLTA-2103,Toma de agua,POLAR,TOMA DE AGUA,TOMA DE AGUA,HLTA-2103,Cotizar,/IMAGENES TOMAS DE AGUA HLTA/HLTA-2103.jpg,,,,FORD,F-350 Super Duty,V8 5.4L,2002 - 2002
HLTA-2103,Toma de agua,POLAR,TOMA DE AGUA,TOMA DE AGUA,HLTA-2103,Cotizar,/IMAGENES TOMAS DE AGUA HLTA/HLTA-2103.jpg,,,,FORD,F-350 Super Duty,V8 7.3L,1999 - 2003
HLTA-2103,Toma de agua,POLAR,TOMA DE AGUA,TOMA DE AGUA,HLTA-2103,Cotizar,/IMAGENES TOMAS DE AGUA HLTA/HLTA-2103.jpg,,,,FORD,THUNDERBIRD,V8 3.9L,2002 - 2002
HLTA-2103,Toma de agua,POLAR,TOMA DE AGUA,TOMA DE AGUA,HLTA-2103,Cotizar,/IMAGENES TOMAS DE AGUA HLTA/HLTA-2103.jpg,,,,GMC,CANYON,L4 2.8L,2004 - 2006
HLTA-2103,Toma de agua,POLAR,TOMA DE AGUA,TOMA DE AGUA,HLTA-2103,Cotizar,/IMAGENES TOMAS DE AGUA HLTA/HLTA-2103.jpg,,,,GMC,CANYON,L5 3.5L,2004 - 2006
HLTA-2103,Toma de agua,POLAR,TOMA DE AGUA,TOMA DE AGUA,HLTA-2103,Cotizar,/IMAGENES TOMAS DE AGUA HLTA/HLTA-2103.jpg,,,,GMC,ENVOY,L6 4.2L,2002 - 2005
HLTA-2103,Toma de agua,POLAR,TOMA DE AGUA,TOMA DE AGUA,HLTA-2103,Cotizar,/IMAGENES TOMAS DE AGUA HLTA/HLTA-2103.jpg,,,,GMC,ENVOY,V8 5.3L,2005 - 2006
HLTA-2103,Toma de agua,POLAR,TOMA DE AGUA,TOMA DE AGUA,HLTA-2103,Cotizar,/IMAGENES TOMAS DE AGUA HLTA/HLTA-2103.jpg,,,,GMC,SIERRA 2500 HD,V8 6.6L,2001 - 2006
HLTA-2103,Toma de agua,POLAR,TOMA DE AGUA,TOMA DE AGUA,HLTA-2103,Cotizar,/IMAGENES TOMAS DE AGUA HLTA/HLTA-2103.jpg,,,,GMC,SIERRA 3500,V8 6.6L,2001 - 2006
HLTA-2103,Toma de agua,POLAR,TOMA DE AGUA,TOMA DE AGUA,HLTA-2103,Cotizar,/IMAGENES TOMAS DE AGUA HLTA/HLTA-2103.jpg,,,,GMC,YUKON,V8 4.8L,2000 - 2002
HLTA-2103,Toma de agua,POLAR,TOMA DE AGUA,TOMA DE AGUA,HLTA-2103,Cotizar,/IMAGENES TOMAS DE AGUA HLTA/HLTA-2103.jpg,,,,GMC,YUKON,V8 5.3L,2000 - 2002
HLTA-2103,Toma de agua,POLAR,TOMA DE AGUA,TOMA DE AGUA,HLTA-2103,Cotizar,/IMAGENES TOMAS DE AGUA HLTA/HLTA-2103.jpg,,,,GMC,YUKON,V8 6.0L,2001 - 2002
HLTA-2103,Toma de agua,POLAR,TOMA DE AGUA,TOMA DE AGUA,HLTA-2103,Cotizar,/IMAGENES TOMAS DE AGUA HLTA/HLTA-2103.jpg,,,,GMC,YUKON XL 1500,V8 5.3L,2000 - 2002
HLTA-2103,Toma de agua,POLAR,TOMA DE AGUA,TOMA DE AGUA,HLTA-2103,Cotizar,/IMAGENES TOMAS DE AGUA HLTA/HLTA-2103.jpg,,,,GMC,YUKON XL 1500,V8 6.0L,2001 - 2002
HLTA-2103,Toma de agua,POLAR,TOMA DE AGUA,TOMA DE AGUA,HLTA-2103,Cotizar,/IMAGENES TOMAS DE AGUA HLTA/HLTA-2103.jpg,,,,GMC,YUKON XL 2500,V8 6.0L,2000 - 2002
HLTA-2103,Toma de agua,POLAR,TOMA DE AGUA,TOMA DE AGUA,HLTA-2103,Cotizar,/IMAGENES TOMAS DE AGUA HLTA/HLTA-2103.jpg,,,,GMC,YUKON XL 2500,V8 8.1L,2001 - 2006
HLTA-2103,Toma de agua,POLAR,TOMA DE AGUA,TOMA DE AGUA,HLTA-2103,Cotizar,/IMAGENES TOMAS DE AGUA HLTA/HLTA-2103.jpg,,,,HUMMER,H3,L5 3.5L,2006 - 2006
HLTA-2103,Toma de agua,POLAR,TOMA DE AGUA,TOMA DE AGUA,HLTA-2103,Cotizar,/IMAGENES TOMAS DE AGUA HLTA/HLTA-2103.jpg,,,,ISUZU,ASCENDER,L6 4.2L,2003 - 2005
HLTA-2103,Toma de agua,POLAR,TOMA DE AGUA,TOMA DE AGUA,HLTA-2103,Cotizar,/IMAGENES TOMAS DE AGUA HLTA/HLTA-2103.jpg,,,,ISUZU,ASCENDER,V8 5.3L,2004 - 2005
HLTA-2103,Toma de agua,POLAR,TOMA DE AGUA,TOMA DE AGUA,HLTA-2103,Cotizar,/IMAGENES TOMAS DE AGUA HLTA/HLTA-2103.jpg,,,,ISUZU,I-280 PICKUP,L4 2.8L,2006 - 2006
HLTA-2103,Toma de agua,POLAR,TOMA DE AGUA,TOMA DE AGUA,HLTA-2103,Cotizar,/IMAGENES TOMAS DE AGUA HLTA/HLTA-2103.jpg,,,,ISUZU,I-350 PICKUP,L5 3.5L,2006 - 2006
HLTA-2103,Toma de agua,POLAR,TOMA DE AGUA,TOMA DE AGUA,HLTA-2103,Cotizar,/IMAGENES TOMAS DE AGUA HLTA/HLTA-2103.jpg,,,,JAGUAR,S-TYPE,V8 4.0L,2000 - 2002
HLTA-2103,Toma de agua,POLAR,TOMA DE AGUA,TOMA DE AGUA,HLTA-2103,Cotizar,/IMAGENES TOMAS DE AGUA HLTA/HLTA-2103.jpg,,,,LINCOLN,LS,V8 3.9L,2000 - 2002
HLTA-2103,Toma de agua,POLAR,TOMA DE AGUA,TOMA DE AGUA,HLTA-2103,Cotizar,/IMAGENES TOMAS DE AGUA HLTA/HLTA-2103.jpg,,,,LINCOLN,NAVIGATOR,V8 5.4L,1998 - 1999
HLTA-2103,Toma de agua,POLAR,TOMA DE AGUA,TOMA DE AGUA,HLTA-2103,Cotizar,/IMAGENES TOMAS DE AGUA HLTA/HLTA-2103.jpg,,,,OLDSMOBILE,ALERO,V6 3.4L,1999 - 2004
HLTA-2103,Toma de agua,POLAR,TOMA DE AGUA,TOMA DE AGUA,HLTA-2103,Cotizar,/IMAGENES TOMAS DE AGUA HLTA/HLTA-2103.jpg,,,,OLDSMOBILE,BRAVADA,L6 4.2L,2002 - 2004
HLTA-2103,Toma de agua,POLAR,TOMA DE AGUA,TOMA DE AGUA,HLTA-2103,Cotizar,/IMAGENES TOMAS DE AGUA HLTA/HLTA-2103.jpg,,,,OLDSMOBILE,SILHOUETTE,V6 3.1L,1990 - 1994
HLTA-2104,Toma de agua,POLAR,TOMA DE AGUA,TOMA DE AGUA,HLTA-2104,Cotizar,/IMAGENES TOMAS DE AGUA HLTA/HLTA-2104.jpg,,,,GMC,CANYON,L5 3.5L,2005 - 2006
HLTA-2104,Toma de agua,POLAR,TOMA DE AGUA,TOMA DE AGUA,HLTA-2104,Cotizar,/IMAGENES TOMAS DE AGUA HLTA/HLTA-2104.jpg,,,,GMC,ENVOY,V8 5.3L,2005 - 2005
HLTA-2104,Toma de agua,POLAR,TOMA DE AGUA,TOMA DE AGUA,HLTA-2104,Cotizar,/IMAGENES TOMAS DE AGUA HLTA/HLTA-2104.jpg,,,,HUMMER,H3,L5 3.5L,2006 - 2006
HLTA-2104,Toma de agua,POLAR,TOMA DE AGUA,TOMA DE AGUA,HLTA-2104,Cotizar,/IMAGENES TOMAS DE AGUA HLTA/HLTA-2104.jpg,,,,ISUZU,ASCENDER,V8 5.3L,2004 - 2005
HLTA-2104,Toma de agua,POLAR,TOMA DE AGUA,TOMA DE AGUA,HLTA-2104,Cotizar,/IMAGENES TOMAS DE AGUA HLTA/HLTA-2104.jpg,,,,ISUZU,I-280 PICKUP,L4 2.8L,2006 - 2006
HLTA-2104,Toma de agua,POLAR,TOMA DE AGUA,TOMA DE AGUA,HLTA-2104,Cotizar,/IMAGENES TOMAS DE AGUA HLTA/HLTA-2104.jpg,,,,ISUZU,I-350 PICKUP,L5 3.5L,2006 - 2006
HLTA-2104,Toma de agua,POLAR,TOMA DE AGUA,TOMA DE AGUA,HLTA-2104,Cotizar,/IMAGENES TOMAS DE AGUA HLTA/HLTA-2104.jpg,,,,OLDSMOBILE,ACHIEVA,L4 2.4L,1997 - 1998
HLTA-2104,Toma de agua,POLAR,TOMA DE AGUA,TOMA DE AGUA,HLTA-2104,Cotizar,/IMAGENES TOMAS DE AGUA HLTA/HLTA-2104.jpg,,,,OLDSMOBILE,ALERO,L4 2.4L,1999 - 2001
HLTA-2104,Toma de agua,POLAR,TOMA DE AGUA,TOMA DE AGUA,HLTA-2104,Cotizar,/IMAGENES TOMAS DE AGUA HLTA/HLTA-2104.jpg,,,,PONTIAC,GRAND AM,L4 2.4L,1997 - 2001
HLTA-2104,Toma de agua,POLAR,TOMA DE AGUA,TOMA DE AGUA,HLTA-2104,Cotizar,/IMAGENES TOMAS DE AGUA HLTA/HLTA-2104.jpg,,,,PONTIAC,SUNFIRE,L4 2.4L,2000 - 2002
HLTA-2105,Toma de agua,POLAR,TOMA DE AGUA,TOMA DE AGUA,HLTA-2105,Cotizar,/IMAGENES TOMAS DE AGUA HLTA/HLTA-2105.jpg,,,,FORD,E-150 Econoline,V6 4.2L,2001 - 2003
HLTA-2105,Toma de agua,POLAR,TOMA DE AGUA,TOMA DE AGUA,HLTA-2105,Cotizar,/IMAGENES TOMAS DE AGUA HLTA/HLTA-2105.jpg,,,,FORD,E-150 Econoline,V8 4.6L,2002 - 2003
HLTA-2105,Toma de agua,POLAR,TOMA DE AGUA,TOMA DE AGUA,HLTA-2105,Cotizar,/IMAGENES TOMAS DE AGUA HLTA/HLTA-2105.jpg,,,,FORD,E-150 Econoline,V8 5.4L,2002 - 2003
HLTA-2105,Toma de agua,POLAR,TOMA DE AGUA,TOMA DE AGUA,HLTA-2105,Cotizar,/IMAGENES TOMAS DE AGUA HLTA/HLTA-2105.jpg,,,,FORD,E-150 Econoline Club Wagon,V8 4.6L,2002 - 2002
HLTA-2105,Toma de agua,POLAR,TOMA DE AGUA,TOMA DE AGUA,HLTA-2105,Cotizar,/IMAGENES TOMAS DE AGUA HLTA/HLTA-2105.jpg,,,,FORD,E-150 Econoline Club Wagon,V8 4.6L,2003 - 2003
HLTA-2105,Toma de agua,POLAR,TOMA DE AGUA,TOMA DE AGUA,HLTA-2105,Cotizar,/IMAGENES TOMAS DE AGUA HLTA/HLTA-2105.jpg,,,,FORD,E-150 Econoline Club Wagon,V8 5.4L,2002 - 2003
HLTA-2105,Toma de agua,POLAR,TOMA DE AGUA,TOMA DE AGUA,HLTA-2105,Cotizar,/IMAGENES TOMAS DE AGUA HLTA/HLTA-2105.jpg,,,,FORD,E-250 Econoline,V6 4.2L,2001 - 2003
HLTA-2105,Toma de agua,POLAR,TOMA DE AGUA,TOMA DE AGUA,HLTA-2105,Cotizar,/IMAGENES TOMAS DE AGUA HLTA/HLTA-2105.jpg,,,,FORD,E-250 Econoline,V8 4.6L,2003 - 2003
HLTA-2105,Toma de agua,POLAR,TOMA DE AGUA,TOMA DE AGUA,HLTA-2105,Cotizar,/IMAGENES TOMAS DE AGUA HLTA/HLTA-2105.jpg,,,,FORD,E-250 Econoline,V8 5.4L,2002 - 2003
HLTA-2105,Toma de agua,POLAR,TOMA DE AGUA,TOMA DE AGUA,HLTA-2105,Cotizar,/IMAGENES TOMAS DE AGUA HLTA/HLTA-2105.jpg,,,,FORD,E-350 Econoline Club Wagon,V10 6.8L,2000 - 2000
HLTA-2105,Toma de agua,POLAR,TOMA DE AGUA,TOMA DE AGUA,HLTA-2105,Cotizar,/IMAGENES TOMAS DE AGUA HLTA/HLTA-2105.jpg,,,,FORD,E-350 Econoline Club Wagon,V8 5.4L,2002 - 2003
HLTA-2105,Toma de agua,POLAR,TOMA DE AGUA,TOMA DE AGUA,HLTA-2105,Cotizar,/IMAGENES TOMAS DE AGUA HLTA/HLTA-2105.jpg,,,,FORD,E-350 Super Duty,V10 6.8L,2000 - 2001
HLTA-2105,Toma de agua,POLAR,TOMA DE AGUA,TOMA DE AGUA,HLTA-2105,Cotizar,/IMAGENES TOMAS DE AGUA HLTA/HLTA-2105.jpg,,,,FORD,E-350 Super Duty,V8 5.4L,2002 - 2002
HLTA-2105,Toma de agua,POLAR,TOMA DE AGUA,TOMA DE AGUA,HLTA-2105,Cotizar,/IMAGENES TOMAS DE AGUA HLTA/HLTA-2105.jpg,,,,FORD,E-450 Super Duty,V10 6.8L,1999 - 2001
HLTA-2105,Toma de agua,POLAR,TOMA DE AGUA,TOMA DE AGUA,HLTA-2105,Cotizar,/IMAGENES TOMAS DE AGUA HLTA/HLTA-2105.jpg,,,,FORD,E-450 Super Duty,V8 5.4L,2002 - 2002
HLTA-2106,Toma de agua,POLAR,TOMA DE AGUA,TOMA DE AGUA,HLTA-2106,Cotizar,/IMAGENES TOMAS DE AGUA HLTA/HLTA-2106.jpg,,,,BUICK,RAINIER,L6 4.2L,2004 - 2006
HLTA-2106,Toma de agua,POLAR,TOMA DE AGUA,TOMA DE AGUA,HLTA-2106,Cotizar,/IMAGENES TOMAS DE AGUA HLTA/HLTA-2106.jpg,,,,BUICK,RAINIER,V8 5.3L,2004 - 2006
HLTA-2106,Toma de agua,POLAR,TOMA DE AGUA,TOMA DE AGUA,HLTA-2106,Cotizar,/IMAGENES TOMAS DE AGUA HLTA/HLTA-2106.jpg,,,,CHEVROLET,BLAZER,V6 4.3L,2002 - 2005
HLTA-2106,Toma de agua,POLAR,TOMA DE AGUA,TOMA DE AGUA,HLTA-2106,Cotizar,/IMAGENES TOMAS DE AGUA HLTA/HLTA-2106.jpg,,,,CHEVROLET,TRAILBLAZER,L6 4.2L,2002 - 2006
HLTA-2106,Toma de agua,POLAR,TOMA DE AGUA,TOMA DE AGUA,HLTA-2106,Cotizar,/IMAGENES TOMAS DE AGUA HLTA/HLTA-2106.jpg,,,,CHEVROLET,TRAILBLAZER,V8 5.3L,2002 - 2006
HLTA-2106,Toma de agua,POLAR,TOMA DE AGUA,TOMA DE AGUA,HLTA-2106,Cotizar,/IMAGENES TOMAS DE AGUA HLTA/HLTA-2106.jpg,,,,GMC,ENVOY,L6 4.2L,2002 - 2006
HLTA-2106,Toma de agua,POLAR,TOMA DE AGUA,TOMA DE AGUA,HLTA-2106,Cotizar,/IMAGENES TOMAS DE AGUA HLTA/HLTA-2106.jpg,,,,GMC,ENVOY,V8 5.3L,2003 - 2006
HLTA-2106,Toma de agua,POLAR,TOMA DE AGUA,TOMA DE AGUA,HLTA-2106,Cotizar,/IMAGENES TOMAS DE AGUA HLTA/HLTA-2106.jpg,,,,OLDSMOBILE,BRAVADA,L6 4.2L,2002 - 2004
HLTA-2106,Toma de agua,POLAR,TOMA DE AGUA,TOMA DE AGUA,HLTA-2106,Cotizar,/IMAGENES TOMAS DE AGUA HLTA/HLTA-2106.jpg,,,,SAAB,9-7X,L6 4.2L,2005 - 2006
HLTA-2106,Toma de agua,POLAR,TOMA DE AGUA,TOMA DE AGUA,HLTA-2106,Cotizar,/IMAGENES TOMAS DE AGUA HLTA/HLTA-2106.jpg,,,,SAAB,9-7X,V8 5.3L,2005 - 2006
HLTA-2107,Toma de agua,POLAR,TOMA DE AGUA,TOMA DE AGUA,HLTA-2107,Cotizar,/IMAGENES TOMAS DE AGUA HLTA/HLTA-2107.jpg,,,,BUICK,RAINIER,L6 4.2L,2004 - 2006
HLTA-2107,Toma de agua,POLAR,TOMA DE AGUA,TOMA DE AGUA,HLTA-2107,Cotizar,/IMAGENES TOMAS DE AGUA HLTA/HLTA-2107.jpg,,,,BUICK,RAINIER,V8 5.3L,2004 - 2006
HLTA-2107,Toma de agua,POLAR,TOMA DE AGUA,TOMA DE AGUA,HLTA-2107,Cotizar,/IMAGENES TOMAS DE AGUA HLTA/HLTA-2107.jpg,,,,CHEVROLET,BLAZER,V6 4.3L,2002 - 2005
HLTA-2107,Toma de agua,POLAR,TOMA DE AGUA,TOMA DE AGUA,HLTA-2107,Cotizar,/IMAGENES TOMAS DE AGUA HLTA/HLTA-2107.jpg,,,,CHEVROLET,TRAILBLAZER,L6 4.2L,2002 - 2006
HLTA-2107,Toma de agua,POLAR,TOMA DE AGUA,TOMA DE AGUA,HLTA-2107,Cotizar,/IMAGENES TOMAS DE AGUA HLTA/HLTA-2107.jpg,,,,CHEVROLET,TRAILBLAZER,V8 5.3L,2002 - 2006
HLTA-2107,Toma de agua,POLAR,TOMA DE AGUA,TOMA DE AGUA,HLTA-2107,Cotizar,/IMAGENES TOMAS DE AGUA HLTA/HLTA-2107.jpg,,,,GMC,ENVOY,L6 4.2L,2002 - 2006
HLTA-2107,Toma de agua,POLAR,TOMA DE AGUA,TOMA DE AGUA,HLTA-2107,Cotizar,/IMAGENES TOMAS DE AGUA HLTA/HLTA-2107.jpg,,,,GMC,ENVOY,V8 5.3L,2003 - 2006
HLTA-2107,Toma de agua,POLAR,TOMA DE AGUA,TOMA DE AGUA,HLTA-2107,Cotizar,/IMAGENES TOMAS DE AGUA HLTA/HLTA-2107.jpg,,,,OLDSMOBILE,BRAVADA,L6 4.2L,2002 - 2004
HLTA-2107,Toma de agua,POLAR,TOMA DE AGUA,TOMA DE AGUA,HLTA-2107,Cotizar,/IMAGENES TOMAS DE AGUA HLTA/HLTA-2107.jpg,,,,SAAB,9-7X,L6 4.2L,2005 - 2006
HLTA-2107,Toma de agua,POLAR,TOMA DE AGUA,TOMA DE AGUA,HLTA-2107,Cotizar,/IMAGENES TOMAS DE AGUA HLTA/HLTA-2107.jpg,,,,SAAB,9-7X,V8 5.3L,2005 - 2006
HLTA-2108,Toma de agua,POLAR,TOMA DE AGUA,TOMA DE AGUA,HLTA-2108,Cotizar,/IMAGENES TOMAS DE AGUA HLTA/HLTA-2108.jpg,,,,CADILLAC,ESCALADE,V8 5.3L,2002 - 2005
HLTA-2108,Toma de agua,POLAR,TOMA DE AGUA,TOMA DE AGUA,HLTA-2108,Cotizar,/IMAGENES TOMAS DE AGUA HLTA/HLTA-2108.jpg,,,,CADILLAC,ESCALADE,V8 6.0L,2002 - 2006
HLTA-2108,Toma de agua,POLAR,TOMA DE AGUA,TOMA DE AGUA,HLTA-2108,Cotizar,/IMAGENES TOMAS DE AGUA HLTA/HLTA-2108.jpg,,,,CADILLAC,ESCALADE,V8 6.0L,2009 - 2013
HLTA-2108,Toma de agua,POLAR,TOMA DE AGUA,TOMA DE AGUA,HLTA-2108,Cotizar,/IMAGENES TOMAS DE AGUA HLTA/HLTA-2108.jpg,,,,CADILLAC,ESCALADE,V8 6.2L,2007 - 2014
HLTA-2108,Toma de agua,POLAR,TOMA DE AGUA,TOMA DE AGUA,HLTA-2108,Cotizar,/IMAGENES TOMAS DE AGUA HLTA/HLTA-2108.jpg,,,,CHEVROLET,AVALANCHE,V8 5.3L,2007 - 2013
HLTA-2108,Toma de agua,POLAR,TOMA DE AGUA,TOMA DE AGUA,HLTA-2108,Cotizar,/IMAGENES TOMAS DE AGUA HLTA/HLTA-2108.jpg,,,,CHEVROLET,AVALANCHE,V8 6.0L,2007 - 2009
HLTA-2108,Toma de agua,POLAR,TOMA DE AGUA,TOMA DE AGUA,HLTA-2108,Cotizar,/IMAGENES TOMAS DE AGUA HLTA/HLTA-2108.jpg,,,,CHEVROLET,AVALANCHE 1500,V8 5.3L,2002 - 2006
HLTA-2108,Toma de agua,POLAR,TOMA DE AGUA,TOMA DE AGUA,HLTA-2108,Cotizar,/IMAGENES TOMAS DE AGUA HLTA/HLTA-2108.jpg,,,,CHEVROLET,AVALANCHE 2500,V8 8.1L,2002 - 2006
HLTA-2108,Toma de agua,POLAR,TOMA DE AGUA,TOMA DE AGUA,HLTA-2108,Cotizar,/IMAGENES TOMAS DE AGUA HLTA/HLTA-2108.jpg,,,,CHEVROLET,SILVERADO 3500,V8 6.6L,2001 - 2007
HLTA-2108,Toma de agua,POLAR,TOMA DE AGUA,TOMA DE AGUA,HLTA-2108,Cotizar,/IMAGENES TOMAS DE AGUA HLTA/HLTA-2108.jpg,,,,CHEVROLET,SILVERADO 3500 HD,V8 6.6L,2007 - 2014
HLTA-2108,Toma de agua,POLAR,TOMA DE AGUA,TOMA DE AGUA,HLTA-2108,Cotizar,/IMAGENES TOMAS DE AGUA HLTA/HLTA-2108.jpg,,,,CHEVROLET,SUBURBAN 1500,V8 5.3L,2000 - 2014
HLTA-2108,Toma de agua,POLAR,TOMA DE AGUA,TOMA DE AGUA,HLTA-2108,Cotizar,/IMAGENES TOMAS DE AGUA HLTA/HLTA-2108.jpg,,,,CHEVROLET,SUBURBAN 1500,V8 6.0L,2007 - 2009
HLTA-2108,Toma de agua,POLAR,TOMA DE AGUA,TOMA DE AGUA,HLTA-2108,Cotizar,/IMAGENES TOMAS DE AGUA HLTA/HLTA-2108.jpg,,,,CHEVROLET,SUBURBAN 2500,V8 6.0L,2000 - 2013
HLTA-2108,Toma de agua,POLAR,TOMA DE AGUA,TOMA DE AGUA,HLTA-2108,Cotizar,/IMAGENES TOMAS DE AGUA HLTA/HLTA-2108.jpg,,,,CHEVROLET,SUBURBAN 2500,V8 8.1L,2001 - 2006
HLTA-2108,Toma de agua,POLAR,TOMA DE AGUA,TOMA DE AGUA,HLTA-2108,Cotizar,/IMAGENES TOMAS DE AGUA HLTA/HLTA-2108.jpg,,,,CHEVROLET,TAHOE,V8 4.8L,2000 - 2009
HLTA-2108,Toma de agua,POLAR,TOMA DE AGUA,TOMA DE AGUA,HLTA-2108,Cotizar,/IMAGENES TOMAS DE AGUA HLTA/HLTA-2108.jpg,,,,CHEVROLET,TAHOE,V8 5.3L,2000 - 2014
HLTA-2108,Toma de agua,POLAR,TOMA DE AGUA,TOMA DE AGUA,HLTA-2108,Cotizar,/IMAGENES TOMAS DE AGUA HLTA/HLTA-2108.jpg,,,,CHEVROLET,TAHOE,V8 6.0L,2008 - 2013
HLTA-2108,Toma de agua,POLAR,TOMA DE AGUA,TOMA DE AGUA,HLTA-2108,Cotizar,/IMAGENES TOMAS DE AGUA HLTA/HLTA-2108.jpg,,,,CHEVROLET,TAHOE,V8 6.2L,2008 - 2009
HLTA-2108,Toma de agua,POLAR,TOMA DE AGUA,TOMA DE AGUA,HLTA-2108,Cotizar,/IMAGENES TOMAS DE AGUA HLTA/HLTA-2108.jpg,,,,GMC,SIERRA 3500,V8 6.6L,2001 - 2007
HLTA-2108,Toma de agua,POLAR,TOMA DE AGUA,TOMA DE AGUA,HLTA-2108,Cotizar,/IMAGENES TOMAS DE AGUA HLTA/HLTA-2108.jpg,,,,GMC,SIERRA 3500 HD,V8 6.6L,2007 - 2014
HLTA-2108,Toma de agua,POLAR,TOMA DE AGUA,TOMA DE AGUA,HLTA-2108,Cotizar,/IMAGENES TOMAS DE AGUA HLTA/HLTA-2108.jpg,,,,GMC,YUKON,V8 4.8L,2000 - 2009
HLTA-2108,Toma de agua,POLAR,TOMA DE AGUA,TOMA DE AGUA,HLTA-2108,Cotizar,/IMAGENES TOMAS DE AGUA HLTA/HLTA-2108.jpg,,,,GMC,YUKON,V8 5.3L,2000 - 2014
HLTA-2108,Toma de agua,POLAR,TOMA DE AGUA,TOMA DE AGUA,HLTA-2108,Cotizar,/IMAGENES TOMAS DE AGUA HLTA/HLTA-2108.jpg,,,,GMC,YUKON,V8 5.7L,2000 - 2000
HLTA-2108,Toma de agua,POLAR,TOMA DE AGUA,TOMA DE AGUA,HLTA-2108,Cotizar,/IMAGENES TOMAS DE AGUA HLTA/HLTA-2108.jpg,,,,GMC,YUKON,V8 6.0L,2001 - 2006
HLTA-2108,Toma de agua,POLAR,TOMA DE AGUA,TOMA DE AGUA,HLTA-2108,Cotizar,/IMAGENES TOMAS DE AGUA HLTA/HLTA-2108.jpg,,,,GMC,YUKON,V8 6.0L,2008 - 2013
HLTA-2108,Toma de agua,POLAR,TOMA DE AGUA,TOMA DE AGUA,HLTA-2108,Cotizar,/IMAGENES TOMAS DE AGUA HLTA/HLTA-2108.jpg,,,,GMC,YUKON,V8 6.2L,2007 - 2017
HLTA-2108,Toma de agua,POLAR,TOMA DE AGUA,TOMA DE AGUA,HLTA-2108,Cotizar,/IMAGENES TOMAS DE AGUA HLTA/HLTA-2108.jpg,,,,GMC,YUKON XL 1500,V8 5.3L,2006 - 2014
HLTA-2108,Toma de agua,POLAR,TOMA DE AGUA,TOMA DE AGUA,HLTA-2108,Cotizar,/IMAGENES TOMAS DE AGUA HLTA/HLTA-2108.jpg,,,,GMC,YUKON XL 1500,V8 6.0L,2007 - 2009
HLTA-2108,Toma de agua,POLAR,TOMA DE AGUA,TOMA DE AGUA,HLTA-2108,Cotizar,/IMAGENES TOMAS DE AGUA HLTA/HLTA-2108.jpg,,,,GMC,YUKON XL 1500,V8 6.2L,2007 - 2014
HLTA-2108,Toma de agua,POLAR,TOMA DE AGUA,TOMA DE AGUA,HLTA-2108,Cotizar,/IMAGENES TOMAS DE AGUA HLTA/HLTA-2108.jpg,,,,GMC,YUKON XL 2500,V8 6.0L,2000 - 2013
HLTA-2108,Toma de agua,POLAR,TOMA DE AGUA,TOMA DE AGUA,HLTA-2108,Cotizar,/IMAGENES TOMAS DE AGUA HLTA/HLTA-2108.jpg,,,,GMC,YUKON XL 2500,V8 8.1L,2001 - 2006
HLTA-2109,Toma de agua,POLAR,TOMA DE AGUA,TOMA DE AGUA,HLTA-2109,Cotizar,/IMAGENES TOMAS DE AGUA HLTA/HLTA-2109.jpg,,,,CADILLAC,ESCALADE,V8 5.3L,2002 - 2005
HLTA-2109,Toma de agua,POLAR,TOMA DE AGUA,TOMA DE AGUA,HLTA-2109,Cotizar,/IMAGENES TOMAS DE AGUA HLTA/HLTA-2109.jpg,,,,CADILLAC,ESCALADE,V8 6.0L,2002 - 2006
HLTA-2109,Toma de agua,POLAR,TOMA DE AGUA,TOMA DE AGUA,HLTA-2109,Cotizar,/IMAGENES TOMAS DE AGUA HLTA/HLTA-2109.jpg,,,,CADILLAC,ESCALADE,V8 6.0L,2009 - 2013
HLTA-2109,Toma de agua,POLAR,TOMA DE AGUA,TOMA DE AGUA,HLTA-2109,Cotizar,/IMAGENES TOMAS DE AGUA HLTA/HLTA-2109.jpg,,,,CADILLAC,ESCALADE,V8 6.2L,2007 - 2014
HLTA-2109,Toma de agua,POLAR,TOMA DE AGUA,TOMA DE AGUA,HLTA-2109,Cotizar,/IMAGENES TOMAS DE AGUA HLTA/HLTA-2109.jpg,,,,CHEVROLET,AVALANCHE,V8 5.3L,2007 - 2013
HLTA-2109,Toma de agua,POLAR,TOMA DE AGUA,TOMA DE AGUA,HLTA-2109,Cotizar,/IMAGENES TOMAS DE AGUA HLTA/HLTA-2109.jpg,,,,CHEVROLET,AVALANCHE,V8 6.0L,2007 - 2009
HLTA-2109,Toma de agua,POLAR,TOMA DE AGUA,TOMA DE AGUA,HLTA-2109,Cotizar,/IMAGENES TOMAS DE AGUA HLTA/HLTA-2109.jpg,,,,CHEVROLET,AVALANCHE 1500,V8 5.3L,2002 - 2006
HLTA-2109,Toma de agua,POLAR,TOMA DE AGUA,TOMA DE AGUA,HLTA-2109,Cotizar,/IMAGENES TOMAS DE AGUA HLTA/HLTA-2109.jpg,,,,CHEVROLET,AVALANCHE 2500,V8 8.1L,2002 - 2006
HLTA-2109,Toma de agua,POLAR,TOMA DE AGUA,TOMA DE AGUA,HLTA-2109,Cotizar,/IMAGENES TOMAS DE AGUA HLTA/HLTA-2109.jpg,,,,CHEVROLET,SILVERADO 3500,V8 6.6L,2001 - 2007
HLTA-2109,Toma de agua,POLAR,TOMA DE AGUA,TOMA DE AGUA,HLTA-2109,Cotizar,/IMAGENES TOMAS DE AGUA HLTA/HLTA-2109.jpg,,,,CHEVROLET,SILVERADO 3500 HD,V8 6.6L,2007 - 2014
HLTA-2109,Toma de agua,POLAR,TOMA DE AGUA,TOMA DE AGUA,HLTA-2109,Cotizar,/IMAGENES TOMAS DE AGUA HLTA/HLTA-2109.jpg,,,,CHEVROLET,SUBURBAN 1500,V8 5.3L,2000 - 2014
HLTA-2109,Toma de agua,POLAR,TOMA DE AGUA,TOMA DE AGUA,HLTA-2109,Cotizar,/IMAGENES TOMAS DE AGUA HLTA/HLTA-2109.jpg,,,,CHEVROLET,SUBURBAN 1500,V8 6.0L,2007 - 2009
HLTA-2109,Toma de agua,POLAR,TOMA DE AGUA,TOMA DE AGUA,HLTA-2109,Cotizar,/IMAGENES TOMAS DE AGUA HLTA/HLTA-2109.jpg,,,,CHEVROLET,SUBURBAN 2500,V8 6.0L,2000 - 2013
HLTA-2109,Toma de agua,POLAR,TOMA DE AGUA,TOMA DE AGUA,HLTA-2109,Cotizar,/IMAGENES TOMAS DE AGUA HLTA/HLTA-2109.jpg,,,,CHEVROLET,SUBURBAN 2500,V8 8.1L,2001 - 2006
HLTA-2109,Toma de agua,POLAR,TOMA DE AGUA,TOMA DE AGUA,HLTA-2109,Cotizar,/IMAGENES TOMAS DE AGUA HLTA/HLTA-2109.jpg,,,,CHEVROLET,TAHOE,V8 4.8L,2000 - 2009
HLTA-2109,Toma de agua,POLAR,TOMA DE AGUA,TOMA DE AGUA,HLTA-2109,Cotizar,/IMAGENES TOMAS DE AGUA HLTA/HLTA-2109.jpg,,,,CHEVROLET,TAHOE,V8 5.3L,2000 - 2014
HLTA-2109,Toma de agua,POLAR,TOMA DE AGUA,TOMA DE AGUA,HLTA-2109,Cotizar,/IMAGENES TOMAS DE AGUA HLTA/HLTA-2109.jpg,,,,CHEVROLET,TAHOE,V8 6.0L,2008 - 2013
HLTA-2109,Toma de agua,POLAR,TOMA DE AGUA,TOMA DE AGUA,HLTA-2109,Cotizar,/IMAGENES TOMAS DE AGUA HLTA/HLTA-2109.jpg,,,,CHEVROLET,TAHOE,V8 6.2L,2008 - 2009
HLTA-2109,Toma de agua,POLAR,TOMA DE AGUA,TOMA DE AGUA,HLTA-2109,Cotizar,/IMAGENES TOMAS DE AGUA HLTA/HLTA-2109.jpg,,,,GMC,SIERRA 3500,V8 6.6L,2001 - 2007
HLTA-2109,Toma de agua,POLAR,TOMA DE AGUA,TOMA DE AGUA,HLTA-2109,Cotizar,/IMAGENES TOMAS DE AGUA HLTA/HLTA-2109.jpg,,,,GMC,SIERRA 3500 HD,V8 6.6L,2007 - 2014
HLTA-2109,Toma de agua,POLAR,TOMA DE AGUA,TOMA DE AGUA,HLTA-2109,Cotizar,/IMAGENES TOMAS DE AGUA HLTA/HLTA-2109.jpg,,,,GMC,YUKON,V8 4.8L,2000 - 2009
HLTA-2109,Toma de agua,POLAR,TOMA DE AGUA,TOMA DE AGUA,HLTA-2109,Cotizar,/IMAGENES TOMAS DE AGUA HLTA/HLTA-2109.jpg,,,,GMC,YUKON,V8 5.3L,2000 - 2014
HLTA-2109,Toma de agua,POLAR,TOMA DE AGUA,TOMA DE AGUA,HLTA-2109,Cotizar,/IMAGENES TOMAS DE AGUA HLTA/HLTA-2109.jpg,,,,GMC,YUKON,V8 5.7L,2000 - 2000
HLTA-2109,Toma de agua,POLAR,TOMA DE AGUA,TOMA DE AGUA,HLTA-2109,Cotizar,/IMAGENES TOMAS DE AGUA HLTA/HLTA-2109.jpg,,,,GMC,YUKON,V8 6.0L,2001 - 2006
HLTA-2109,Toma de agua,POLAR,TOMA DE AGUA,TOMA DE AGUA,HLTA-2109,Cotizar,/IMAGENES TOMAS DE AGUA HLTA/HLTA-2109.jpg,,,,GMC,YUKON,V8 6.0L,2008 - 2013
HLTA-2109,Toma de agua,POLAR,TOMA DE AGUA,TOMA DE AGUA,HLTA-2109,Cotizar,/IMAGENES TOMAS DE AGUA HLTA/HLTA-2109.jpg,,,,GMC,YUKON,V8 6.2L,2007 - 2017
HLTA-2109,Toma de agua,POLAR,TOMA DE AGUA,TOMA DE AGUA,HLTA-2109,Cotizar,/IMAGENES TOMAS DE AGUA HLTA/HLTA-2109.jpg,,,,GMC,YUKON XL 1500,V8 5.3L,2006 - 2014
HLTA-2109,Toma de agua,POLAR,TOMA DE AGUA,TOMA DE AGUA,HLTA-2109,Cotizar,/IMAGENES TOMAS DE AGUA HLTA/HLTA-2109.jpg,,,,GMC,YUKON XL 1500,V8 6.0L,2007 - 2009
HLTA-2109,Toma de agua,POLAR,TOMA DE AGUA,TOMA DE AGUA,HLTA-2109,Cotizar,/IMAGENES TOMAS DE AGUA HLTA/HLTA-2109.jpg,,,,GMC,YUKON XL 1500,V8 6.2L,2007 - 2014
HLTA-2109,Toma de agua,POLAR,TOMA DE AGUA,TOMA DE AGUA,HLTA-2109,Cotizar,/IMAGENES TOMAS DE AGUA HLTA/HLTA-2109.jpg,,,,GMC,YUKON XL 2500,V8 6.0L,2000 - 2013
HLTA-2109,Toma de agua,POLAR,TOMA DE AGUA,TOMA DE AGUA,HLTA-2109,Cotizar,/IMAGENES TOMAS DE AGUA HLTA/HLTA-2109.jpg,,,,GMC,YUKON XL 2500,V8 8.1L,2001 - 2006
HLTA-2110,Toma de agua,POLAR,TOMA DE AGUA,TOMA DE AGUA,HLTA-2110,Cotizar,/IMAGENES TOMAS DE AGUA HLTA/HLTA-2110.jpg,,,,MAZDA,6,V6 3.0L,2003 - 2008
HLTA-2111,Toma de agua,POLAR,TOMA DE AGUA,TOMA DE AGUA,HLTA-2111,Cotizar,/IMAGENES TOMAS DE AGUA HLTA/HLTA-2111.jpg,,,,CHEVROLET,CORSA,L4 1.8L,2002 - 2008
HLTA-2111,Toma de agua,POLAR,TOMA DE AGUA,TOMA DE AGUA,HLTA-2111,Cotizar,/IMAGENES TOMAS DE AGUA HLTA/HLTA-2111.jpg,,,,CHEVROLET,TORNADO,L4 1.8L,2003 - 2011
HLTA-2111,Toma de agua,POLAR,TOMA DE AGUA,TOMA DE AGUA,HLTA-2111,Cotizar,/IMAGENES TOMAS DE AGUA HLTA/HLTA-2111.jpg,,,,FIAT,PALIO,L4 1.8L,2006 - 2008
HLTA-2112,Toma de agua,POLAR,TOMA DE AGUA,TOMA DE AGUA,HLTA-2112,Cotizar,/IMAGENES TOMAS DE AGUA HLTA/HLTA-2112.jpg,,,,FORD,EDGE,L4 2.0L,2012 - 2017
HLTA-2112,Toma de agua,POLAR,TOMA DE AGUA,TOMA DE AGUA,HLTA-2112,Cotizar,/IMAGENES TOMAS DE AGUA HLTA/HLTA-2112.jpg,,,,FORD,EXPLORER,L4 2.0L,2012 - 2015
HLTA-2112,Toma de agua,POLAR,TOMA DE AGUA,TOMA DE AGUA,HLTA-2112,Cotizar,/IMAGENES TOMAS DE AGUA HLTA/HLTA-2112.jpg,,,,FORD,FOCUS,L4 2.0L,2012 - 2017
HLTA-2112,Toma de agua,POLAR,TOMA DE AGUA,TOMA DE AGUA,HLTA-2112,Cotizar,/IMAGENES TOMAS DE AGUA HLTA/HLTA-2112.jpg,,,,FORD,FUSION,L4 2.0L,2013 - 2016
HLTA-2112,Toma de agua,POLAR,TOMA DE AGUA,TOMA DE AGUA,HLTA-2112,Cotizar,/IMAGENES TOMAS DE AGUA HLTA/HLTA-2112.jpg,,,,FORD,MUSTANG,L4 2.3L,2015 - 2017
HLTA-2112,Toma de agua,POLAR,TOMA DE AGUA,TOMA DE AGUA,HLTA-2112,Cotizar,/IMAGENES TOMAS DE AGUA HLTA/HLTA-2112.jpg,,,,LINCOLN,MKC,L4 2.0L,2015 - 2017
HLTA-2112,Toma de agua,POLAR,TOMA DE AGUA,TOMA DE AGUA,HLTA-2112,Cotizar,/IMAGENES TOMAS DE AGUA HLTA/HLTA-2112.jpg,,,,LINCOLN,MKC,L4 2.3L,2015 - 2017
HLTA-2112,Toma de agua,POLAR,TOMA DE AGUA,TOMA DE AGUA,HLTA-2112,Cotizar,/IMAGENES TOMAS DE AGUA HLTA/HLTA-2112.jpg,,,,LINCOLN,MKZ,L4 2.0L,2013 - 2016
HLTA-2113,Toma de agua,POLAR,TOMA DE AGUA,TOMA DE AGUA,HLTA-2113,Cotizar,/IMAGENES TOMAS DE AGUA HLTA/HLTA-2113.jpg,,,,CHEVROLET,CAVALIER,V6 3.1L,1990 - 1991
HLTA-2113,Toma de agua,POLAR,TOMA DE AGUA,TOMA DE AGUA,HLTA-2113,Cotizar,/IMAGENES TOMAS DE AGUA HLTA/HLTA-2113.jpg,,,,OLDSMOBILE,CUTLASS,V6 3.1L,1990 - 1996
HLTA-2113,Toma de agua,POLAR,TOMA DE AGUA,TOMA DE AGUA,HLTA-2113,Cotizar,/IMAGENES TOMAS DE AGUA HLTA/HLTA-2113.jpg,,,,PONTIAC,SUNBIRD,V6 3.1L,1991 - 1994
HLTA-2114,Toma de agua,POLAR,TOMA DE AGUA,TOMA DE AGUA,HLTA-2114,Cotizar,/Images/logop.png,,,,CHEVROLET,SUBURBAN,V8 4.8L,1991-2000
HLTA-2115,Toma de agua,POLAR,TOMA DE AGUA,TOMA DE AGUA,HLTA-2115,Cotizar,/IMAGENES TOMAS DE AGUA HLTA/HLTA-2115.jpg,,,,FORD,ESCAPE,V6 3.0L,2005-2012
HLTA-2116,Toma de agua,POLAR,TOMA DE AGUA,TOMA DE AGUA,HLTA-2116,Cotizar,/IMAGENES TOMAS DE AGUA HLTA/HLTA-2116.jpg,,,,CHEVROLET,BLAZER,V8 5.7L,1992 - 1994
HLTA-2116,Toma de agua,POLAR,TOMA DE AGUA,TOMA DE AGUA,HLTA-2116,Cotizar,/IMAGENES TOMAS DE AGUA HLTA/HLTA-2116.jpg,,,,CHEVROLET,C1500,V8 5.0L,1990 - 1993
HLTA-2116,Toma de agua,POLAR,TOMA DE AGUA,TOMA DE AGUA,HLTA-2116,Cotizar,/IMAGENES TOMAS DE AGUA HLTA/HLTA-2116.jpg,,,,CHEVROLET,C1500,V8 5.7L,1990 - 1995
HLTA-2116,Toma de agua,POLAR,TOMA DE AGUA,TOMA DE AGUA,HLTA-2116,Cotizar,/IMAGENES TOMAS DE AGUA HLTA/HLTA-2116.jpg,,,,CHEVROLET,C1500 SUBURBAN,V8 5.7L,1992 - 1995
HLTA-2116,Toma de agua,POLAR,TOMA DE AGUA,TOMA DE AGUA,HLTA-2116,Cotizar,/IMAGENES TOMAS DE AGUA HLTA/HLTA-2116.jpg,,,,CHEVROLET,C2500,V8 5.0L,1990 - 1993
HLTA-2116,Toma de agua,POLAR,TOMA DE AGUA,TOMA DE AGUA,HLTA-2116,Cotizar,/IMAGENES TOMAS DE AGUA HLTA/HLTA-2116.jpg,,,,CHEVROLET,C2500,V8 5.7L,1990 - 1995
HLTA-2116,Toma de agua,POLAR,TOMA DE AGUA,TOMA DE AGUA,HLTA-2116,Cotizar,/IMAGENES TOMAS DE AGUA HLTA/HLTA-2116.jpg,,,,CHEVROLET,C2500 SUBURBAN,V8 5.7L,1992 - 1995
HLTA-2116,Toma de agua,POLAR,TOMA DE AGUA,TOMA DE AGUA,HLTA-2116,Cotizar,/IMAGENES TOMAS DE AGUA HLTA/HLTA-2116.jpg,,,,CHEVROLET,C3500 PICKUP,V8 5.7L,1990 - 1995
HLTA-2116,Toma de agua,POLAR,TOMA DE AGUA,TOMA DE AGUA,HLTA-2116,Cotizar,/IMAGENES TOMAS DE AGUA HLTA/HLTA-2116.jpg,,,,CHEVROLET,K1500,V8 5.0L,1990 - 1993
HLTA-2116,Toma de agua,POLAR,TOMA DE AGUA,TOMA DE AGUA,HLTA-2116,Cotizar,/IMAGENES TOMAS DE AGUA HLTA/HLTA-2116.jpg,,,,CHEVROLET,K1500,V8 5.7L,1990 - 1995
HLTA-2116,Toma de agua,POLAR,TOMA DE AGUA,TOMA DE AGUA,HLTA-2116,Cotizar,/IMAGENES TOMAS DE AGUA HLTA/HLTA-2116.jpg,,,,CHEVROLET,K2500,V8 5.0L,1990 - 1993
HLTA-2116,Toma de agua,POLAR,TOMA DE AGUA,TOMA DE AGUA,HLTA-2116,Cotizar,/IMAGENES TOMAS DE AGUA HLTA/HLTA-2116.jpg,,,,CHEVROLET,K2500,V8 5.7L,1990 - 1995
HLTA-2116,Toma de agua,POLAR,TOMA DE AGUA,TOMA DE AGUA,HLTA-2116,Cotizar,/IMAGENES TOMAS DE AGUA HLTA/HLTA-2116.jpg,,,,CHEVROLET,K2500 SUBURBAN,V8 5.7L,1992 - 1995
HLTA-2116,Toma de agua,POLAR,TOMA DE AGUA,TOMA DE AGUA,HLTA-2116,Cotizar,/IMAGENES TOMAS DE AGUA HLTA/HLTA-2116.jpg,,,,CHEVROLET,K3500,V8 5.7L,1990 - 1993
HLTA-2117,Toma de agua,POLAR,TOMA DE AGUA,TOMA DE AGUA,HLTA-2117,Cotizar,/IMAGENES TOMAS DE AGUA HLTA/HLTA-2117.jpg,,,,DODGE,DURANGO,V6 3.6L,2025-2026
HLTA-2117,Toma de agua,POLAR,TOMA DE AGUA,TOMA DE AGUA,HLTA-2117,Cotizar,/IMAGENES TOMAS DE AGUA HLTA/HLTA-2117.jpg,,,,CHRYSLER,PACIFICA,V6 3.6L,2025-2026
HLTA-2118,Toma de agua,POLAR,TOMA DE AGUA,TOMA DE AGUA,HLTA-2118,Cotizar,/IMAGENES TOMAS DE AGUA HLTA/HLTA-2118.jpg,,,,NISSAN,KICKS,L4 1.6L,2016 - 2023
HLTA-2118,Toma de agua,POLAR,TOMA DE AGUA,TOMA DE AGUA,HLTA-2118,Cotizar,/IMAGENES TOMAS DE AGUA HLTA/HLTA-2118.jpg,,,,NISSAN,MARCH,L4 1.6L,2011 - 2023
HLTA-2118,Toma de agua,POLAR,TOMA DE AGUA,TOMA DE AGUA,HLTA-2118,Cotizar,/IMAGENES TOMAS DE AGUA HLTA/HLTA-2118.jpg,,,,NISSAN,NOTE,L4 1.6L,2013 - 2020
HLTA-2118,Toma de agua,POLAR,TOMA DE AGUA,TOMA DE AGUA,HLTA-2118,Cotizar,/IMAGENES TOMAS DE AGUA HLTA/HLTA-2118.jpg,,,,NISSAN,SENTRA,L4 1.8L,2013 - 2019
HLTA-2118,Toma de agua,POLAR,TOMA DE AGUA,TOMA DE AGUA,HLTA-2118,Cotizar,/IMAGENES TOMAS DE AGUA HLTA/HLTA-2118.jpg,,,,NISSAN,TIIDA,L4 1.6L,2013 - 2017
HLTA-2118,Toma de agua,POLAR,TOMA DE AGUA,TOMA DE AGUA,HLTA-2118,Cotizar,/IMAGENES TOMAS DE AGUA HLTA/HLTA-2118.jpg,,,,NISSAN,VERSA,L4 1.6L,2011 - 2019
HLTA-2119,Toma de agua,POLAR,TOMA DE AGUA,TOMA DE AGUA,HLTA-2119,Cotizar,/IMAGENES TOMAS DE AGUA HLTA/HLTA-2119.jpg,,,,DODGE,ATOS,L4 1.1L,2005 - 2011
HLTA-2119,Toma de agua,POLAR,TOMA DE AGUA,TOMA DE AGUA,HLTA-2119,Cotizar,/IMAGENES TOMAS DE AGUA HLTA/HLTA-2119.jpg,,,,DODGE,ATOS,L4 1.1L,2005 - 2011
HLTA-2120,Toma de agua,POLAR,TOMA DE AGUA,TOMA DE AGUA,HLTA-2120,Cotizar,/IMAGENES TOMAS DE AGUA HLTA/HLTA-2120.jpg,,,,DODGE,ATOS,L4 1.0L,2001 - 2004
HLTA-2120,Toma de agua,POLAR,TOMA DE AGUA,TOMA DE AGUA,HLTA-2120,Cotizar,/IMAGENES TOMAS DE AGUA HLTA/HLTA-2120.jpg,,,,DODGE,ATOS,L4 1.1L,2005 - 2011
HLTA-2120,Toma de agua,POLAR,TOMA DE AGUA,TOMA DE AGUA,HLTA-2120,Cotizar,/IMAGENES TOMAS DE AGUA HLTA/HLTA-2120.jpg,,,,DODGE,i10,L4 1.1L,2012 - 2014
HLTA-2121,Toma de agua,POLAR,TOMA DE AGUA,TOMA DE AGUA,HLTA-2121,Cotizar,/IMAGENES TOMAS DE AGUA HLTA/HLTA-2121.jpg,,,,DODGE,ATTITUDE,L4 1.4L,2006 - 2011
HLTA-2121,Toma de agua,POLAR,TOMA DE AGUA,TOMA DE AGUA,HLTA-2121,Cotizar,/IMAGENES TOMAS DE AGUA HLTA/HLTA-2121.jpg,,,,DODGE,ATTITUDE,L4 1.6L,2006 - 2014
HLTA-2121,Toma de agua,POLAR,TOMA DE AGUA,TOMA DE AGUA,HLTA-2121,Cotizar,/IMAGENES TOMAS DE AGUA HLTA/HLTA-2121.jpg,,,,DODGE,VERNA,L4 1.5L,2004 - 2006
HLTA-2121,Toma de agua,POLAR,TOMA DE AGUA,TOMA DE AGUA,HLTA-2121,Cotizar,/IMAGENES TOMAS DE AGUA HLTA/HLTA-2121.jpg,,,,DODGE,VERNA,L4 1.6L,2002 - 2005
HLTA-2121,Toma de agua,POLAR,TOMA DE AGUA,TOMA DE AGUA,HLTA-2121,Cotizar,/IMAGENES TOMAS DE AGUA HLTA/HLTA-2121.jpg,,,,HYUNDAI,ACCENT,L4 1.5L,2000 - 2003
HLTA-2121,Toma de agua,POLAR,TOMA DE AGUA,TOMA DE AGUA,HLTA-2121,Cotizar,/IMAGENES TOMAS DE AGUA HLTA/HLTA-2121.jpg,,,,HYUNDAI,ACCENT,L4 1.6L,2001 - 2005
HLTA-2122,Toma de agua,POLAR,TOMA DE AGUA,TOMA DE AGUA,HLTA-2122,Cotizar,/IMAGENES TOMAS DE AGUA HLTA/HLTA-2122.jpg,,,,DODGE,VERNA,L4 1.6L,2002 - 2006
HLTA-2123,Toma de agua,POLAR,TOMA DE AGUA,TOMA DE AGUA,HLTA-2123,Cotizar,/IMAGENES TOMAS DE AGUA HLTA/HLTA-2123.jpg,,,,VOLKSWAGEN,BEETLE,L4 1.6L,2003-2010
HLTA-2123,Toma de agua,POLAR,TOMA DE AGUA,TOMA DE AGUA,HLTA-2123,Cotizar,/IMAGENES TOMAS DE AGUA HLTA/HLTA-2123.jpg,,,,VOLKSWAGEN,PASSAT,L4 1.6L,2003-2010
HLTA-2124,Toma de agua,POLAR,TOMA DE AGUA,TOMA DE AGUA,HLTA-2124,Cotizar,/IMAGENES TOMAS DE AGUA HLTA/HLTA-2124.jpg,,,,CHEVROLET,MATIZ,L4 1.0L,2011 - 2015
HLTA-2124,Toma de agua,POLAR,TOMA DE AGUA,TOMA DE AGUA,HLTA-2124,Cotizar,/IMAGENES TOMAS DE AGUA HLTA/HLTA-2124.jpg,,,,PONTIAC,MATIZ (G2),L4 1.0L,2004 - 2010
HLTA-2125,Toma de agua,POLAR,TOMA DE AGUA,TOMA DE AGUA,HLTA-2125,Cotizar,/IMAGENES TOMAS DE AGUA HLTA/HLTA-2125.jpg,,,,CHEVROLET,MATIZ,L4 1.0L,2011 - 2015
HLTA-2125,Toma de agua,POLAR,TOMA DE AGUA,TOMA DE AGUA,HLTA-2125,Cotizar,/IMAGENES TOMAS DE AGUA HLTA/HLTA-2125.jpg,,,,PONTIAC,MATIZ (G2),L4 1.0L,2004 - 2010
HLTA-2126,Toma de agua,POLAR,TOMA DE AGUA,TOMA DE AGUA,HLTA-2126,Cotizar,/IMAGENES TOMAS DE AGUA HLTA/HLTA-2126.jpg,,,,CHEVROLET,AVEO,L4 1.6L,2008 - 2018
HLTA-2126,Toma de agua,POLAR,TOMA DE AGUA,TOMA DE AGUA,HLTA-2126,Cotizar,/IMAGENES TOMAS DE AGUA HLTA/HLTA-2126.jpg,,,,PONTIAC,G3,L4 1.6L,2006 - 2008
HLTA-2127,Toma de agua,POLAR,TOMA DE AGUA,TOMA DE AGUA,HLTA-2127,Cotizar,/IMAGENES TOMAS DE AGUA HLTA/HLTA-2127.jpg,,,,CHEVROLET,AVEO,L4 1.6L,2008 - 2017
HLTA-2127,Toma de agua,POLAR,TOMA DE AGUA,TOMA DE AGUA,HLTA-2127,Cotizar,/IMAGENES TOMAS DE AGUA HLTA/HLTA-2127.jpg,,,,PONTIAC,G3,L4 1.6L,2006 - 2010
HLTA-2128,Toma de agua,POLAR,TOMA DE AGUA,TOMA DE AGUA,HLTA-2128,Cotizar,/IMAGENES TOMAS DE AGUA HLTA/HLTA-2128.jpg,,,,CHEVROLET,ASTRA,L4 1.8L,2000 - 2008
HLTA-2128,Toma de agua,POLAR,TOMA DE AGUA,TOMA DE AGUA,HLTA-2128,Cotizar,/IMAGENES TOMAS DE AGUA HLTA/HLTA-2128.jpg,,,,CHEVROLET,MERIVA,L4 1.8L,2007 - 2008
HLTA-2128,Toma de agua,POLAR,TOMA DE AGUA,TOMA DE AGUA,HLTA-2128,Cotizar,/IMAGENES TOMAS DE AGUA HLTA/HLTA-2128.jpg,,,,CHEVROLET,ZAFIRA,L4 1.8L,2002 - 2006
HLTA-2129,Toma de agua,POLAR,TOMA DE AGUA,TOMA DE AGUA,HLTA-2129,Cotizar,/IMAGENES TOMAS DE AGUA HLTA/HLTA-2129.jpg,,,,CHEVROLET,OPTRA,L4 2.0L,2006 - 2010
HLTA-2130,Toma de agua,POLAR,TOMA DE AGUA,TOMA DE AGUA,HLTA-2130,Cotizar,/IMAGENES TOMAS DE AGUA HLTA/HLTA-2130.jpg,,,,CHEVROLET,ASTRA,L4 1.8L,2007 - 2009
HLTA-2130,Toma de agua,POLAR,TOMA DE AGUA,TOMA DE AGUA,HLTA-2130,Cotizar,/IMAGENES TOMAS DE AGUA HLTA/HLTA-2130.jpg,,,,CHEVROLET,AVEO,L4 1.6L,2009 - 2011
HLTA-2130,Toma de agua,POLAR,TOMA DE AGUA,TOMA DE AGUA,HLTA-2130,Cotizar,/IMAGENES TOMAS DE AGUA HLTA/HLTA-2130.jpg,,,,CHEVROLET,CRUZE,L4 1.8L,2011 - 2017
HLTA-2130,Toma de agua,POLAR,TOMA DE AGUA,TOMA DE AGUA,HLTA-2130,Cotizar,/IMAGENES TOMAS DE AGUA HLTA/HLTA-2130.jpg,,,,CHEVROLET,SONIC,L4 1.6L,2011 - 2017
HLTA-2130,Toma de agua,POLAR,TOMA DE AGUA,TOMA DE AGUA,HLTA-2130,Cotizar,/IMAGENES TOMAS DE AGUA HLTA/HLTA-2130.jpg,,,,CHEVROLET,SONIC,L4 1.8L,2012 - 2017
HLTA-2130,Toma de agua,POLAR,TOMA DE AGUA,TOMA DE AGUA,HLTA-2130,Cotizar,/IMAGENES TOMAS DE AGUA HLTA/HLTA-2130.jpg,,,,CHEVROLET,TRAX,L4 1.8L,2013 - 2017
HLTA-2130,Toma de agua,POLAR,TOMA DE AGUA,TOMA DE AGUA,HLTA-2130,Cotizar,/IMAGENES TOMAS DE AGUA HLTA/HLTA-2130.jpg,,,,PONTIAC,G3,L4 1.6L,2009 - 2009
HLTA-2131,Toma de agua,POLAR,TOMA DE AGUA,TOMA DE AGUA,HLTA-2131,Cotizar,/IMAGENES TOMAS DE AGUA HLTA/HLTA-2131.jpg,,,,CHEVROLET,ASTRA,L4 1.8L,2000 - 2005
HLTA-2131,Toma de agua,POLAR,TOMA DE AGUA,TOMA DE AGUA,HLTA-2131,Cotizar,/IMAGENES TOMAS DE AGUA HLTA/HLTA-2131.jpg,,,,CHEVROLET,AVEO,L4 1.6L,2008 - 2017
HLTA-2131,Toma de agua,POLAR,TOMA DE AGUA,TOMA DE AGUA,HLTA-2131,Cotizar,/IMAGENES TOMAS DE AGUA HLTA/HLTA-2131.jpg,,,,CHEVROLET,CRUZE,L4 1.8L,2010 - 2016
HLTA-2131,Toma de agua,POLAR,TOMA DE AGUA,TOMA DE AGUA,HLTA-2131,Cotizar,/IMAGENES TOMAS DE AGUA HLTA/HLTA-2131.jpg,,,,CHEVROLET,SONIC,L4 1.6L,2012 - 2018
HLTA-2131,Toma de agua,POLAR,TOMA DE AGUA,TOMA DE AGUA,HLTA-2131,Cotizar,/IMAGENES TOMAS DE AGUA HLTA/HLTA-2131.jpg,,,,CHEVROLET,SONIC,L4 1.8L,2012 - 2017
HLTA-2131,Toma de agua,POLAR,TOMA DE AGUA,TOMA DE AGUA,HLTA-2131,Cotizar,/IMAGENES TOMAS DE AGUA HLTA/HLTA-2131.jpg,,,,CHEVROLET,TRAX,L4 1.8L,2013 - 2021
HLTA-2131,Toma de agua,POLAR,TOMA DE AGUA,TOMA DE AGUA,HLTA-2131,Cotizar,/IMAGENES TOMAS DE AGUA HLTA/HLTA-2131.jpg,,,,CHEVROLET,ZAFIRA,L4 1.8L,2000 - 2005
HLTA-2131,Toma de agua,POLAR,TOMA DE AGUA,TOMA DE AGUA,HLTA-2131,Cotizar,/IMAGENES TOMAS DE AGUA HLTA/HLTA-2131.jpg,,,,PONTIAC,G3,L4 1.6L,2008 - 2010
HLTA-2132,Toma de agua,POLAR,TOMA DE AGUA,TOMA DE AGUA,HLTA-2132,Cotizar,/IMAGENES TOMAS DE AGUA HLTA/HLTA-2132.jpg,,,,CHEVROLET,AVEO,L4 1.6L,2008 - 2017
HLTA-2132,Toma de agua,POLAR,TOMA DE AGUA,TOMA DE AGUA,HLTA-2132,Cotizar,/IMAGENES TOMAS DE AGUA HLTA/HLTA-2132.jpg,,,,CHEVROLET,CRUZE,L4 1.8L,2010 - 2016
HLTA-2132,Toma de agua,POLAR,TOMA DE AGUA,TOMA DE AGUA,HLTA-2132,Cotizar,/IMAGENES TOMAS DE AGUA HLTA/HLTA-2132.jpg,,,,CHEVROLET,SONIC,L4 1.6L,2012 - 2018
HLTA-2132,Toma de agua,POLAR,TOMA DE AGUA,TOMA DE AGUA,HLTA-2132,Cotizar,/IMAGENES TOMAS DE AGUA HLTA/HLTA-2132.jpg,,,,CHEVROLET,SONIC,L4 1.8L,2012 - 2018
HLTA-2132,Toma de agua,POLAR,TOMA DE AGUA,TOMA DE AGUA,HLTA-2132,Cotizar,/IMAGENES TOMAS DE AGUA HLTA/HLTA-2132.jpg,,,,CHEVROLET,TRAX,L4 1.8L,2013 - 2021
HLTA-2132,Toma de agua,POLAR,TOMA DE AGUA,TOMA DE AGUA,HLTA-2132,Cotizar,/IMAGENES TOMAS DE AGUA HLTA/HLTA-2132.jpg,,,,PONTIAC,G3,L4 1.6L,2009 - 2010
HLTA-2133,Toma de agua,POLAR,TOMA DE AGUA,TOMA DE AGUA,HLTA-2133,Cotizar,/IMAGENES TOMAS DE AGUA HLTA/HLTA-2133.jpg,,,,CHEVROLET,BEAT,L4 1.2L,2018 - 2022
HLTA-2133,Toma de agua,POLAR,TOMA DE AGUA,TOMA DE AGUA,HLTA-2133,Cotizar,/IMAGENES TOMAS DE AGUA HLTA/HLTA-2133.jpg,,,,CHEVROLET,SPARK,L4 1.2L,2010 - 2020
HLTA-2134,Toma de agua,POLAR,TOMA DE AGUA,TOMA DE AGUA,HLTA-2134,Cotizar,/IMAGENES TOMAS DE AGUA HLTA/HLTA-2134.jpg,,,,CHEVROLET,ASTRA,L4 1.8L,2007 - 2009
HLTA-2135,Toma de agua,POLAR,TOMA DE AGUA,TOMA DE AGUA,HLTA-2135,Cotizar,/IMAGENES TOMAS DE AGUA HLTA/HLTA-2135.jpg,,,,CHEVROLET,ASTRA,L4 1.8L,2007 - 2009
HLTA-2135,Toma de agua,POLAR,TOMA DE AGUA,TOMA DE AGUA,HLTA-2135,Cotizar,/IMAGENES TOMAS DE AGUA HLTA/HLTA-2135.jpg,,,,CHEVROLET,MERIVA,L4 1.8L,2006 - 2008
HLTA-2135,Toma de agua,POLAR,TOMA DE AGUA,TOMA DE AGUA,HLTA-2135,Cotizar,/IMAGENES TOMAS DE AGUA HLTA/HLTA-2135.jpg,,,,CHEVROLET,ZAFIRA,L4 2.2L,2005 - 2006
HLTA-2136,Toma de agua,POLAR,TOMA DE AGUA,TOMA DE AGUA,HLTA-2136,Cotizar,/IMAGENES TOMAS DE AGUA HLTA/HLTA-2136.jpg,,,,BUICK,LACROSSE,V6 3.0L,2010 - 2010
HLTA-2136,Toma de agua,POLAR,TOMA DE AGUA,TOMA DE AGUA,HLTA-2136,Cotizar,/IMAGENES TOMAS DE AGUA HLTA/HLTA-2136.jpg,,,,BUICK,LACROSSE,V6 3.6L,2011 - 2016
HLTA-2136,Toma de agua,POLAR,TOMA DE AGUA,TOMA DE AGUA,HLTA-2136,Cotizar,/IMAGENES TOMAS DE AGUA HLTA/HLTA-2136.jpg,,,,CADILLAC,SRX,V6 3.0L,2010 - 2011
HLTA-2136,Toma de agua,POLAR,TOMA DE AGUA,TOMA DE AGUA,HLTA-2136,Cotizar,/IMAGENES TOMAS DE AGUA HLTA/HLTA-2136.jpg,,,,CADILLAC,SRX,V6 3.6L,2012 - 2016
HLTA-2136,Toma de agua,POLAR,TOMA DE AGUA,TOMA DE AGUA,HLTA-2136,Cotizar,/IMAGENES TOMAS DE AGUA HLTA/HLTA-2136.jpg,,,,CADILLAC,XTS,V6 3.6L,2013 - 2016
HLTA-2136,Toma de agua,POLAR,TOMA DE AGUA,TOMA DE AGUA,HLTA-2136,Cotizar,/IMAGENES TOMAS DE AGUA HLTA/HLTA-2136.jpg,,,,CHEVROLET,CAPTIVA SPORT,V6 3.0L,2011 - 2015
HLTA-2136,Toma de agua,POLAR,TOMA DE AGUA,TOMA DE AGUA,HLTA-2136,Cotizar,/IMAGENES TOMAS DE AGUA HLTA/HLTA-2136.jpg,,,,CHEVROLET,EQUINOX,V6 3.0L,2010 - 2012
HLTA-2136,Toma de agua,POLAR,TOMA DE AGUA,TOMA DE AGUA,HLTA-2136,Cotizar,/IMAGENES TOMAS DE AGUA HLTA/HLTA-2136.jpg,,,,CHEVROLET,EQUINOX,V6 3.6L,2013 - 2017
HLTA-2136,Toma de agua,POLAR,TOMA DE AGUA,TOMA DE AGUA,HLTA-2136,Cotizar,/IMAGENES TOMAS DE AGUA HLTA/HLTA-2136.jpg,,,,CHEVROLET,MALIBU,V6 3.6L,2008 - 2012
HLTA-2136,Toma de agua,POLAR,TOMA DE AGUA,TOMA DE AGUA,HLTA-2136,Cotizar,/IMAGENES TOMAS DE AGUA HLTA/HLTA-2136.jpg,,,,GMC,TERRAIN,V6 3.0L,2010 - 2012
HLTA-2136,Toma de agua,POLAR,TOMA DE AGUA,TOMA DE AGUA,HLTA-2136,Cotizar,/IMAGENES TOMAS DE AGUA HLTA/HLTA-2136.jpg,,,,GMC,TERRAIN,V6 3.6L,2013 - 2016
HLTA-2136,Toma de agua,POLAR,TOMA DE AGUA,TOMA DE AGUA,HLTA-2136,Cotizar,/IMAGENES TOMAS DE AGUA HLTA/HLTA-2136.jpg,,,,PONTIAC,G6,V6 3.6L,2007 - 2009
HLTA-2136,Toma de agua,POLAR,TOMA DE AGUA,TOMA DE AGUA,HLTA-2136,Cotizar,/IMAGENES TOMAS DE AGUA HLTA/HLTA-2136.jpg,,,,PONTIAC,TORRENT,V6 3.6L,2008 - 2009
HLTA-2136,Toma de agua,POLAR,TOMA DE AGUA,TOMA DE AGUA,HLTA-2136,Cotizar,/IMAGENES TOMAS DE AGUA HLTA/HLTA-2136.jpg,,,,SATURN,AURA,V6 3.6L,2007 - 2009
HLTA-2136,Toma de agua,POLAR,TOMA DE AGUA,TOMA DE AGUA,HLTA-2136,Cotizar,/IMAGENES TOMAS DE AGUA HLTA/HLTA-2136.jpg,,,,SATURN,VUE,V6 3.6L,2008 - 2010
HLTA-2137,Toma de agua,POLAR,TOMA DE AGUA,TOMA DE AGUA,HLTA-2137,Cotizar,/IMAGENES TOMAS DE AGUA HLTA/HLTA-2137.jpg,,,,CADILLAC,ELR,L4 1.4L,2014 - 2016
HLTA-2137,Toma de agua,POLAR,TOMA DE AGUA,TOMA DE AGUA,HLTA-2137,Cotizar,/IMAGENES TOMAS DE AGUA HLTA/HLTA-2137.jpg,,,,CHEVROLET,CRUZE,L4 1.4L,2011 - 2019
HLTA-2137,Toma de agua,POLAR,TOMA DE AGUA,TOMA DE AGUA,HLTA-2137,Cotizar,/IMAGENES TOMAS DE AGUA HLTA/HLTA-2137.jpg,,,,CHEVROLET,VOLT,L4 1.4L,2011 - 2015
HLTA-2138,Toma de agua,POLAR,TOMA DE AGUA,TOMA DE AGUA,HLTA-2138,Cotizar,/IMAGENES TOMAS DE AGUA HLTA/HLTA-2138.jpg,,,,AUDI,A3,L4 1.4L,2008 - 2013
HLTA-2138,Toma de agua,POLAR,TOMA DE AGUA,TOMA DE AGUA,HLTA-2138,Cotizar,/IMAGENES TOMAS DE AGUA HLTA/HLTA-2138.jpg,,,,SEAT,ALTEA,L4 1.4L,2010 - 2012
HLTA-2138,Toma de agua,POLAR,TOMA DE AGUA,TOMA DE AGUA,HLTA-2138,Cotizar,/IMAGENES TOMAS DE AGUA HLTA/HLTA-2138.jpg,,,,SEAT,LEON,L4 1.4L,2008 - 2012
HLTA-2138,Toma de agua,POLAR,TOMA DE AGUA,TOMA DE AGUA,HLTA-2138,Cotizar,/IMAGENES TOMAS DE AGUA HLTA/HLTA-2138.jpg,,,,VOLKSWAGEN,CADDY,L4 1.2L,2014 - 2017
HLTA-2138,Toma de agua,POLAR,TOMA DE AGUA,TOMA DE AGUA,HLTA-2138,Cotizar,/IMAGENES TOMAS DE AGUA HLTA/HLTA-2138.jpg,,,,VOLKSWAGEN,PASSAT,L4 1.4L,2009 - 2012
HLTA-2138,Toma de agua,POLAR,TOMA DE AGUA,TOMA DE AGUA,HLTA-2138,Cotizar,/IMAGENES TOMAS DE AGUA HLTA/HLTA-2138.jpg,,,,VOLKSWAGEN,PASSAT,L4 2.0L,2008 - 2016
HLTA-2138,Toma de agua,POLAR,TOMA DE AGUA,TOMA DE AGUA,HLTA-2138,Cotizar,/IMAGENES TOMAS DE AGUA HLTA/HLTA-2138.jpg,,,,VOLKSWAGEN,TIGUAN,L4 1.4L,2008 - 2011
HLTA-2139,Toma de agua,POLAR,TOMA DE AGUA,TOMA DE AGUA,HLTA-2139,Cotizar,/IMAGENES TOMAS DE AGUA HLTA/HLTA-2139.jpg,,,,VOLKSWAGEN,BEETLE,L5 2.5L,2006 - 2010
HLTA-2139,Toma de agua,POLAR,TOMA DE AGUA,TOMA DE AGUA,HLTA-2139,Cotizar,/IMAGENES TOMAS DE AGUA HLTA/HLTA-2139.jpg,,,,VOLKSWAGEN,BORA,L5 2.5L,2005 - 2010
HLTA-2139,Toma de agua,POLAR,TOMA DE AGUA,TOMA DE AGUA,HLTA-2139,Cotizar,/IMAGENES TOMAS DE AGUA HLTA/HLTA-2139.jpg,,,,VOLKSWAGEN,CLASICO,L4 2.0L,2009 - 2015
HLTA-2139,Toma de agua,POLAR,TOMA DE AGUA,TOMA DE AGUA,HLTA-2139,Cotizar,/IMAGENES TOMAS DE AGUA HLTA/HLTA-2139.jpg,,,,VOLKSWAGEN,GOLF,L4 1.8L,2000 - 2002
HLTA-2139,Toma de agua,POLAR,TOMA DE AGUA,TOMA DE AGUA,HLTA-2139,Cotizar,/IMAGENES TOMAS DE AGUA HLTA/HLTA-2139.jpg,,,,VOLKSWAGEN,GOLF,L4 2.0L,1999 - 2006
HLTA-2139,Toma de agua,POLAR,TOMA DE AGUA,TOMA DE AGUA,HLTA-2139,Cotizar,/IMAGENES TOMAS DE AGUA HLTA/HLTA-2139.jpg,,,,VOLKSWAGEN,GTI,L4 1.8L,2000 - 2005
HLTA-2139,Toma de agua,POLAR,TOMA DE AGUA,TOMA DE AGUA,HLTA-2139,Cotizar,/IMAGENES TOMAS DE AGUA HLTA/HLTA-2139.jpg,,,,VOLKSWAGEN,GTI,L4 2.0L,2000 - 2009
HLTA-2139,Toma de agua,POLAR,TOMA DE AGUA,TOMA DE AGUA,HLTA-2139,Cotizar,/IMAGENES TOMAS DE AGUA HLTA/HLTA-2139.jpg,,,,VOLKSWAGEN,JETTA,L4 1.8L,2008 - 2008
HLTA-2139,Toma de agua,POLAR,TOMA DE AGUA,TOMA DE AGUA,HLTA-2139,Cotizar,/IMAGENES TOMAS DE AGUA HLTA/HLTA-2139.jpg,,,,VOLKSWAGEN,JETTA,L4 2.0L,1999 - 2010
HLTA-2139,Toma de agua,POLAR,TOMA DE AGUA,TOMA DE AGUA,HLTA-2139,Cotizar,/IMAGENES TOMAS DE AGUA HLTA/HLTA-2139.jpg,,,,VOLKSWAGEN,JETTA,L5 2.5L,2010 - 2018
HLTA-2140,Toma de agua,POLAR,TOMA DE AGUA,TOMA DE AGUA,HLTA-2140,Cotizar,/IMAGENES TOMAS DE AGUA HLTA/HLTA-2140.jpg,,,,AUDI,A3,L4 2.0L,2006 - 2012
HLTA-2140,Toma de agua,POLAR,TOMA DE AGUA,TOMA DE AGUA,HLTA-2140,Cotizar,/IMAGENES TOMAS DE AGUA HLTA/HLTA-2140.jpg,,,,AUDI,A3,V6 3.2L,2005 - 2007
HLTA-2140,Toma de agua,POLAR,TOMA DE AGUA,TOMA DE AGUA,HLTA-2140,Cotizar,/IMAGENES TOMAS DE AGUA HLTA/HLTA-2140.jpg,,,,AUDI,A3,V6 3.2L,2009 - 2012
HLTA-2140,Toma de agua,POLAR,TOMA DE AGUA,TOMA DE AGUA,HLTA-2140,Cotizar,/IMAGENES TOMAS DE AGUA HLTA/HLTA-2140.jpg,,,,AUDI,TT,L4 1.8L,2011 - 2012
HLTA-2140,Toma de agua,POLAR,TOMA DE AGUA,TOMA DE AGUA,HLTA-2140,Cotizar,/IMAGENES TOMAS DE AGUA HLTA/HLTA-2140.jpg,,,,AUDI,TT,L4 2.0L,2007 - 2012
HLTA-2140,Toma de agua,POLAR,TOMA DE AGUA,TOMA DE AGUA,HLTA-2140,Cotizar,/IMAGENES TOMAS DE AGUA HLTA/HLTA-2140.jpg,,,,VOLKSWAGEN,BORA,L5 2.5L,2005 - 2010
HLTA-2140,Toma de agua,POLAR,TOMA DE AGUA,TOMA DE AGUA,HLTA-2140,Cotizar,/IMAGENES TOMAS DE AGUA HLTA/HLTA-2140.jpg,,,,VOLKSWAGEN,EOS,L4 2.0L,2010 - 2010
HLTA-2140,Toma de agua,POLAR,TOMA DE AGUA,TOMA DE AGUA,HLTA-2140,Cotizar,/IMAGENES TOMAS DE AGUA HLTA/HLTA-2140.jpg,,,,VOLKSWAGEN,GOLF,L5 2.5L,2010 - 2015
HLTA-2140,Toma de agua,POLAR,TOMA DE AGUA,TOMA DE AGUA,HLTA-2140,Cotizar,/IMAGENES TOMAS DE AGUA HLTA/HLTA-2140.jpg,,,,VOLKSWAGEN,GTI,L4 2.0L,2006 - 2009
HLTA-2140,Toma de agua,POLAR,TOMA DE AGUA,TOMA DE AGUA,HLTA-2140,Cotizar,/IMAGENES TOMAS DE AGUA HLTA/HLTA-2140.jpg,,,,VOLKSWAGEN,JETTA,L4 1.8L,2008 - 2008
HLTA-2140,Toma de agua,POLAR,TOMA DE AGUA,TOMA DE AGUA,HLTA-2140,Cotizar,/IMAGENES TOMAS DE AGUA HLTA/HLTA-2140.jpg,,,,VOLKSWAGEN,JETTA,L5 2.5L,2011 - 2018
HLTA-2140,Toma de agua,POLAR,TOMA DE AGUA,TOMA DE AGUA,HLTA-2140,Cotizar,/IMAGENES TOMAS DE AGUA HLTA/HLTA-2140.jpg,,,,VOLKSWAGEN,PASSAT,L4 2.0L,2005 - 2010
HLTA-2140,Toma de agua,POLAR,TOMA DE AGUA,TOMA DE AGUA,HLTA-2140,Cotizar,/IMAGENES TOMAS DE AGUA HLTA/HLTA-2140.jpg,,,,VOLKSWAGEN,PASSAT,L4 2.0L,2012 - 2014
HLTA-2140,Toma de agua,POLAR,TOMA DE AGUA,TOMA DE AGUA,HLTA-2140,Cotizar,/IMAGENES TOMAS DE AGUA HLTA/HLTA-2140.jpg,,,,VOLKSWAGEN,TIGUAN,L4 1.4L,2008 - 2011
HLTA-2140,Toma de agua,POLAR,TOMA DE AGUA,TOMA DE AGUA,HLTA-2140,Cotizar,/IMAGENES TOMAS DE AGUA HLTA/HLTA-2140.jpg,,,,VOLKSWAGEN,TIGUAN,L4 2.0L,2008 - 2017
HLTA-2141,Toma de agua,POLAR,TOMA DE AGUA,TOMA DE AGUA,HLTA-2141,Cotizar,/IMAGENES TOMAS DE AGUA HLTA/HLTA-2141.jpg,,,,VOLKSWAGEN,BEETLE,L4 1.9L,1998 - 2006
HLTA-2141,Toma de agua,POLAR,TOMA DE AGUA,TOMA DE AGUA,HLTA-2141,Cotizar,/IMAGENES TOMAS DE AGUA HLTA/HLTA-2141.jpg,,,,VOLKSWAGEN,JETTA,L4 1.9L,1999 - 2006
HLTA-2141,Toma de agua,POLAR,TOMA DE AGUA,TOMA DE AGUA,HLTA-2141,Cotizar,/IMAGENES TOMAS DE AGUA HLTA/HLTA-2141.jpg,,,,VOLKSWAGEN,PASSAT,V6 3.6L,2012 - 2013
HLTA-2142,Toma de agua,POLAR,TOMA DE AGUA,TOMA DE AGUA,HLTA-2142,Cotizar,/IMAGENES TOMAS DE AGUA HLTA/HLTA-2142.jpg,,,,AUDI,TT,L4 1.8L,2011 - 2012
HLTA-2142,Toma de agua,POLAR,TOMA DE AGUA,TOMA DE AGUA,HLTA-2142,Cotizar,/IMAGENES TOMAS DE AGUA HLTA/HLTA-2142.jpg,,,,VOLKSWAGEN,BORA,L4 2.0L,2006 - 2010
HLTA-2142,Toma de agua,POLAR,TOMA DE AGUA,TOMA DE AGUA,HLTA-2142,Cotizar,/IMAGENES TOMAS DE AGUA HLTA/HLTA-2142.jpg,,,,VOLKSWAGEN,BORA,L5 2.5L,2005 - 2010
HLTA-2142,Toma de agua,POLAR,TOMA DE AGUA,TOMA DE AGUA,HLTA-2142,Cotizar,/IMAGENES TOMAS DE AGUA HLTA/HLTA-2142.jpg,,,,VOLKSWAGEN,GOLF,L5 2.5L,2010 - 2015
HLTA-2142,Toma de agua,POLAR,TOMA DE AGUA,TOMA DE AGUA,HLTA-2142,Cotizar,/IMAGENES TOMAS DE AGUA HLTA/HLTA-2142.jpg,,,,VOLKSWAGEN,JETTA,L5 2.5L,2011 - 2018
HLTA-2143,Toma de agua,POLAR,TOMA DE AGUA,TOMA DE AGUA,HLTA-2143,Cotizar,/IMAGENES TOMAS DE AGUA HLTA/HLTA-2143.jpg,,,,SEAT,CORDOBA,L4 1.6L,2004 - 2009
HLTA-2143,Toma de agua,POLAR,TOMA DE AGUA,TOMA DE AGUA,HLTA-2143,Cotizar,/IMAGENES TOMAS DE AGUA HLTA/HLTA-2143.jpg,,,,SEAT,CORDOBA,L4 2.0L,2003 - 2009
HLTA-2143,Toma de agua,POLAR,TOMA DE AGUA,TOMA DE AGUA,HLTA-2143,Cotizar,/IMAGENES TOMAS DE AGUA HLTA/HLTA-2143.jpg,,,,SEAT,IBIZA,L4 2.0L,2001 - 2011
HLTA-2143,Toma de agua,POLAR,TOMA DE AGUA,TOMA DE AGUA,HLTA-2143,Cotizar,/IMAGENES TOMAS DE AGUA HLTA/HLTA-2143.jpg,,,,SEAT,LEON,L4 2.0L,2002 - 2009
HLTA-2143,Toma de agua,POLAR,TOMA DE AGUA,TOMA DE AGUA,HLTA-2143,Cotizar,/IMAGENES TOMAS DE AGUA HLTA/HLTA-2143.jpg,,,,VOLKSWAGEN,BEETLE,L4 1.9L,1998 - 2006
HLTA-2143,Toma de agua,POLAR,TOMA DE AGUA,TOMA DE AGUA,HLTA-2143,Cotizar,/IMAGENES TOMAS DE AGUA HLTA/HLTA-2143.jpg,,,,VOLKSWAGEN,JETTA,L4 1.9L,1999 - 2006
HLTA-2143,Toma de agua,POLAR,TOMA DE AGUA,TOMA DE AGUA,HLTA-2143,Cotizar,/IMAGENES TOMAS DE AGUA HLTA/HLTA-2143.jpg,,,,VOLKSWAGEN,JETTA,L4 2.0L,2011 - 2014
HLTA-2144,Toma de agua,POLAR,TOMA DE AGUA,TOMA DE AGUA,HLTA-2144,Cotizar,/IMAGENES TOMAS DE AGUA HLTA/HLTA-2144.jpg,,,,VOLKSWAGEN,BORA,L4 1.9L,2004 - 2006
HLTA-2144,Toma de agua,POLAR,TOMA DE AGUA,TOMA DE AGUA,HLTA-2144,Cotizar,/IMAGENES TOMAS DE AGUA HLTA/HLTA-2144.jpg,,,,VOLKSWAGEN,GOLF,L4 1.8L,2004 - 2006
HLTA-2144,Toma de agua,POLAR,TOMA DE AGUA,TOMA DE AGUA,HLTA-2144,Cotizar,/IMAGENES TOMAS DE AGUA HLTA/HLTA-2144.jpg,,,,VOLKSWAGEN,GOLF,L4 2.0L,1999 - 2007
HLTA-2144,Toma de agua,POLAR,TOMA DE AGUA,TOMA DE AGUA,HLTA-2144,Cotizar,/IMAGENES TOMAS DE AGUA HLTA/HLTA-2144.jpg,,,,VOLKSWAGEN,JETTA,L4 1.8L,2008 - 2008
HLTA-2144,Toma de agua,POLAR,TOMA DE AGUA,TOMA DE AGUA,HLTA-2144,Cotizar,/IMAGENES TOMAS DE AGUA HLTA/HLTA-2144.jpg,,,,VOLKSWAGEN,JETTA,L4 2.0L,1999 - 2015
HLTA-2145,Toma de agua,POLAR,TOMA DE AGUA,TOMA DE AGUA,HLTA-2145,Cotizar,/IMAGENES TOMAS DE AGUA HLTA/HLTA-2145.jpg,,,,AUDI,A3,L4 2.0L,2006 - 2012
HLTA-2145,Toma de agua,POLAR,TOMA DE AGUA,TOMA DE AGUA,HLTA-2145,Cotizar,/IMAGENES TOMAS DE AGUA HLTA/HLTA-2145.jpg,,,,AUDI,A3,V6 3.2L,2006 - 2009
HLTA-2145,Toma de agua,POLAR,TOMA DE AGUA,TOMA DE AGUA,HLTA-2145,Cotizar,/IMAGENES TOMAS DE AGUA HLTA/HLTA-2145.jpg,,,,AUDI,Q3,L4 2.0L,2013 - 2021
HLTA-2145,Toma de agua,POLAR,TOMA DE AGUA,TOMA DE AGUA,HLTA-2145,Cotizar,/IMAGENES TOMAS DE AGUA HLTA/HLTA-2145.jpg,,,,AUDI,S3,L4 1.8L,2000 - 2004
HLTA-2145,Toma de agua,POLAR,TOMA DE AGUA,TOMA DE AGUA,HLTA-2145,Cotizar,/IMAGENES TOMAS DE AGUA HLTA/HLTA-2145.jpg,,,,AUDI,TT,L4 1.8L,2000 - 2006
HLTA-2145,Toma de agua,POLAR,TOMA DE AGUA,TOMA DE AGUA,HLTA-2145,Cotizar,/IMAGENES TOMAS DE AGUA HLTA/HLTA-2145.jpg,,,,AUDI,TT,L4 2.0L,2007 - 2012
HLTA-2145,Toma de agua,POLAR,TOMA DE AGUA,TOMA DE AGUA,HLTA-2145,Cotizar,/IMAGENES TOMAS DE AGUA HLTA/HLTA-2145.jpg,,,,SEAT,ALTEA,L4 2.0L,2005 - 2006
HLTA-2145,Toma de agua,POLAR,TOMA DE AGUA,TOMA DE AGUA,HLTA-2145,Cotizar,/IMAGENES TOMAS DE AGUA HLTA/HLTA-2145.jpg,,,,SEAT,ALTEA,L4 2.0L,2008 - 2009
HLTA-2145,Toma de agua,POLAR,TOMA DE AGUA,TOMA DE AGUA,HLTA-2145,Cotizar,/IMAGENES TOMAS DE AGUA HLTA/HLTA-2145.jpg,,,,SEAT,ATECA,L4 1.4L,2017 - 2023
HLTA-2145,Toma de agua,POLAR,TOMA DE AGUA,TOMA DE AGUA,HLTA-2145,Cotizar,/IMAGENES TOMAS DE AGUA HLTA/HLTA-2145.jpg,,,,SEAT,ATECA,L4 2.0L,2022 - 2023
HLTA-2145,Toma de agua,POLAR,TOMA DE AGUA,TOMA DE AGUA,HLTA-2145,Cotizar,/IMAGENES TOMAS DE AGUA HLTA/HLTA-2145.jpg,,,,SEAT,IBIZA,L4 1.6L,2011 - 2020
HLTA-2145,Toma de agua,POLAR,TOMA DE AGUA,TOMA DE AGUA,HLTA-2145,Cotizar,/IMAGENES TOMAS DE AGUA HLTA/HLTA-2145.jpg,,,,SEAT,LEON,L4 1.8L,2001 - 2006
HLTA-2145,Toma de agua,POLAR,TOMA DE AGUA,TOMA DE AGUA,HLTA-2145,Cotizar,/IMAGENES TOMAS DE AGUA HLTA/HLTA-2145.jpg,,,,VOLKSWAGEN,BEETLE,L4 1.8L,1999 - 2005
HLTA-2145,Toma de agua,POLAR,TOMA DE AGUA,TOMA DE AGUA,HLTA-2145,Cotizar,/IMAGENES TOMAS DE AGUA HLTA/HLTA-2145.jpg,,,,VOLKSWAGEN,BEETLE,L5 2.5L,2006 - 2020
HLTA-2145,Toma de agua,POLAR,TOMA DE AGUA,TOMA DE AGUA,HLTA-2145,Cotizar,/IMAGENES TOMAS DE AGUA HLTA/HLTA-2145.jpg,,,,VOLKSWAGEN,BORA,L5 2.5L,2005 - 2010
HLTA-2145,Toma de agua,POLAR,TOMA DE AGUA,TOMA DE AGUA,HLTA-2145,Cotizar,/IMAGENES TOMAS DE AGUA HLTA/HLTA-2145.jpg,,,,VOLKSWAGEN,EOS,L4 2.0L,2008 - 2010
HLTA-2145,Toma de agua,POLAR,TOMA DE AGUA,TOMA DE AGUA,HLTA-2145,Cotizar,/IMAGENES TOMAS DE AGUA HLTA/HLTA-2145.jpg,,,,VOLKSWAGEN,GOLF,L5 2.5L,2010 - 2015
HLTA-2145,Toma de agua,POLAR,TOMA DE AGUA,TOMA DE AGUA,HLTA-2145,Cotizar,/IMAGENES TOMAS DE AGUA HLTA/HLTA-2145.jpg,,,,VOLKSWAGEN,GOLF GTI,L4 2.0L,2006 - 2015
HLTA-2145,Toma de agua,POLAR,TOMA DE AGUA,TOMA DE AGUA,HLTA-2145,Cotizar,/IMAGENES TOMAS DE AGUA HLTA/HLTA-2145.jpg,,,,VOLKSWAGEN,JETTA,L4 1.8L,2008 - 2008
HLTA-2145,Toma de agua,POLAR,TOMA DE AGUA,TOMA DE AGUA,HLTA-2145,Cotizar,/IMAGENES TOMAS DE AGUA HLTA/HLTA-2145.jpg,,,,VOLKSWAGEN,JETTA,L5 2.5L,2011 - 2018
HLTA-2145,Toma de agua,POLAR,TOMA DE AGUA,TOMA DE AGUA,HLTA-2145,Cotizar,/IMAGENES TOMAS DE AGUA HLTA/HLTA-2145.jpg,,,,VOLKSWAGEN,JETTA CLASICO,L4 1.8L,2011 - 2012
HLTA-2145,Toma de agua,POLAR,TOMA DE AGUA,TOMA DE AGUA,HLTA-2145,Cotizar,/IMAGENES TOMAS DE AGUA HLTA/HLTA-2145.jpg,,,,VOLKSWAGEN,JETTA CLASICO,L4 2.0L,2009 - 2015
HLTA-2145,Toma de agua,POLAR,TOMA DE AGUA,TOMA DE AGUA,HLTA-2145,Cotizar,/IMAGENES TOMAS DE AGUA HLTA/HLTA-2145.jpg,,,,VOLKSWAGEN,PASSAT,L4 2.0L,2006 - 2012
HLTA-2145,Toma de agua,POLAR,TOMA DE AGUA,TOMA DE AGUA,HLTA-2145,Cotizar,/IMAGENES TOMAS DE AGUA HLTA/HLTA-2145.jpg,,,,VOLKSWAGEN,PHAETON,V8 4.2L,2004 - 2006
HLTA-2145,Toma de agua,POLAR,TOMA DE AGUA,TOMA DE AGUA,HLTA-2145,Cotizar,/IMAGENES TOMAS DE AGUA HLTA/HLTA-2145.jpg,,,,VOLKSWAGEN,R32,V6 3.2L,2008 - 2008
HLTA-2145,Toma de agua,POLAR,TOMA DE AGUA,TOMA DE AGUA,HLTA-2145,Cotizar,/IMAGENES TOMAS DE AGUA HLTA/HLTA-2145.jpg,,,,VOLKSWAGEN,RABBIT,L5 2.5L,2006 - 2009
HLTA-2146,Toma de agua,POLAR,TOMA DE AGUA,TOMA DE AGUA,HLTA-2146,Cotizar,/IMAGENES TOMAS DE AGUA HLTA/HLTA-2146.jpg,,,,CHRYSLER,CIRRUS,V6 2.5L,1995 - 2000
HLTA-2146,Toma de agua,POLAR,TOMA DE AGUA,TOMA DE AGUA,HLTA-2146,Cotizar,/IMAGENES TOMAS DE AGUA HLTA/HLTA-2146.jpg,,,,CHRYSLER,SEBRING,V6 2.5L,1996 - 2000
HLTA-2146,Toma de agua,POLAR,TOMA DE AGUA,TOMA DE AGUA,HLTA-2146,Cotizar,/IMAGENES TOMAS DE AGUA HLTA/HLTA-2146.jpg,,,,DODGE,STRATUS,V6 2.5L,1995 - 2000
HLTA-2147,Toma de agua,POLAR,TOMA DE AGUA,TOMA DE AGUA,HLTA-2147,Cotizar,/IMAGENES TOMAS DE AGUA HLTA/HLTA-2147.jpg,,,,SATURN,SC SERIES,L4 1.9L,1991 - 2002
HLTA-2147,Toma de agua,POLAR,TOMA DE AGUA,TOMA DE AGUA,HLTA-2147,Cotizar,/IMAGENES TOMAS DE AGUA HLTA/HLTA-2147.jpg,,,,SATURN,SL SERIES,L4 1.9L,1991 - 2002
HLTA-2147,Toma de agua,POLAR,TOMA DE AGUA,TOMA DE AGUA,HLTA-2147,Cotizar,/IMAGENES TOMAS DE AGUA HLTA/HLTA-2147.jpg,,,,SATURN,SW SERIES,L4 1.9L,1991 - 2002
HLTA-2148,Toma de agua,POLAR,TOMA DE AGUA,TOMA DE AGUA,HLTA-2148,Cotizar,/IMAGENES TOMAS DE AGUA HLTA/HLTA-2148.jpg,,,,CHEVROLET,ASTRA,L4 2.0L,1991 - 1998
HLTA-2149,Toma de agua,POLAR,TOMA DE AGUA,TOMA DE AGUA,HLTA-2149,Cotizar,/IMAGENES TOMAS DE AGUA HLTA/HLTA-2149.jpg,,,,DODGE,NEON,L4 2.0L,2000 - 2005
HLTA-2149,Toma de agua,POLAR,TOMA DE AGUA,TOMA DE AGUA,HLTA-2149,Cotizar,/IMAGENES TOMAS DE AGUA HLTA/HLTA-2149.jpg,,,,DODGE,NEON,L4 2.4L,2003 - 2005
HLTA-2150,Toma de agua,POLAR,TOMA DE AGUA,TOMA DE AGUA,HLTA-2150,Cotizar,/IMAGENES TOMAS DE AGUA HLTA/HLTA-2150.jpg,,,,CHRYSLER,CIRRUS,L4 2.0L,2000 - 2000
HLTA-2150,Toma de agua,POLAR,TOMA DE AGUA,TOMA DE AGUA,HLTA-2150,Cotizar,/IMAGENES TOMAS DE AGUA HLTA/HLTA-2150.jpg,,,,DODGE,NEON,L4 2.0L,2000 - 2005
HLTA-2150,Toma de agua,POLAR,TOMA DE AGUA,TOMA DE AGUA,HLTA-2150,Cotizar,/IMAGENES TOMAS DE AGUA HLTA/HLTA-2150.jpg,,,,DODGE,NEON,L4 2.4L,2003 - 2005
HLTA-2150,Toma de agua,POLAR,TOMA DE AGUA,TOMA DE AGUA,HLTA-2150,Cotizar,/IMAGENES TOMAS DE AGUA HLTA/HLTA-2150.jpg,,,,DODGE,STRATUS,L4 2.0L,1995 - 2000
HLTA-2151,Toma de agua,POLAR,TOMA DE AGUA,TOMA DE AGUA,HLTA-2151,Cotizar,/IMAGENES TOMAS DE AGUA HLTA/HLTA-2151.jpg,,,,INFINITI,G37,V6 3.7L,2008 - 2013
HLTA-2151,Toma de agua,POLAR,TOMA DE AGUA,TOMA DE AGUA,HLTA-2151,Cotizar,/IMAGENES TOMAS DE AGUA HLTA/HLTA-2151.jpg,,,,INFINITI,Q70,V6 3.7L,2014 - 2020
HLTA-2151,Toma de agua,POLAR,TOMA DE AGUA,TOMA DE AGUA,HLTA-2151,Cotizar,/IMAGENES TOMAS DE AGUA HLTA/HLTA-2151.jpg,,,,NISSAN,MAXIMA,V6 3.0L,1995 - 2001
HLTA-2151,Toma de agua,POLAR,TOMA DE AGUA,TOMA DE AGUA,HLTA-2151,Cotizar,/IMAGENES TOMAS DE AGUA HLTA/HLTA-2151.jpg,,,,NISSAN,PATHFINDER,V6 3.5L,2001 - 2004
HLTA-2152,Toma de agua,POLAR,TOMA DE AGUA,TOMA DE AGUA,HLTA-2152,Cotizar,/IMAGENES TOMAS DE AGUA HLTA/HLTA-2152.jpg,,,,INFINITI,I30,V6 3.0L,1996 - 2001
HLTA-2153,Toma de agua,POLAR,TOMA DE AGUA,TOMA DE AGUA,HLTA-2153,Cotizar,/IMAGENES TOMAS DE AGUA HLTA/HLTA-2153.jpg,,,,,,,
HLTA-2154,Toma de agua,POLAR,TOMA DE AGUA,TOMA DE AGUA,HLTA-2154,Cotizar,/IMAGENES TOMAS DE AGUA HLTA/HLTA-2154.jpg,,,,CHEVROLET,ASTRA,L4 2.0L,2006 - 2008
HLTA-2154,Toma de agua,POLAR,TOMA DE AGUA,TOMA DE AGUA,HLTA-2154,Cotizar,/IMAGENES TOMAS DE AGUA HLTA/HLTA-2154.jpg,,,,CHEVROLET,ASTRA,L4 2.4L,2004 - 2006
HLTA-2155,Toma de agua,POLAR,TOMA DE AGUA,TOMA DE AGUA,HLTA-2155,Cotizar,/IMAGENES TOMAS DE AGUA HLTA/HLTA-2155.jpg,,,,CHRYSLER,200,L4 2.4L,2014 - 2014
HLTA-2155,Toma de agua,POLAR,TOMA DE AGUA,TOMA DE AGUA,HLTA-2155,Cotizar,/IMAGENES TOMAS DE AGUA HLTA/HLTA-2155.jpg,,,,CHRYSLER,CIRRUS,L4 2.4L,2007 - 2010
HLTA-2155,Toma de agua,POLAR,TOMA DE AGUA,TOMA DE AGUA,HLTA-2155,Cotizar,/IMAGENES TOMAS DE AGUA HLTA/HLTA-2155.jpg,,,,CHRYSLER,SEBRING,L4 2.4L,2008 - 2010
HLTA-2155,Toma de agua,POLAR,TOMA DE AGUA,TOMA DE AGUA,HLTA-2155,Cotizar,/IMAGENES TOMAS DE AGUA HLTA/HLTA-2155.jpg,,,,DODGE,AVENGER,L4 2.0L,2008 - 2010
HLTA-2155,Toma de agua,POLAR,TOMA DE AGUA,TOMA DE AGUA,HLTA-2155,Cotizar,/IMAGENES TOMAS DE AGUA HLTA/HLTA-2155.jpg,,,,DODGE,AVENGER,L4 2.4L,2008 - 2014
HLTA-2155,Toma de agua,POLAR,TOMA DE AGUA,TOMA DE AGUA,HLTA-2155,Cotizar,/IMAGENES TOMAS DE AGUA HLTA/HLTA-2155.jpg,,,,DODGE,CALIBER,L4 1.8L,2007 - 2009
HLTA-2155,Toma de agua,POLAR,TOMA DE AGUA,TOMA DE AGUA,HLTA-2155,Cotizar,/IMAGENES TOMAS DE AGUA HLTA/HLTA-2155.jpg,,,,DODGE,CALIBER,L4 2.0L,2006 - 2011
HLTA-2155,Toma de agua,POLAR,TOMA DE AGUA,TOMA DE AGUA,HLTA-2155,Cotizar,/IMAGENES TOMAS DE AGUA HLTA/HLTA-2155.jpg,,,,DODGE,CALIBER,L4 2.4L,2006 - 2011
HLTA-2155,Toma de agua,POLAR,TOMA DE AGUA,TOMA DE AGUA,HLTA-2155,Cotizar,/IMAGENES TOMAS DE AGUA HLTA/HLTA-2155.jpg,,,,DODGE,JOURNEY,L4 2.4L,2008 - 2020
HLTA-2155,Toma de agua,POLAR,TOMA DE AGUA,TOMA DE AGUA,HLTA-2155,Cotizar,/IMAGENES TOMAS DE AGUA HLTA/HLTA-2155.jpg,,,,DODGE,JOURNEY,V6 3.5L,2009 - 2010
HLTA-2155,Toma de agua,POLAR,TOMA DE AGUA,TOMA DE AGUA,HLTA-2155,Cotizar,/IMAGENES TOMAS DE AGUA HLTA/HLTA-2155.jpg,,,,JEEP,COMPASS,L4 2.0L,2007 - 2015
HLTA-2155,Toma de agua,POLAR,TOMA DE AGUA,TOMA DE AGUA,HLTA-2155,Cotizar,/IMAGENES TOMAS DE AGUA HLTA/HLTA-2155.jpg,,,,JEEP,COMPASS,L4 2.4L,2006 - 2021
HLTA-2155,Toma de agua,POLAR,TOMA DE AGUA,TOMA DE AGUA,HLTA-2155,Cotizar,/IMAGENES TOMAS DE AGUA HLTA/HLTA-2155.jpg,,,,JEEP,PATRIOT,L4 2.0L,2007 - 2017
HLTA-2155,Toma de agua,POLAR,TOMA DE AGUA,TOMA DE AGUA,HLTA-2155,Cotizar,/IMAGENES TOMAS DE AGUA HLTA/HLTA-2155.jpg,,,,JEEP,PATRIOT,L4 2.4L,2007 - 2017
HLTA-2156,Toma de agua,POLAR,TOMA DE AGUA,TOMA DE AGUA,HLTA-2156,Cotizar,/IMAGENES TOMAS DE AGUA HLTA/HLTA-2156.jpg,,,,CADILLAC,ESCALADE,V8 5.3L,2002 - 2005
HLTA-2156,Toma de agua,POLAR,TOMA DE AGUA,TOMA DE AGUA,HLTA-2156,Cotizar,/IMAGENES TOMAS DE AGUA HLTA/HLTA-2156.jpg,,,,CADILLAC,ESCALADE,V8 6.0L,2002 - 2006
HLTA-2156,Toma de agua,POLAR,TOMA DE AGUA,TOMA DE AGUA,HLTA-2156,Cotizar,/IMAGENES TOMAS DE AGUA HLTA/HLTA-2156.jpg,,,,CHEVROLET,AVALANCHE 1500,V8 5.3L,2002 - 2006
HLTA-2156,Toma de agua,POLAR,TOMA DE AGUA,TOMA DE AGUA,HLTA-2156,Cotizar,/IMAGENES TOMAS DE AGUA HLTA/HLTA-2156.jpg,,,,CHEVROLET,CAMARO,V8 5.7L,1998 - 2002
HLTA-2156,Toma de agua,POLAR,TOMA DE AGUA,TOMA DE AGUA,HLTA-2156,Cotizar,/IMAGENES TOMAS DE AGUA HLTA/HLTA-2156.jpg,,,,CHEVROLET,CORVETTE,V8 5.7L,1997 - 2003
HLTA-2156,Toma de agua,POLAR,TOMA DE AGUA,TOMA DE AGUA,HLTA-2156,Cotizar,/IMAGENES TOMAS DE AGUA HLTA/HLTA-2156.jpg,,,,CHEVROLET,EXPRESS 1500,V8 5.3L,2003 - 2006
HLTA-2156,Toma de agua,POLAR,TOMA DE AGUA,TOMA DE AGUA,HLTA-2156,Cotizar,/IMAGENES TOMAS DE AGUA HLTA/HLTA-2156.jpg,,,,CHEVROLET,EXPRESS 2500,V8 4.8L,2003 - 2004
HLTA-2156,Toma de agua,POLAR,TOMA DE AGUA,TOMA DE AGUA,HLTA-2156,Cotizar,/IMAGENES TOMAS DE AGUA HLTA/HLTA-2156.jpg,,,,CHEVROLET,EXPRESS 2500,V8 5.3L,2003 - 2005
HLTA-2156,Toma de agua,POLAR,TOMA DE AGUA,TOMA DE AGUA,HLTA-2156,Cotizar,/IMAGENES TOMAS DE AGUA HLTA/HLTA-2156.jpg,,,,CHEVROLET,EXPRESS 2500,V8 6.0L,2003 - 2006
HLTA-2156,Toma de agua,POLAR,TOMA DE AGUA,TOMA DE AGUA,HLTA-2156,Cotizar,/IMAGENES TOMAS DE AGUA HLTA/HLTA-2156.jpg,,,,CHEVROLET,EXPRESS 3500,V8 6.0L,2003 - 2006
HLTA-2156,Toma de agua,POLAR,TOMA DE AGUA,TOMA DE AGUA,HLTA-2156,Cotizar,/IMAGENES TOMAS DE AGUA HLTA/HLTA-2156.jpg,,,,CHEVROLET,SILVERADO 1500,V8 4.8L,1999 - 2006
HLTA-2156,Toma de agua,POLAR,TOMA DE AGUA,TOMA DE AGUA,HLTA-2156,Cotizar,/IMAGENES TOMAS DE AGUA HLTA/HLTA-2156.jpg,,,,CHEVROLET,SILVERADO 1500,V8 5.3L,1999 - 2006
HLTA-2156,Toma de agua,POLAR,TOMA DE AGUA,TOMA DE AGUA,HLTA-2156,Cotizar,/IMAGENES TOMAS DE AGUA HLTA/HLTA-2156.jpg,,,,CHEVROLET,SILVERADO 1500,V8 6.0L,2003 - 2006
HLTA-2156,Toma de agua,POLAR,TOMA DE AGUA,TOMA DE AGUA,HLTA-2156,Cotizar,/IMAGENES TOMAS DE AGUA HLTA/HLTA-2156.jpg,,,,CHEVROLET,SILVERADO 1500 HD,V8 6.0L,2001 - 2006
HLTA-2156,Toma de agua,POLAR,TOMA DE AGUA,TOMA DE AGUA,HLTA-2156,Cotizar,/IMAGENES TOMAS DE AGUA HLTA/HLTA-2156.jpg,,,,CHEVROLET,SILVERADO 2500,V8 5.3L,1999 - 2000
HLTA-2156,Toma de agua,POLAR,TOMA DE AGUA,TOMA DE AGUA,HLTA-2156,Cotizar,/IMAGENES TOMAS DE AGUA HLTA/HLTA-2156.jpg,,,,CHEVROLET,SILVERADO 2500,V8 6.0L,1999 - 2004
HLTA-2156,Toma de agua,POLAR,TOMA DE AGUA,TOMA DE AGUA,HLTA-2156,Cotizar,/IMAGENES TOMAS DE AGUA HLTA/HLTA-2156.jpg,,,,CHEVROLET,SILVERADO 2500 HD,V8 6.0L,2001 - 2006
HLTA-2156,Toma de agua,POLAR,TOMA DE AGUA,TOMA DE AGUA,HLTA-2156,Cotizar,/IMAGENES TOMAS DE AGUA HLTA/HLTA-2156.jpg,,,,CHEVROLET,SILVERADO 2500 HD,V8 8.1L,2001 - 2005
HLTA-2156,Toma de agua,POLAR,TOMA DE AGUA,TOMA DE AGUA,HLTA-2156,Cotizar,/IMAGENES TOMAS DE AGUA HLTA/HLTA-2156.jpg,,,,CHEVROLET,SILVERADO 3500,V8 6.0L,2001 - 2006
HLTA-2156,Toma de agua,POLAR,TOMA DE AGUA,TOMA DE AGUA,HLTA-2156,Cotizar,/IMAGENES TOMAS DE AGUA HLTA/HLTA-2156.jpg,,,,CHEVROLET,SILVERADO 3500,V8 8.1L,2001 - 2006
HLTA-2156,Toma de agua,POLAR,TOMA DE AGUA,TOMA DE AGUA,HLTA-2156,Cotizar,/IMAGENES TOMAS DE AGUA HLTA/HLTA-2156.jpg,,,,CHEVROLET,SUBURBAN 1500,V8 5.3L,2000 - 2006
HLTA-2156,Toma de agua,POLAR,TOMA DE AGUA,TOMA DE AGUA,HLTA-2156,Cotizar,/IMAGENES TOMAS DE AGUA HLTA/HLTA-2156.jpg,,,,CHEVROLET,SUBURBAN 2500,V8 6.0L,2000 - 2006
HLTA-2156,Toma de agua,POLAR,TOMA DE AGUA,TOMA DE AGUA,HLTA-2156,Cotizar,/IMAGENES TOMAS DE AGUA HLTA/HLTA-2156.jpg,,,,CHEVROLET,SUBURBAN 2500,V8 8.1L,2001 - 2006
HLTA-2156,Toma de agua,POLAR,TOMA DE AGUA,TOMA DE AGUA,HLTA-2156,Cotizar,/IMAGENES TOMAS DE AGUA HLTA/HLTA-2156.jpg,,,,CHEVROLET,TAHOE,V8 4.8L,2000 - 2006
HLTA-2156,Toma de agua,POLAR,TOMA DE AGUA,TOMA DE AGUA,HLTA-2156,Cotizar,/IMAGENES TOMAS DE AGUA HLTA/HLTA-2156.jpg,,,,CHEVROLET,TAHOE,V8 5.3L,2000 - 2006
HLTA-2156,Toma de agua,POLAR,TOMA DE AGUA,TOMA DE AGUA,HLTA-2156,Cotizar,/IMAGENES TOMAS DE AGUA HLTA/HLTA-2156.jpg,,,,CHEVROLET,TRAILBLAZER,V8 5.3L,2003 - 2006
HLTA-2156,Toma de agua,POLAR,TOMA DE AGUA,TOMA DE AGUA,HLTA-2156,Cotizar,/IMAGENES TOMAS DE AGUA HLTA/HLTA-2156.jpg,,,,CHEVROLET,TRAILBLAZER,V8 6.0L,2006 - 2006
HLTA-2156,Toma de agua,POLAR,TOMA DE AGUA,TOMA DE AGUA,HLTA-2156,Cotizar,/IMAGENES TOMAS DE AGUA HLTA/HLTA-2156.jpg,,,,GMC,SAVANA 1500,V8 5.3L,2003 - 2006
HLTA-2156,Toma de agua,POLAR,TOMA DE AGUA,TOMA DE AGUA,HLTA-2156,Cotizar,/IMAGENES TOMAS DE AGUA HLTA/HLTA-2156.jpg,,,,GMC,SAVANA 2500,V8 4.8L,2003 - 2006
HLTA-2156,Toma de agua,POLAR,TOMA DE AGUA,TOMA DE AGUA,HLTA-2156,Cotizar,/IMAGENES TOMAS DE AGUA HLTA/HLTA-2156.jpg,,,,GMC,SAVANA 2500,V8 5.3L,2003 - 2005
HLTA-2156,Toma de agua,POLAR,TOMA DE AGUA,TOMA DE AGUA,HLTA-2156,Cotizar,/IMAGENES TOMAS DE AGUA HLTA/HLTA-2156.jpg,,,,GMC,SAVANA 2500,V8 6.0L,2003 - 2006
HLTA-2156,Toma de agua,POLAR,TOMA DE AGUA,TOMA DE AGUA,HLTA-2156,Cotizar,/IMAGENES TOMAS DE AGUA HLTA/HLTA-2156.jpg,,,,GMC,SAVANA 3500,V8 6.0L,2003 - 2006
HLTA-2156,Toma de agua,POLAR,TOMA DE AGUA,TOMA DE AGUA,HLTA-2156,Cotizar,/IMAGENES TOMAS DE AGUA HLTA/HLTA-2156.jpg,,,,GMC,SIERRA 1500,V8 4.8L,1999 - 2006
HLTA-2156,Toma de agua,POLAR,TOMA DE AGUA,TOMA DE AGUA,HLTA-2156,Cotizar,/IMAGENES TOMAS DE AGUA HLTA/HLTA-2156.jpg,,,,GMC,SIERRA 1500,V8 5.3L,1999 - 2006
HLTA-2156,Toma de agua,POLAR,TOMA DE AGUA,TOMA DE AGUA,HLTA-2156,Cotizar,/IMAGENES TOMAS DE AGUA HLTA/HLTA-2156.jpg,,,,GMC,SIERRA 1500,V8 6.0L,2002 - 2006
HLTA-2156,Toma de agua,POLAR,TOMA DE AGUA,TOMA DE AGUA,HLTA-2156,Cotizar,/IMAGENES TOMAS DE AGUA HLTA/HLTA-2156.jpg,,,,GMC,SIERRA 1500 HD,V8 6.0L,2001 - 2003
HLTA-2156,Toma de agua,POLAR,TOMA DE AGUA,TOMA DE AGUA,HLTA-2156,Cotizar,/IMAGENES TOMAS DE AGUA HLTA/HLTA-2156.jpg,,,,GMC,SIERRA 2500,V8 5.3L,1999 - 2000
HLTA-2156,Toma de agua,POLAR,TOMA DE AGUA,TOMA DE AGUA,HLTA-2156,Cotizar,/IMAGENES TOMAS DE AGUA HLTA/HLTA-2156.jpg,,,,GMC,SIERRA 2500,V8 6.0L,1999 - 2004
HLTA-2156,Toma de agua,POLAR,TOMA DE AGUA,TOMA DE AGUA,HLTA-2156,Cotizar,/IMAGENES TOMAS DE AGUA HLTA/HLTA-2156.jpg,,,,GMC,SIERRA 2500 HD,V8 6.0L,2001 - 2006
HLTA-2156,Toma de agua,POLAR,TOMA DE AGUA,TOMA DE AGUA,HLTA-2156,Cotizar,/IMAGENES TOMAS DE AGUA HLTA/HLTA-2156.jpg,,,,GMC,SIERRA 3500,V8 6.0L,2001 - 2006
HLTA-2156,Toma de agua,POLAR,TOMA DE AGUA,TOMA DE AGUA,HLTA-2156,Cotizar,/IMAGENES TOMAS DE AGUA HLTA/HLTA-2156.jpg,,,,GMC,SIERRA C3,V8 6.0L,2001 - 2001
HLTA-2156,Toma de agua,POLAR,TOMA DE AGUA,TOMA DE AGUA,HLTA-2156,Cotizar,/IMAGENES TOMAS DE AGUA HLTA/HLTA-2156.jpg,,,,GMC,YUKON,V8 4.8L,2000 - 2006
HLTA-2156,Toma de agua,POLAR,TOMA DE AGUA,TOMA DE AGUA,HLTA-2156,Cotizar,/IMAGENES TOMAS DE AGUA HLTA/HLTA-2156.jpg,,,,GMC,YUKON,V8 5.3L,2000 - 2006
HLTA-2156,Toma de agua,POLAR,TOMA DE AGUA,TOMA DE AGUA,HLTA-2156,Cotizar,/IMAGENES TOMAS DE AGUA HLTA/HLTA-2156.jpg,,,,GMC,YUKON,V8 6.0L,2001 - 2006
HLTA-2156,Toma de agua,POLAR,TOMA DE AGUA,TOMA DE AGUA,HLTA-2156,Cotizar,/IMAGENES TOMAS DE AGUA HLTA/HLTA-2156.jpg,,,,GMC,YUKON XL 1500,V8 5.3L,2000 - 2006
HLTA-2156,Toma de agua,POLAR,TOMA DE AGUA,TOMA DE AGUA,HLTA-2156,Cotizar,/IMAGENES TOMAS DE AGUA HLTA/HLTA-2156.jpg,,,,GMC,YUKON XL 1500,V8 6.0L,2001 - 2006
HLTA-2156,Toma de agua,POLAR,TOMA DE AGUA,TOMA DE AGUA,HLTA-2156,Cotizar,/IMAGENES TOMAS DE AGUA HLTA/HLTA-2156.jpg,,,,GMC,YUKON XL 2500,V8 6.0L,2000 - 2006
HLTA-2156,Toma de agua,POLAR,TOMA DE AGUA,TOMA DE AGUA,HLTA-2156,Cotizar,/IMAGENES TOMAS DE AGUA HLTA/HLTA-2156.jpg,,,,HUMMER,H2,V8 6.0L,2003 - 2006
HLTA-2156,Toma de agua,POLAR,TOMA DE AGUA,TOMA DE AGUA,HLTA-2156,Cotizar,/IMAGENES TOMAS DE AGUA HLTA/HLTA-2156.jpg,,,,ISUZU,ASCENDER,V8 5.3L,2003 - 2006
HLTA-2156,Toma de agua,POLAR,TOMA DE AGUA,TOMA DE AGUA,HLTA-2156,Cotizar,/IMAGENES TOMAS DE AGUA HLTA/HLTA-2156.jpg,,,,PONTIAC,FIREBIRD,V8 5.7L,1998 - 2002
HLTA-2157,Toma de agua,POLAR,TOMA DE AGUA,TOMA DE AGUA,HLTA-2157,Cotizar,/IMAGENES TOMAS DE AGUA HLTA/HLTA-2157.jpg,,,,CADILLAC,ESCALADE,V8 5.3L,2002 - 2005
HLTA-2157,Toma de agua,POLAR,TOMA DE AGUA,TOMA DE AGUA,HLTA-2157,Cotizar,/IMAGENES TOMAS DE AGUA HLTA/HLTA-2157.jpg,,,,CADILLAC,ESCALADE,V8 6.0L,2002 - 2006
HLTA-2157,Toma de agua,POLAR,TOMA DE AGUA,TOMA DE AGUA,HLTA-2157,Cotizar,/IMAGENES TOMAS DE AGUA HLTA/HLTA-2157.jpg,,,,CHEVROLET,AVALANCHE 1500,V8 5.3L,2002 - 2006
HLTA-2157,Toma de agua,POLAR,TOMA DE AGUA,TOMA DE AGUA,HLTA-2157,Cotizar,/IMAGENES TOMAS DE AGUA HLTA/HLTA-2157.jpg,,,,CHEVROLET,CAMARO,V8 5.7L,1998 - 2002
HLTA-2157,Toma de agua,POLAR,TOMA DE AGUA,TOMA DE AGUA,HLTA-2157,Cotizar,/IMAGENES TOMAS DE AGUA HLTA/HLTA-2157.jpg,,,,CHEVROLET,CORVETTE,V8 5.7L,1997 - 2003
HLTA-2157,Toma de agua,POLAR,TOMA DE AGUA,TOMA DE AGUA,HLTA-2157,Cotizar,/IMAGENES TOMAS DE AGUA HLTA/HLTA-2157.jpg,,,,CHEVROLET,EXPRESS 1500,V8 5.3L,2003 - 2006
HLTA-2157,Toma de agua,POLAR,TOMA DE AGUA,TOMA DE AGUA,HLTA-2157,Cotizar,/IMAGENES TOMAS DE AGUA HLTA/HLTA-2157.jpg,,,,CHEVROLET,EXPRESS 2500,V8 4.8L,2003 - 2004
HLTA-2157,Toma de agua,POLAR,TOMA DE AGUA,TOMA DE AGUA,HLTA-2157,Cotizar,/IMAGENES TOMAS DE AGUA HLTA/HLTA-2157.jpg,,,,CHEVROLET,EXPRESS 2500,V8 5.3L,2003 - 2005
HLTA-2157,Toma de agua,POLAR,TOMA DE AGUA,TOMA DE AGUA,HLTA-2157,Cotizar,/IMAGENES TOMAS DE AGUA HLTA/HLTA-2157.jpg,,,,CHEVROLET,EXPRESS 2500,V8 6.0L,2003 - 2006
HLTA-2157,Toma de agua,POLAR,TOMA DE AGUA,TOMA DE AGUA,HLTA-2157,Cotizar,/IMAGENES TOMAS DE AGUA HLTA/HLTA-2157.jpg,,,,CHEVROLET,EXPRESS 3500,V8 6.0L,2003 - 2006
HLTA-2157,Toma de agua,POLAR,TOMA DE AGUA,TOMA DE AGUA,HLTA-2157,Cotizar,/IMAGENES TOMAS DE AGUA HLTA/HLTA-2157.jpg,,,,CHEVROLET,SILVERADO 1500,V8 4.8L,1999 - 2006
HLTA-2157,Toma de agua,POLAR,TOMA DE AGUA,TOMA DE AGUA,HLTA-2157,Cotizar,/IMAGENES TOMAS DE AGUA HLTA/HLTA-2157.jpg,,,,CHEVROLET,SILVERADO 1500,V8 5.3L,1999 - 2006
HLTA-2157,Toma de agua,POLAR,TOMA DE AGUA,TOMA DE AGUA,HLTA-2157,Cotizar,/IMAGENES TOMAS DE AGUA HLTA/HLTA-2157.jpg,,,,CHEVROLET,SILVERADO 1500,V8 6.0L,2003 - 2006
HLTA-2157,Toma de agua,POLAR,TOMA DE AGUA,TOMA DE AGUA,HLTA-2157,Cotizar,/IMAGENES TOMAS DE AGUA HLTA/HLTA-2157.jpg,,,,CHEVROLET,SILVERADO 1500 HD,V8 6.0L,2001 - 2006
HLTA-2157,Toma de agua,POLAR,TOMA DE AGUA,TOMA DE AGUA,HLTA-2157,Cotizar,/IMAGENES TOMAS DE AGUA HLTA/HLTA-2157.jpg,,,,CHEVROLET,SILVERADO 2500,V8 5.3L,1999 - 2000
HLTA-2157,Toma de agua,POLAR,TOMA DE AGUA,TOMA DE AGUA,HLTA-2157,Cotizar,/IMAGENES TOMAS DE AGUA HLTA/HLTA-2157.jpg,,,,CHEVROLET,SILVERADO 2500,V8 6.0L,1999 - 2004
HLTA-2157,Toma de agua,POLAR,TOMA DE AGUA,TOMA DE AGUA,HLTA-2157,Cotizar,/IMAGENES TOMAS DE AGUA HLTA/HLTA-2157.jpg,,,,CHEVROLET,SILVERADO 2500 HD,V8 6.0L,2001 - 2006
HLTA-2157,Toma de agua,POLAR,TOMA DE AGUA,TOMA DE AGUA,HLTA-2157,Cotizar,/IMAGENES TOMAS DE AGUA HLTA/HLTA-2157.jpg,,,,CHEVROLET,SILVERADO 2500 HD,V8 8.1L,2001 - 2005
HLTA-2157,Toma de agua,POLAR,TOMA DE AGUA,TOMA DE AGUA,HLTA-2157,Cotizar,/IMAGENES TOMAS DE AGUA HLTA/HLTA-2157.jpg,,,,CHEVROLET,SILVERADO 3500,V8 6.0L,2001 - 2006
HLTA-2157,Toma de agua,POLAR,TOMA DE AGUA,TOMA DE AGUA,HLTA-2157,Cotizar,/IMAGENES TOMAS DE AGUA HLTA/HLTA-2157.jpg,,,,CHEVROLET,SILVERADO 3500,V8 8.1L,2001 - 2006
HLTA-2157,Toma de agua,POLAR,TOMA DE AGUA,TOMA DE AGUA,HLTA-2157,Cotizar,/IMAGENES TOMAS DE AGUA HLTA/HLTA-2157.jpg,,,,CHEVROLET,SUBURBAN 1500,V8 5.3L,2000 - 2006
HLTA-2157,Toma de agua,POLAR,TOMA DE AGUA,TOMA DE AGUA,HLTA-2157,Cotizar,/IMAGENES TOMAS DE AGUA HLTA/HLTA-2157.jpg,,,,CHEVROLET,SUBURBAN 2500,V8 6.0L,2000 - 2006
HLTA-2157,Toma de agua,POLAR,TOMA DE AGUA,TOMA DE AGUA,HLTA-2157,Cotizar,/IMAGENES TOMAS DE AGUA HLTA/HLTA-2157.jpg,,,,CHEVROLET,SUBURBAN 2500,V8 8.1L,2001 - 2006
HLTA-2157,Toma de agua,POLAR,TOMA DE AGUA,TOMA DE AGUA,HLTA-2157,Cotizar,/IMAGENES TOMAS DE AGUA HLTA/HLTA-2157.jpg,,,,CHEVROLET,TAHOE,V8 4.8L,2000 - 2006
HLTA-2157,Toma de agua,POLAR,TOMA DE AGUA,TOMA DE AGUA,HLTA-2157,Cotizar,/IMAGENES TOMAS DE AGUA HLTA/HLTA-2157.jpg,,,,CHEVROLET,TAHOE,V8 5.3L,2000 - 2006
HLTA-2157,Toma de agua,POLAR,TOMA DE AGUA,TOMA DE AGUA,HLTA-2157,Cotizar,/IMAGENES TOMAS DE AGUA HLTA/HLTA-2157.jpg,,,,CHEVROLET,TRAILBLAZER,V8 5.3L,2003 - 2006
HLTA-2157,Toma de agua,POLAR,TOMA DE AGUA,TOMA DE AGUA,HLTA-2157,Cotizar,/IMAGENES TOMAS DE AGUA HLTA/HLTA-2157.jpg,,,,CHEVROLET,TRAILBLAZER,V8 6.0L,2006 - 2006
HLTA-2157,Toma de agua,POLAR,TOMA DE AGUA,TOMA DE AGUA,HLTA-2157,Cotizar,/IMAGENES TOMAS DE AGUA HLTA/HLTA-2157.jpg,,,,GMC,SAVANA 1500,V8 5.3L,2003 - 2006
HLTA-2157,Toma de agua,POLAR,TOMA DE AGUA,TOMA DE AGUA,HLTA-2157,Cotizar,/IMAGENES TOMAS DE AGUA HLTA/HLTA-2157.jpg,,,,GMC,SAVANA 2500,V8 4.8L,2003 - 2006
HLTA-2157,Toma de agua,POLAR,TOMA DE AGUA,TOMA DE AGUA,HLTA-2157,Cotizar,/IMAGENES TOMAS DE AGUA HLTA/HLTA-2157.jpg,,,,GMC,SAVANA 2500,V8 5.3L,2003 - 2005
HLTA-2157,Toma de agua,POLAR,TOMA DE AGUA,TOMA DE AGUA,HLTA-2157,Cotizar,/IMAGENES TOMAS DE AGUA HLTA/HLTA-2157.jpg,,,,GMC,SAVANA 2500,V8 6.0L,2003 - 2006
HLTA-2157,Toma de agua,POLAR,TOMA DE AGUA,TOMA DE AGUA,HLTA-2157,Cotizar,/IMAGENES TOMAS DE AGUA HLTA/HLTA-2157.jpg,,,,GMC,SAVANA 3500,V8 6.0L,2003 - 2006
HLTA-2157,Toma de agua,POLAR,TOMA DE AGUA,TOMA DE AGUA,HLTA-2157,Cotizar,/IMAGENES TOMAS DE AGUA HLTA/HLTA-2157.jpg,,,,GMC,SIERRA 1500,V8 4.8L,1999 - 2006
HLTA-2157,Toma de agua,POLAR,TOMA DE AGUA,TOMA DE AGUA,HLTA-2157,Cotizar,/IMAGENES TOMAS DE AGUA HLTA/HLTA-2157.jpg,,,,GMC,SIERRA 1500,V8 5.3L,1999 - 2006
HLTA-2157,Toma de agua,POLAR,TOMA DE AGUA,TOMA DE AGUA,HLTA-2157,Cotizar,/IMAGENES TOMAS DE AGUA HLTA/HLTA-2157.jpg,,,,GMC,SIERRA 1500,V8 6.0L,2002 - 2006
HLTA-2157,Toma de agua,POLAR,TOMA DE AGUA,TOMA DE AGUA,HLTA-2157,Cotizar,/IMAGENES TOMAS DE AGUA HLTA/HLTA-2157.jpg,,,,GMC,SIERRA 1500 HD,V8 6.0L,2001 - 2003
HLTA-2157,Toma de agua,POLAR,TOMA DE AGUA,TOMA DE AGUA,HLTA-2157,Cotizar,/IMAGENES TOMAS DE AGUA HLTA/HLTA-2157.jpg,,,,GMC,SIERRA 2500,V8 5.3L,1999 - 2000
HLTA-2157,Toma de agua,POLAR,TOMA DE AGUA,TOMA DE AGUA,HLTA-2157,Cotizar,/IMAGENES TOMAS DE AGUA HLTA/HLTA-2157.jpg,,,,GMC,SIERRA 2500,V8 6.0L,1999 - 2004
HLTA-2157,Toma de agua,POLAR,TOMA DE AGUA,TOMA DE AGUA,HLTA-2157,Cotizar,/IMAGENES TOMAS DE AGUA HLTA/HLTA-2157.jpg,,,,GMC,SIERRA 2500 HD,V8 6.0L,2001 - 2006
HLTA-2157,Toma de agua,POLAR,TOMA DE AGUA,TOMA DE AGUA,HLTA-2157,Cotizar,/IMAGENES TOMAS DE AGUA HLTA/HLTA-2157.jpg,,,,GMC,SIERRA 3500,V8 6.0L,2001 - 2006
HLTA-2157,Toma de agua,POLAR,TOMA DE AGUA,TOMA DE AGUA,HLTA-2157,Cotizar,/IMAGENES TOMAS DE AGUA HLTA/HLTA-2157.jpg,,,,GMC,SIERRA C3,V8 6.0L,2001 - 2001
HLTA-2157,Toma de agua,POLAR,TOMA DE AGUA,TOMA DE AGUA,HLTA-2157,Cotizar,/IMAGENES TOMAS DE AGUA HLTA/HLTA-2157.jpg,,,,GMC,YUKON,V8 4.8L,2000 - 2006
HLTA-2157,Toma de agua,POLAR,TOMA DE AGUA,TOMA DE AGUA,HLTA-2157,Cotizar,/IMAGENES TOMAS DE AGUA HLTA/HLTA-2157.jpg,,,,GMC,YUKON,V8 5.3L,2000 - 2006
HLTA-2157,Toma de agua,POLAR,TOMA DE AGUA,TOMA DE AGUA,HLTA-2157,Cotizar,/IMAGENES TOMAS DE AGUA HLTA/HLTA-2157.jpg,,,,GMC,YUKON,V8 6.0L,2001 - 2006
HLTA-2157,Toma de agua,POLAR,TOMA DE AGUA,TOMA DE AGUA,HLTA-2157,Cotizar,/IMAGENES TOMAS DE AGUA HLTA/HLTA-2157.jpg,,,,GMC,YUKON XL 1500,V8 5.3L,2000 - 2006
HLTA-2157,Toma de agua,POLAR,TOMA DE AGUA,TOMA DE AGUA,HLTA-2157,Cotizar,/IMAGENES TOMAS DE AGUA HLTA/HLTA-2157.jpg,,,,GMC,YUKON XL 1500,V8 6.0L,2001 - 2006
HLTA-2157,Toma de agua,POLAR,TOMA DE AGUA,TOMA DE AGUA,HLTA-2157,Cotizar,/IMAGENES TOMAS DE AGUA HLTA/HLTA-2157.jpg,,,,GMC,YUKON XL 2500,V8 6.0L,2000 - 2006
HLTA-2157,Toma de agua,POLAR,TOMA DE AGUA,TOMA DE AGUA,HLTA-2157,Cotizar,/IMAGENES TOMAS DE AGUA HLTA/HLTA-2157.jpg,,,,HUMMER,H2,V8 6.0L,2003 - 2006
HLTA-2157,Toma de agua,POLAR,TOMA DE AGUA,TOMA DE AGUA,HLTA-2157,Cotizar,/IMAGENES TOMAS DE AGUA HLTA/HLTA-2157.jpg,,,,ISUZU,ASCENDER,V8 5.3L,2003 - 2006
HLTA-2157,Toma de agua,POLAR,TOMA DE AGUA,TOMA DE AGUA,HLTA-2157,Cotizar,/IMAGENES TOMAS DE AGUA HLTA/HLTA-2157.jpg,,,,PONTIAC,FIREBIRD,V8 5.7L,1998 - 2002
HLTA-2158,Toma de agua,POLAR,TOMA DE AGUA,TOMA DE AGUA,HLTA-2158,Cotizar,/IMAGENES TOMAS DE AGUA HLTA/HLTA-2158.jpg,,,,CADILLAC,ESCALADE,V8 5.3L,2002 - 2005
HLTA-2158,Toma de agua,POLAR,TOMA DE AGUA,TOMA DE AGUA,HLTA-2158,Cotizar,/IMAGENES TOMAS DE AGUA HLTA/HLTA-2158.jpg,,,,CADILLAC,ESCALADE,V8 6.0L,2002 - 2006
HLTA-2158,Toma de agua,POLAR,TOMA DE AGUA,TOMA DE AGUA,HLTA-2158,Cotizar,/IMAGENES TOMAS DE AGUA HLTA/HLTA-2158.jpg,,,,CHEVROLET,AVALANCHE 1500,V8 5.3L,2002 - 2006
HLTA-2158,Toma de agua,POLAR,TOMA DE AGUA,TOMA DE AGUA,HLTA-2158,Cotizar,/IMAGENES TOMAS DE AGUA HLTA/HLTA-2158.jpg,,,,CHEVROLET,CAMARO,V8 5.7L,1998 - 2002
HLTA-2158,Toma de agua,POLAR,TOMA DE AGUA,TOMA DE AGUA,HLTA-2158,Cotizar,/IMAGENES TOMAS DE AGUA HLTA/HLTA-2158.jpg,,,,CHEVROLET,CORVETTE,V8 5.7L,1997 - 2003
HLTA-2158,Toma de agua,POLAR,TOMA DE AGUA,TOMA DE AGUA,HLTA-2158,Cotizar,/IMAGENES TOMAS DE AGUA HLTA/HLTA-2158.jpg,,,,CHEVROLET,EXPRESS 1500,V8 5.3L,2003 - 2006
HLTA-2158,Toma de agua,POLAR,TOMA DE AGUA,TOMA DE AGUA,HLTA-2158,Cotizar,/IMAGENES TOMAS DE AGUA HLTA/HLTA-2158.jpg,,,,CHEVROLET,EXPRESS 2500,V8 4.8L,2003 - 2004
HLTA-2158,Toma de agua,POLAR,TOMA DE AGUA,TOMA DE AGUA,HLTA-2158,Cotizar,/IMAGENES TOMAS DE AGUA HLTA/HLTA-2158.jpg,,,,CHEVROLET,EXPRESS 2500,V8 5.3L,2003 - 2005
HLTA-2158,Toma de agua,POLAR,TOMA DE AGUA,TOMA DE AGUA,HLTA-2158,Cotizar,/IMAGENES TOMAS DE AGUA HLTA/HLTA-2158.jpg,,,,CHEVROLET,EXPRESS 2500,V8 6.0L,2003 - 2006
HLTA-2158,Toma de agua,POLAR,TOMA DE AGUA,TOMA DE AGUA,HLTA-2158,Cotizar,/IMAGENES TOMAS DE AGUA HLTA/HLTA-2158.jpg,,,,CHEVROLET,EXPRESS 3500,V8 6.0L,2003 - 2006
HLTA-2158,Toma de agua,POLAR,TOMA DE AGUA,TOMA DE AGUA,HLTA-2158,Cotizar,/IMAGENES TOMAS DE AGUA HLTA/HLTA-2158.jpg,,,,CHEVROLET,SILVERADO 1500,V8 4.8L,1999 - 2006
HLTA-2158,Toma de agua,POLAR,TOMA DE AGUA,TOMA DE AGUA,HLTA-2158,Cotizar,/IMAGENES TOMAS DE AGUA HLTA/HLTA-2158.jpg,,,,CHEVROLET,SILVERADO 1500,V8 5.3L,1999 - 2006
HLTA-2158,Toma de agua,POLAR,TOMA DE AGUA,TOMA DE AGUA,HLTA-2158,Cotizar,/IMAGENES TOMAS DE AGUA HLTA/HLTA-2158.jpg,,,,CHEVROLET,SILVERADO 1500,V8 5.7L,2001 - 2002
HLTA-2158,Toma de agua,POLAR,TOMA DE AGUA,TOMA DE AGUA,HLTA-2158,Cotizar,/IMAGENES TOMAS DE AGUA HLTA/HLTA-2158.jpg,,,,CHEVROLET,SILVERADO 1500,V8 6.0L,2003 - 2006
HLTA-2158,Toma de agua,POLAR,TOMA DE AGUA,TOMA DE AGUA,HLTA-2158,Cotizar,/IMAGENES TOMAS DE AGUA HLTA/HLTA-2158.jpg,,,,CHEVROLET,SILVERADO 1500 HD,V8 6.0L,2001 - 2006
HLTA-2158,Toma de agua,POLAR,TOMA DE AGUA,TOMA DE AGUA,HLTA-2158,Cotizar,/IMAGENES TOMAS DE AGUA HLTA/HLTA-2158.jpg,,,,CHEVROLET,SILVERADO 2500,V8 5.3L,1999 - 2000
HLTA-2158,Toma de agua,POLAR,TOMA DE AGUA,TOMA DE AGUA,HLTA-2158,Cotizar,/IMAGENES TOMAS DE AGUA HLTA/HLTA-2158.jpg,,,,CHEVROLET,SILVERADO 2500,V8 5.7L,2001 - 2002
HLTA-2158,Toma de agua,POLAR,TOMA DE AGUA,TOMA DE AGUA,HLTA-2158,Cotizar,/IMAGENES TOMAS DE AGUA HLTA/HLTA-2158.jpg,,,,CHEVROLET,SILVERADO 2500,V8 6.0L,1999 - 2004
HLTA-2158,Toma de agua,POLAR,TOMA DE AGUA,TOMA DE AGUA,HLTA-2158,Cotizar,/IMAGENES TOMAS DE AGUA HLTA/HLTA-2158.jpg,,,,CHEVROLET,SILVERADO 2500 HD,V8 6.0L,2001 - 2006
HLTA-2158,Toma de agua,POLAR,TOMA DE AGUA,TOMA DE AGUA,HLTA-2158,Cotizar,/IMAGENES TOMAS DE AGUA HLTA/HLTA-2158.jpg,,,,CHEVROLET,SILVERADO 2500 HD,V8 8.1L,2001 - 2005
HLTA-2158,Toma de agua,POLAR,TOMA DE AGUA,TOMA DE AGUA,HLTA-2158,Cotizar,/IMAGENES TOMAS DE AGUA HLTA/HLTA-2158.jpg,,,,CHEVROLET,SILVERADO 3500,V8 5.7L,2001 - 2003
HLTA-2158,Toma de agua,POLAR,TOMA DE AGUA,TOMA DE AGUA,HLTA-2158,Cotizar,/IMAGENES TOMAS DE AGUA HLTA/HLTA-2158.jpg,,,,CHEVROLET,SILVERADO 3500,V8 6.0L,2001 - 2006
HLTA-2158,Toma de agua,POLAR,TOMA DE AGUA,TOMA DE AGUA,HLTA-2158,Cotizar,/IMAGENES TOMAS DE AGUA HLTA/HLTA-2158.jpg,,,,CHEVROLET,SILVERADO 3500,V8 8.1L,2001 - 2006
HLTA-2158,Toma de agua,POLAR,TOMA DE AGUA,TOMA DE AGUA,HLTA-2158,Cotizar,/IMAGENES TOMAS DE AGUA HLTA/HLTA-2158.jpg,,,,CHEVROLET,SONORA,V8 4.8L,2000 - 2005
HLTA-2158,Toma de agua,POLAR,TOMA DE AGUA,TOMA DE AGUA,HLTA-2158,Cotizar,/IMAGENES TOMAS DE AGUA HLTA/HLTA-2158.jpg,,,,CHEVROLET,SONORA,V8 5.3L,2003 - 2006
HLTA-2158,Toma de agua,POLAR,TOMA DE AGUA,TOMA DE AGUA,HLTA-2158,Cotizar,/IMAGENES TOMAS DE AGUA HLTA/HLTA-2158.jpg,,,,CHEVROLET,SUBURBAN 1500,V8 5.3L,2000 - 2006
HLTA-2158,Toma de agua,POLAR,TOMA DE AGUA,TOMA DE AGUA,HLTA-2158,Cotizar,/IMAGENES TOMAS DE AGUA HLTA/HLTA-2158.jpg,,,,CHEVROLET,SUBURBAN 2500,V8 6.0L,2000 - 2006
HLTA-2158,Toma de agua,POLAR,TOMA DE AGUA,TOMA DE AGUA,HLTA-2158,Cotizar,/IMAGENES TOMAS DE AGUA HLTA/HLTA-2158.jpg,,,,CHEVROLET,SUBURBAN 2500,V8 8.1L,2001 - 2006
HLTA-2158,Toma de agua,POLAR,TOMA DE AGUA,TOMA DE AGUA,HLTA-2158,Cotizar,/IMAGENES TOMAS DE AGUA HLTA/HLTA-2158.jpg,,,,CHEVROLET,TAHOE,V8 4.8L,2000 - 2006
HLTA-2158,Toma de agua,POLAR,TOMA DE AGUA,TOMA DE AGUA,HLTA-2158,Cotizar,/IMAGENES TOMAS DE AGUA HLTA/HLTA-2158.jpg,,,,CHEVROLET,TAHOE,V8 5.3L,2000 - 2006
HLTA-2158,Toma de agua,POLAR,TOMA DE AGUA,TOMA DE AGUA,HLTA-2158,Cotizar,/IMAGENES TOMAS DE AGUA HLTA/HLTA-2158.jpg,,,,CHEVROLET,TAHOE,V8 5.7L,2000 - 2000
HLTA-2158,Toma de agua,POLAR,TOMA DE AGUA,TOMA DE AGUA,HLTA-2158,Cotizar,/IMAGENES TOMAS DE AGUA HLTA/HLTA-2158.jpg,,,,CHEVROLET,TRAILBLAZER,V8 5.3L,2003 - 2006
HLTA-2158,Toma de agua,POLAR,TOMA DE AGUA,TOMA DE AGUA,HLTA-2158,Cotizar,/IMAGENES TOMAS DE AGUA HLTA/HLTA-2158.jpg,,,,CHEVROLET,TRAILBLAZER,V8 6.0L,2006 - 2006
HLTA-2158,Toma de agua,POLAR,TOMA DE AGUA,TOMA DE AGUA,HLTA-2158,Cotizar,/IMAGENES TOMAS DE AGUA HLTA/HLTA-2158.jpg,,,,GMC,SAVANA 1500,V8 5.3L,2003 - 2006
HLTA-2158,Toma de agua,POLAR,TOMA DE AGUA,TOMA DE AGUA,HLTA-2158,Cotizar,/IMAGENES TOMAS DE AGUA HLTA/HLTA-2158.jpg,,,,GMC,SAVANA 2500,V8 4.8L,2003 - 2006
HLTA-2158,Toma de agua,POLAR,TOMA DE AGUA,TOMA DE AGUA,HLTA-2158,Cotizar,/IMAGENES TOMAS DE AGUA HLTA/HLTA-2158.jpg,,,,GMC,SAVANA 2500,V8 5.3L,2003 - 2005
HLTA-2158,Toma de agua,POLAR,TOMA DE AGUA,TOMA DE AGUA,HLTA-2158,Cotizar,/IMAGENES TOMAS DE AGUA HLTA/HLTA-2158.jpg,,,,GMC,SAVANA 2500,V8 6.0L,2003 - 2006
HLTA-2158,Toma de agua,POLAR,TOMA DE AGUA,TOMA DE AGUA,HLTA-2158,Cotizar,/IMAGENES TOMAS DE AGUA HLTA/HLTA-2158.jpg,,,,GMC,SAVANA 3500,V8 6.0L,2003 - 2006
HLTA-2158,Toma de agua,POLAR,TOMA DE AGUA,TOMA DE AGUA,HLTA-2158,Cotizar,/IMAGENES TOMAS DE AGUA HLTA/HLTA-2158.jpg,,,,GMC,SIERRA 1500,V8 4.8L,1999 - 2006
HLTA-2158,Toma de agua,POLAR,TOMA DE AGUA,TOMA DE AGUA,HLTA-2158,Cotizar,/IMAGENES TOMAS DE AGUA HLTA/HLTA-2158.jpg,,,,GMC,SIERRA 1500,V8 5.3L,1999 - 2006
HLTA-2158,Toma de agua,POLAR,TOMA DE AGUA,TOMA DE AGUA,HLTA-2158,Cotizar,/IMAGENES TOMAS DE AGUA HLTA/HLTA-2158.jpg,,,,GMC,SIERRA 1500,V8 6.0L,2002 - 2006
HLTA-2158,Toma de agua,POLAR,TOMA DE AGUA,TOMA DE AGUA,HLTA-2158,Cotizar,/IMAGENES TOMAS DE AGUA HLTA/HLTA-2158.jpg,,,,GMC,SIERRA 1500 HD,V8 6.0L,2001 - 2003
HLTA-2158,Toma de agua,POLAR,TOMA DE AGUA,TOMA DE AGUA,HLTA-2158,Cotizar,/IMAGENES TOMAS DE AGUA HLTA/HLTA-2158.jpg,,,,GMC,SIERRA 2500,V8 5.3L,1999 - 2000
HLTA-2158,Toma de agua,POLAR,TOMA DE AGUA,TOMA DE AGUA,HLTA-2158,Cotizar,/IMAGENES TOMAS DE AGUA HLTA/HLTA-2158.jpg,,,,GMC,SIERRA 2500,V8 6.0L,1999 - 2004
HLTA-2158,Toma de agua,POLAR,TOMA DE AGUA,TOMA DE AGUA,HLTA-2158,Cotizar,/IMAGENES TOMAS DE AGUA HLTA/HLTA-2158.jpg,,,,GMC,SIERRA 2500 HD,V8 6.0L,2001 - 2006
HLTA-2158,Toma de agua,POLAR,TOMA DE AGUA,TOMA DE AGUA,HLTA-2158,Cotizar,/IMAGENES TOMAS DE AGUA HLTA/HLTA-2158.jpg,,,,GMC,SIERRA 3500,V8 6.0L,2001 - 2006
HLTA-2158,Toma de agua,POLAR,TOMA DE AGUA,TOMA DE AGUA,HLTA-2158,Cotizar,/IMAGENES TOMAS DE AGUA HLTA/HLTA-2158.jpg,,,,GMC,SIERRA C3,V8 6.0L,2001 - 2001
HLTA-2158,Toma de agua,POLAR,TOMA DE AGUA,TOMA DE AGUA,HLTA-2158,Cotizar,/IMAGENES TOMAS DE AGUA HLTA/HLTA-2158.jpg,,,,GMC,YUKON,V8 4.8L,2000 - 2006
HLTA-2158,Toma de agua,POLAR,TOMA DE AGUA,TOMA DE AGUA,HLTA-2158,Cotizar,/IMAGENES TOMAS DE AGUA HLTA/HLTA-2158.jpg,,,,GMC,YUKON,V8 5.3L,2000 - 2006
HLTA-2158,Toma de agua,POLAR,TOMA DE AGUA,TOMA DE AGUA,HLTA-2158,Cotizar,/IMAGENES TOMAS DE AGUA HLTA/HLTA-2158.jpg,,,,GMC,YUKON,V8 6.0L,2001 - 2006
HLTA-2158,Toma de agua,POLAR,TOMA DE AGUA,TOMA DE AGUA,HLTA-2158,Cotizar,/IMAGENES TOMAS DE AGUA HLTA/HLTA-2158.jpg,,,,GMC,YUKON XL 1500,V8 5.3L,2000 - 2006
HLTA-2158,Toma de agua,POLAR,TOMA DE AGUA,TOMA DE AGUA,HLTA-2158,Cotizar,/IMAGENES TOMAS DE AGUA HLTA/HLTA-2158.jpg,,,,GMC,YUKON XL 1500,V8 6.0L,2001 - 2006
HLTA-2158,Toma de agua,POLAR,TOMA DE AGUA,TOMA DE AGUA,HLTA-2158,Cotizar,/IMAGENES TOMAS DE AGUA HLTA/HLTA-2158.jpg,,,,GMC,YUKON XL 2500,V8 6.0L,2000 - 2006
HLTA-2158,Toma de agua,POLAR,TOMA DE AGUA,TOMA DE AGUA,HLTA-2158,Cotizar,/IMAGENES TOMAS DE AGUA HLTA/HLTA-2158.jpg,,,,HUMMER,H2,V8 6.0L,2003 - 2006
HLTA-2158,Toma de agua,POLAR,TOMA DE AGUA,TOMA DE AGUA,HLTA-2158,Cotizar,/IMAGENES TOMAS DE AGUA HLTA/HLTA-2158.jpg,,,,ISUZU,ASCENDER,V8 5.3L,2003 - 2006
HLTA-2158,Toma de agua,POLAR,TOMA DE AGUA,TOMA DE AGUA,HLTA-2158,Cotizar,/IMAGENES TOMAS DE AGUA HLTA/HLTA-2158.jpg,,,,PONTIAC,FIREBIRD,V8 5.7L,1998 - 2002
HLTA-2159,Toma de agua,POLAR,TOMA DE AGUA,TOMA DE AGUA,HLTA-2159,Cotizar,/IMAGENES TOMAS DE AGUA HLTA/HLTA-2159.jpg,,,,AUDI,Q3,L4 2.0L,2015 - 2018
HLTA-2159,Toma de agua,POLAR,TOMA DE AGUA,TOMA DE AGUA,HLTA-2159,Cotizar,/IMAGENES TOMAS DE AGUA HLTA/HLTA-2159.jpg,,,,AUDI,TT,L4 2.0L,2009 - 2015
HLTA-2159,Toma de agua,POLAR,TOMA DE AGUA,TOMA DE AGUA,HLTA-2159,Cotizar,/IMAGENES TOMAS DE AGUA HLTA/HLTA-2159.jpg,,,,VOLKSWAGEN,BEETLE,L4 2.0L,2012 - 2018
HLTA-2159,Toma de agua,POLAR,TOMA DE AGUA,TOMA DE AGUA,HLTA-2159,Cotizar,/IMAGENES TOMAS DE AGUA HLTA/HLTA-2159.jpg,,,,,,,
HLTA-2159,Toma de agua,POLAR,TOMA DE AGUA,TOMA DE AGUA,HLTA-2159,Cotizar,/IMAGENES TOMAS DE AGUA HLTA/HLTA-2159.jpg,,,,VOLKSWAGEN,EOS,L4 2.0L,2006 - 2016
HLTA-2159,Toma de agua,POLAR,TOMA DE AGUA,TOMA DE AGUA,HLTA-2159,Cotizar,/IMAGENES TOMAS DE AGUA HLTA/HLTA-2159.jpg,,,,VOLKSWAGEN,GLI,L4 2.0L,2012 - 2015
HLTA-2159,Toma de agua,POLAR,TOMA DE AGUA,TOMA DE AGUA,HLTA-2159,Cotizar,/IMAGENES TOMAS DE AGUA HLTA/HLTA-2159.jpg,,,,VOLKSWAGEN,GTI,L4 2.0L,2008 - 2011
HLTA-2159,Toma de agua,POLAR,TOMA DE AGUA,TOMA DE AGUA,HLTA-2159,Cotizar,/IMAGENES TOMAS DE AGUA HLTA/HLTA-2159.jpg,,,,VOLKSWAGEN,JETTA,L4 2.0L,2006 - 2010
HLTA-2159,Toma de agua,POLAR,TOMA DE AGUA,TOMA DE AGUA,HLTA-2159,Cotizar,/IMAGENES TOMAS DE AGUA HLTA/HLTA-2159.jpg,,,,VOLKSWAGEN,PASSAT,L4 2.0L,2005 - 2010
HLTA-2159,Toma de agua,POLAR,TOMA DE AGUA,TOMA DE AGUA,HLTA-2159,Cotizar,/IMAGENES TOMAS DE AGUA HLTA/HLTA-2159.jpg,,,,VOLKSWAGEN,TIGUAN,L4 2.0L,2007 - 2017
HLTA-2160,Toma de agua,POLAR,TOMA DE AGUA,TOMA DE AGUA,HLTA-2160,Cotizar,/IMAGENES TOMAS DE AGUA HLTA/HLTA-2160.jpg,,,,NISSAN,D21 PICKUP,L4 2.4L,1990 - 2009
HLTA-2160,Toma de agua,POLAR,TOMA DE AGUA,TOMA DE AGUA,HLTA-2160,Cotizar,/IMAGENES TOMAS DE AGUA HLTA/HLTA-2160.jpg,,,,NISSAN,FRONTIER,L4 2.4L,1998 - 2004
HLTA-2161,Toma de agua,POLAR,TOMA DE AGUA,TOMA DE AGUA,HLTA-2161,Cotizar,/IMAGENES TOMAS DE AGUA HLTA/HLTA-2161.jpg,,,,NISSAN,D21 PICKUP,L4 2.4L,1995 - 2008
HLTA-2161,Toma de agua,POLAR,TOMA DE AGUA,TOMA DE AGUA,HLTA-2161,Cotizar,/IMAGENES TOMAS DE AGUA HLTA/HLTA-2161.jpg,,,,NISSAN,FRONTIER,L4 2.4L,1998 - 2004
HLTA-2162,Toma de agua,POLAR,TOMA DE AGUA,TOMA DE AGUA,HLTA-2162,Cotizar,/IMAGENES TOMAS DE AGUA HLTA/HLTA-2162.jpg,,,,NISSAN,HIKARI,L4 1.6L,1988 - 1992
HLTA-2162,Toma de agua,POLAR,TOMA DE AGUA,TOMA DE AGUA,HLTA-2162,Cotizar,/IMAGENES TOMAS DE AGUA HLTA/HLTA-2162.jpg,,,,NISSAN,SENTRA,L4 1.6L,1991 - 1994
HLTA-2162,Toma de agua,POLAR,TOMA DE AGUA,TOMA DE AGUA,HLTA-2162,Cotizar,/IMAGENES TOMAS DE AGUA HLTA/HLTA-2162.jpg,,,,NISSAN,TSUBAME,L4 1.6L,1993 - 2004
HLTA-2162,Toma de agua,POLAR,TOMA DE AGUA,TOMA DE AGUA,HLTA-2162,Cotizar,/IMAGENES TOMAS DE AGUA HLTA/HLTA-2162.jpg,,,,NISSAN,TSURU,L4 1.6L,1990 - 1994
HLTA-2163,Toma de agua,POLAR,TOMA DE AGUA,TOMA DE AGUA,HLTA-2163,Cotizar,/IMAGENES TOMAS DE AGUA HLTA/HLTA-2163.jpg,,,,NISSAN,SENTRA,L4 1.6L,1991 - 1994
HLTA-2163,Toma de agua,POLAR,TOMA DE AGUA,TOMA DE AGUA,HLTA-2163,Cotizar,/IMAGENES TOMAS DE AGUA HLTA/HLTA-2163.jpg,,,,NISSAN,TSURU,L4 1.6L,1990 - 1994
HLTA-2164,Toma de agua,POLAR,TOMA DE AGUA,TOMA DE AGUA,HLTA-2164,Cotizar,/IMAGENES TOMAS DE AGUA HLTA/HLTA-2164.jpg,,,,VOLKSWAGEN,AMAROK,L4 2.0L,2013 - 2020
HLTA-2165,Toma de agua,POLAR,TOMA DE AGUA,TOMA DE AGUA,HLTA-2165,Cotizar,/IMAGENES TOMAS DE AGUA HLTA/HLTA-2165.jpg,,,,FORD,EXPLORER,V8 5.0L,1999 - 2001
HLTA-2165,Toma de agua,POLAR,TOMA DE AGUA,TOMA DE AGUA,HLTA-2165,Cotizar,/IMAGENES TOMAS DE AGUA HLTA/HLTA-2165.jpg,,,,FORD,MUSTANG,V8 5.0L,1990 - 1995
HLTA-2165,Toma de agua,POLAR,TOMA DE AGUA,TOMA DE AGUA,HLTA-2165,Cotizar,/IMAGENES TOMAS DE AGUA HLTA/HLTA-2165.jpg,,,,FORD,THUNDERBIRD,V8 5.0L,1991 - 1993
HLTA-2165,Toma de agua,POLAR,TOMA DE AGUA,TOMA DE AGUA,HLTA-2165,Cotizar,/IMAGENES TOMAS DE AGUA HLTA/HLTA-2165.jpg,,,,MERCURY,COUGAR,V8 5.0L,1991 - 1993
HLTA-2165,Toma de agua,POLAR,TOMA DE AGUA,TOMA DE AGUA,HLTA-2165,Cotizar,/IMAGENES TOMAS DE AGUA HLTA/HLTA-2165.jpg,,,,MERCURY,MOUNTAINEER,V8 5.0L,1999 - 2001
HLTA-2166,Toma de agua,POLAR,TOMA DE AGUA,TOMA DE AGUA,HLTA-2166,Cotizar,/IMAGENES TOMAS DE AGUA HLTA/HLTA-2166.jpg,,,,DODGE,ATTITUDE,L4 1.6L,2011 - 2014
HLTA-2166,Toma de agua,POLAR,TOMA DE AGUA,TOMA DE AGUA,HLTA-2166,Cotizar,/IMAGENES TOMAS DE AGUA HLTA/HLTA-2166.jpg,,,,HYUNDAI,ACCENT,L4 1.6L,2018 - 2021
HLTA-2166,Toma de agua,POLAR,TOMA DE AGUA,TOMA DE AGUA,HLTA-2166,Cotizar,/IMAGENES TOMAS DE AGUA HLTA/HLTA-2166.jpg,,,,KIA,RIO,L4 1.6L,2018 - 2021
HLTA-2167,Toma de agua,POLAR,TOMA DE AGUA,TOMA DE AGUA,HLTA-2167,Cotizar,/IMAGENES TOMAS DE AGUA HLTA/HLTA-2167.jpg,,,,DODGE,ATTITUDE,L4 1.6L,2011 - 2014
HLTA-2167,Toma de agua,POLAR,TOMA DE AGUA,TOMA DE AGUA,HLTA-2167,Cotizar,/IMAGENES TOMAS DE AGUA HLTA/HLTA-2167.jpg,,,,HYUNDAI,ACCENT,L4 1.6L,2018 - 2022
HLTA-2167,Toma de agua,POLAR,TOMA DE AGUA,TOMA DE AGUA,HLTA-2167,Cotizar,/IMAGENES TOMAS DE AGUA HLTA/HLTA-2167.jpg,,,,HYUNDAI,ELANTRA,L4 2.0L,2012 - 2020
HLTA-2167,Toma de agua,POLAR,TOMA DE AGUA,TOMA DE AGUA,HLTA-2167,Cotizar,/IMAGENES TOMAS DE AGUA HLTA/HLTA-2167.jpg,,,,HYUNDAI,GRAND i10,L4 1.2L,2015 - 2020
HLTA-2167,Toma de agua,POLAR,TOMA DE AGUA,TOMA DE AGUA,HLTA-2167,Cotizar,/IMAGENES TOMAS DE AGUA HLTA/HLTA-2167.jpg,,,,KIA,RIO,L4 1.6L,2018 - 2023
HLTA-2168,Toma de agua,POLAR,TOMA DE AGUA,TOMA DE AGUA,HLTA-2168,Cotizar,/IMAGENES TOMAS DE AGUA HLTA/HLTA-2168.jpg,,,,NISSAN,SENTRA,L4 1.6L,1995 - 1999
HLTA-2168,Toma de agua,POLAR,TOMA DE AGUA,TOMA DE AGUA,HLTA-2168,Cotizar,/IMAGENES TOMAS DE AGUA HLTA/HLTA-2168.jpg,,,,NISSAN,TSUBAME,L4 1.6L,1994 - 2000
HLTA-2168,Toma de agua,POLAR,TOMA DE AGUA,TOMA DE AGUA,HLTA-2168,Cotizar,/IMAGENES TOMAS DE AGUA HLTA/HLTA-2168.jpg,,,,NISSAN,TSURU,L4 1.6L,1995 - 2013
HLTA-2169,Toma de agua,POLAR,TOMA DE AGUA,TOMA DE AGUA,HLTA-2169,Cotizar,/IMAGENES TOMAS DE AGUA HLTA/HLTA-2169.jpg,,,,NISSAN,SENTRA,L4 1.6L,1995 - 1999
HLTA-2169,Toma de agua,POLAR,TOMA DE AGUA,TOMA DE AGUA,HLTA-2169,Cotizar,/IMAGENES TOMAS DE AGUA HLTA/HLTA-2169.jpg,,,,NISSAN,TSUBAME,L4 1.6L,1998 - 2004
HLTA-2169,Toma de agua,POLAR,TOMA DE AGUA,TOMA DE AGUA,HLTA-2169,Cotizar,/IMAGENES TOMAS DE AGUA HLTA/HLTA-2169.jpg,,,,NISSAN,TSURU,L4 1.6L,1995 - 2013
HLTA-2170,Toma de agua,POLAR,TOMA DE AGUA,TOMA DE AGUA,HLTA-2170,Cotizar,/IMAGENES TOMAS DE AGUA HLTA/HLTA-2170.jpg,,,,NISSAN,ALTIMA,V6 3.5L,2002 - 2006
HLTA-2170,Toma de agua,POLAR,TOMA DE AGUA,TOMA DE AGUA,HLTA-2170,Cotizar,/IMAGENES TOMAS DE AGUA HLTA/HLTA-2170.jpg,,,,NISSAN,MAXIMA,V6 3.5L,2002 - 2008
HLTA-2170,Toma de agua,POLAR,TOMA DE AGUA,TOMA DE AGUA,HLTA-2170,Cotizar,/IMAGENES TOMAS DE AGUA HLTA/HLTA-2170.jpg,,,,NISSAN,MURANO,V6 3.5L,2003 - 2008
HLTA-2170,Toma de agua,POLAR,TOMA DE AGUA,TOMA DE AGUA,HLTA-2170,Cotizar,/IMAGENES TOMAS DE AGUA HLTA/HLTA-2170.jpg,,,,NISSAN,QUEST,V6 3.5L,2004 - 2009
HLTA-2171,Toma de agua,POLAR,TOMA DE AGUA,TOMA DE AGUA,HLTA-2171,Cotizar,/IMAGENES TOMAS DE AGUA HLTA/HLTA-2171.jpg,,,,NISSAN,MURANO,V6 3.5L,2003 - 2007
HLTA-2171,Toma de agua,POLAR,TOMA DE AGUA,TOMA DE AGUA,HLTA-2171,Cotizar,/IMAGENES TOMAS DE AGUA HLTA/HLTA-2171.jpg,,,,NISSAN,QUEST,V6 3.5L,2004 - 2009
HLTA-2172,Toma de agua,POLAR,TOMA DE AGUA,TOMA DE AGUA,HLTA-2172,Cotizar,/IMAGENES TOMAS DE AGUA HLTA/HLTA-2172.jpg,,,,ACURA,CSX,L4 2.0L,2006 - 2006
HLTA-2172,Toma de agua,POLAR,TOMA DE AGUA,TOMA DE AGUA,HLTA-2172,Cotizar,/IMAGENES TOMAS DE AGUA HLTA/HLTA-2172.jpg,,,,ACURA,RSX,L4 2.0L,2002 - 2006
HLTA-2172,Toma de agua,POLAR,TOMA DE AGUA,TOMA DE AGUA,HLTA-2172,Cotizar,/IMAGENES TOMAS DE AGUA HLTA/HLTA-2172.jpg,,,,HONDA,CIVIC,L4 2.0L,2002 - 2005
HLTA-2172,Toma de agua,POLAR,TOMA DE AGUA,TOMA DE AGUA,HLTA-2172,Cotizar,/IMAGENES TOMAS DE AGUA HLTA/HLTA-2172.jpg,,,,HONDA,CR-V,L4 2.4L,2002 - 2006
HLTA-2173,Toma de agua,POLAR,TOMA DE AGUA,TOMA DE AGUA,HLTA-2173,Cotizar,/IMAGENES TOMAS DE AGUA HLTA/HLTA-2173.jpg,,,,CHRYSLER,SHADOW,L4 2.2L,1990 - 1990
HLTA-2173,Toma de agua,POLAR,TOMA DE AGUA,TOMA DE AGUA,HLTA-2173,Cotizar,/IMAGENES TOMAS DE AGUA HLTA/HLTA-2173.jpg,,,,CHRYSLER,SHADOW,L4 2.5L,1990 - 1990
HLTA-2173,Toma de agua,POLAR,TOMA DE AGUA,TOMA DE AGUA,HLTA-2173,Cotizar,/IMAGENES TOMAS DE AGUA HLTA/HLTA-2173.jpg,,,,CHRYSLER,SPIRIT,L4 2.5L,1990 - 1990
HLTA-2174,Toma de agua,POLAR,TOMA DE AGUA,TOMA DE AGUA,HLTA-2174,Cotizar,/IMAGENES TOMAS DE AGUA HLTA/HLTA-2174.jpg,,,,CADILLAC,ESCALADE,V8 6.2L,2014 - 2023
HLTA-2174,Toma de agua,POLAR,TOMA DE AGUA,TOMA DE AGUA,HLTA-2174,Cotizar,/IMAGENES TOMAS DE AGUA HLTA/HLTA-2174.jpg,,,,CADILLAC,ESCALADE ESV,V8 6.2L,2015 - 2023
HLTA-2174,Toma de agua,POLAR,TOMA DE AGUA,TOMA DE AGUA,HLTA-2174,Cotizar,/IMAGENES TOMAS DE AGUA HLTA/HLTA-2174.jpg,,,,CADILLAC,ESCALADE EXT,V8 6.2L,2010 - 2013
HLTA-2174,Toma de agua,POLAR,TOMA DE AGUA,TOMA DE AGUA,HLTA-2174,Cotizar,/IMAGENES TOMAS DE AGUA HLTA/HLTA-2174.jpg,,,,CHEVROLET,AVALANCHE,V8 5.3L,2007 - 2013
HLTA-2174,Toma de agua,POLAR,TOMA DE AGUA,TOMA DE AGUA,HLTA-2174,Cotizar,/IMAGENES TOMAS DE AGUA HLTA/HLTA-2174.jpg,,,,CHEVROLET,CHEYENNE,V8 5.3L,2007 - 2013
HLTA-2174,Toma de agua,POLAR,TOMA DE AGUA,TOMA DE AGUA,HLTA-2174,Cotizar,/IMAGENES TOMAS DE AGUA HLTA/HLTA-2174.jpg,,,,CHEVROLET,CORVETTE,V8 6.2L,2021 - 2023
HLTA-2174,Toma de agua,POLAR,TOMA DE AGUA,TOMA DE AGUA,HLTA-2174,Cotizar,/IMAGENES TOMAS DE AGUA HLTA/HLTA-2174.jpg,,,,CHEVROLET,EXPRESS,V8 6.0L,2007 - 2015
HLTA-2174,Toma de agua,POLAR,TOMA DE AGUA,TOMA DE AGUA,HLTA-2174,Cotizar,/IMAGENES TOMAS DE AGUA HLTA/HLTA-2174.jpg,,,,CHEVROLET,EXPRESS 2500,V8 4.8L,2011 - 2013
HLTA-2174,Toma de agua,POLAR,TOMA DE AGUA,TOMA DE AGUA,HLTA-2174,Cotizar,/IMAGENES TOMAS DE AGUA HLTA/HLTA-2174.jpg,,,,CHEVROLET,EXPRESS 2500,V8 5.3L,2005 - 2014
HLTA-2174,Toma de agua,POLAR,TOMA DE AGUA,TOMA DE AGUA,HLTA-2174,Cotizar,/IMAGENES TOMAS DE AGUA HLTA/HLTA-2174.jpg,,,,CHEVROLET,EXPRESS PASAJEROS,V8 6.0L,2009 - 2021
HLTA-2174,Toma de agua,POLAR,TOMA DE AGUA,TOMA DE AGUA,HLTA-2174,Cotizar,/IMAGENES TOMAS DE AGUA HLTA/HLTA-2174.jpg,,,,CHEVROLET,SILVERADO,V8 5.3L,2007 - 2023
HLTA-2174,Toma de agua,POLAR,TOMA DE AGUA,TOMA DE AGUA,HLTA-2174,Cotizar,/IMAGENES TOMAS DE AGUA HLTA/HLTA-2174.jpg,,,,CHEVROLET,SILVERADO,V8 6.2L,2008 - 2023
HLTA-2174,Toma de agua,POLAR,TOMA DE AGUA,TOMA DE AGUA,HLTA-2174,Cotizar,/IMAGENES TOMAS DE AGUA HLTA/HLTA-2174.jpg,,,,CHEVROLET,SILVERADO 1500,V6 4.3L,2019 - 2021
HLTA-2174,Toma de agua,POLAR,TOMA DE AGUA,TOMA DE AGUA,HLTA-2174,Cotizar,/IMAGENES TOMAS DE AGUA HLTA/HLTA-2174.jpg,,,,CHEVROLET,SILVERADO 3500,V8 6.0L,2014 - 2021
HLTA-2174,Toma de agua,POLAR,TOMA DE AGUA,TOMA DE AGUA,HLTA-2174,Cotizar,/IMAGENES TOMAS DE AGUA HLTA/HLTA-2174.jpg,,,,CHEVROLET,SUBURBAN,V8 5.3L,2014 - 2021
HLTA-2174,Toma de agua,POLAR,TOMA DE AGUA,TOMA DE AGUA,HLTA-2174,Cotizar,/IMAGENES TOMAS DE AGUA HLTA/HLTA-2174.jpg,,,,CHEVROLET,SUBURBAN,V8 6.0L,2016 - 2022
HLTA-2174,Toma de agua,POLAR,TOMA DE AGUA,TOMA DE AGUA,HLTA-2174,Cotizar,/IMAGENES TOMAS DE AGUA HLTA/HLTA-2174.jpg,,,,CHEVROLET,SUBURBAN 1500,V8 5.3L,2007 - 2014
HLTA-2174,Toma de agua,POLAR,TOMA DE AGUA,TOMA DE AGUA,HLTA-2174,Cotizar,/IMAGENES TOMAS DE AGUA HLTA/HLTA-2174.jpg,,,,CHEVROLET,SUBURBAN 2500,V8 6.0L,2007 - 2013
HLTA-2174,Toma de agua,POLAR,TOMA DE AGUA,TOMA DE AGUA,HLTA-2174,Cotizar,/IMAGENES TOMAS DE AGUA HLTA/HLTA-2174.jpg,,,,CHEVROLET,TAHOE,V8 5.3L,2007 - 2023
HLTA-2174,Toma de agua,POLAR,TOMA DE AGUA,TOMA DE AGUA,HLTA-2174,Cotizar,/IMAGENES TOMAS DE AGUA HLTA/HLTA-2174.jpg,,,,GMC,YUKON,V8 5.3L,2007 - 2023
HLTA-2174,Toma de agua,POLAR,TOMA DE AGUA,TOMA DE AGUA,HLTA-2174,Cotizar,/IMAGENES TOMAS DE AGUA HLTA/HLTA-2174.jpg,,,,GMC,YUKON,V8 6.2L,2009 - 2023
HLTA-2174,Toma de agua,POLAR,TOMA DE AGUA,TOMA DE AGUA,HLTA-2174,Cotizar,/IMAGENES TOMAS DE AGUA HLTA/HLTA-2174.jpg,,,,GMC,YUKON XL,V8 6.2L,2021 - 2023
HLTA-2174,Toma de agua,POLAR,TOMA DE AGUA,TOMA DE AGUA,HLTA-2174,Cotizar,/IMAGENES TOMAS DE AGUA HLTA/HLTA-2174.jpg,,,,HUMMER,H2,V8 6.0L,2004 - 2009
HLTA-2174,Toma de agua,POLAR,TOMA DE AGUA,TOMA DE AGUA,HLTA-2174,Cotizar,/IMAGENES TOMAS DE AGUA HLTA/HLTA-2174.jpg,,,,HUMMER,H2,V8 6.2L,2007 - 2009
HLTA-2174,Toma de agua,POLAR,TOMA DE AGUA,TOMA DE AGUA,HLTA-2174,Cotizar,/IMAGENES TOMAS DE AGUA HLTA/HLTA-2174.jpg,,,,HUMMER,H3,V8 5.3L,2008 - 2010
HLTA-2174,Toma de agua,POLAR,TOMA DE AGUA,TOMA DE AGUA,HLTA-2174,Cotizar,/IMAGENES TOMAS DE AGUA HLTA/HLTA-2174.jpg,,,,HUMMER,H3T,V8 5.3L,2008 - 2010
HLTA-2175,Toma de agua,POLAR,TOMA DE AGUA,TOMA DE AGUA,HLTA-2175,Cotizar,/IMAGENES TOMAS DE AGUA HLTA/HLTA-2175.jpg,,,,DODGE,DAKOTA,V6 3.9L,1999 - 2003
HLTA-2175,Toma de agua,POLAR,TOMA DE AGUA,TOMA DE AGUA,HLTA-2175,Cotizar,/IMAGENES TOMAS DE AGUA HLTA/HLTA-2175.jpg,,,,DODGE,DAKOTA,V8 5.2L,1995 - 1996
HLTA-2175,Toma de agua,POLAR,TOMA DE AGUA,TOMA DE AGUA,HLTA-2175,Cotizar,/IMAGENES TOMAS DE AGUA HLTA/HLTA-2175.jpg,,,,DODGE,DAKOTA,V8 5.2L,1998 - 1999
HLTA-2175,Toma de agua,POLAR,TOMA DE AGUA,TOMA DE AGUA,HLTA-2175,Cotizar,/IMAGENES TOMAS DE AGUA HLTA/HLTA-2175.jpg,,,,DODGE,DAKOTA,V8 5.9L,1998 - 2003
HLTA-2175,Toma de agua,POLAR,TOMA DE AGUA,TOMA DE AGUA,HLTA-2175,Cotizar,/IMAGENES TOMAS DE AGUA HLTA/HLTA-2175.jpg,,,,DODGE,DURANGO,V6 3.9L,1998 - 1999
HLTA-2175,Toma de agua,POLAR,TOMA DE AGUA,TOMA DE AGUA,HLTA-2175,Cotizar,/IMAGENES TOMAS DE AGUA HLTA/HLTA-2175.jpg,,,,DODGE,DURANGO,V8 5.2L,1998 - 2000
HLTA-2175,Toma de agua,POLAR,TOMA DE AGUA,TOMA DE AGUA,HLTA-2175,Cotizar,/IMAGENES TOMAS DE AGUA HLTA/HLTA-2175.jpg,,,,DODGE,DURANGO,V8 5.9L,1998 - 2003
HLTA-2175,Toma de agua,POLAR,TOMA DE AGUA,TOMA DE AGUA,HLTA-2175,Cotizar,/IMAGENES TOMAS DE AGUA HLTA/HLTA-2175.jpg,,,,DODGE,RAM 1500,V6 3.9L,1994 - 2001
HLTA-2175,Toma de agua,POLAR,TOMA DE AGUA,TOMA DE AGUA,HLTA-2175,Cotizar,/IMAGENES TOMAS DE AGUA HLTA/HLTA-2175.jpg,,,,DODGE,RAM 1500,V8 5.2L,1994 - 2001
HLTA-2175,Toma de agua,POLAR,TOMA DE AGUA,TOMA DE AGUA,HLTA-2175,Cotizar,/IMAGENES TOMAS DE AGUA HLTA/HLTA-2175.jpg,,,,DODGE,RAM 2500,V8 5.2L,1994 - 1996
HLTA-2175,Toma de agua,POLAR,TOMA DE AGUA,TOMA DE AGUA,HLTA-2175,Cotizar,/IMAGENES TOMAS DE AGUA HLTA/HLTA-2175.jpg,,,,DODGE,RAM 2500,V8 5.9L,1994 - 2002
HLTA-2175,Toma de agua,POLAR,TOMA DE AGUA,TOMA DE AGUA,HLTA-2175,Cotizar,/IMAGENES TOMAS DE AGUA HLTA/HLTA-2175.jpg,,,,DODGE,RAM 3500,V8 5.9L,1994 - 2002
HLTA-2175,Toma de agua,POLAR,TOMA DE AGUA,TOMA DE AGUA,HLTA-2175,Cotizar,/IMAGENES TOMAS DE AGUA HLTA/HLTA-2175.jpg,,,,DODGE,RAM CHARGER,V8 5.9L,1992 - 1993
HLTA-2175,Toma de agua,POLAR,TOMA DE AGUA,TOMA DE AGUA,HLTA-2175,Cotizar,/IMAGENES TOMAS DE AGUA HLTA/HLTA-2175.jpg,,,,GMC,SAVANA 3500,V8 8.1L,2001 - 2002
HLTA-2175,Toma de agua,POLAR,TOMA DE AGUA,TOMA DE AGUA,HLTA-2175,Cotizar,/IMAGENES TOMAS DE AGUA HLTA/HLTA-2175.jpg,,,,JEEP,GRAND CHEROKEE,V8 5.2L,1993 - 1998
HLTA-2175,Toma de agua,POLAR,TOMA DE AGUA,TOMA DE AGUA,HLTA-2175,Cotizar,/IMAGENES TOMAS DE AGUA HLTA/HLTA-2175.jpg,,,,JEEP,GRAND CHEROKEE,V8 5.9L,1998 - 1998
HLTA-2176,Toma de agua,POLAR,TOMA DE AGUA,TOMA DE AGUA,HLTA-2176,Cotizar,/Images/logop.png,,,,DODGE,DAKOTA,V6 3.9L,1999 - 2003
HLTA-2176,Toma de agua,POLAR,TOMA DE AGUA,TOMA DE AGUA,HLTA-2176,Cotizar,/Images/logop.png,,,,DODGE,DAKOTA,V8 5.2L,1995 - 1996
HLTA-2176,Toma de agua,POLAR,TOMA DE AGUA,TOMA DE AGUA,HLTA-2176,Cotizar,/Images/logop.png,,,,DODGE,DAKOTA,V8 5.2L,1998 - 1999
HLTA-2176,Toma de agua,POLAR,TOMA DE AGUA,TOMA DE AGUA,HLTA-2176,Cotizar,/Images/logop.png,,,,DODGE,DAKOTA,V8 5.9L,1998 - 2003
HLTA-2176,Toma de agua,POLAR,TOMA DE AGUA,TOMA DE AGUA,HLTA-2176,Cotizar,/Images/logop.png,,,,DODGE,DURANGO,V6 3.9L,1998 - 1999
HLTA-2176,Toma de agua,POLAR,TOMA DE AGUA,TOMA DE AGUA,HLTA-2176,Cotizar,/Images/logop.png,,,,DODGE,DURANGO,V8 5.2L,1998 - 2000
HLTA-2176,Toma de agua,POLAR,TOMA DE AGUA,TOMA DE AGUA,HLTA-2176,Cotizar,/Images/logop.png,,,,DODGE,DURANGO,V8 5.9L,1998 - 2003
HLTA-2176,Toma de agua,POLAR,TOMA DE AGUA,TOMA DE AGUA,HLTA-2176,Cotizar,/Images/logop.png,,,,DODGE,RAM 1500,V6 3.9L,1994 - 2001
HLTA-2176,Toma de agua,POLAR,TOMA DE AGUA,TOMA DE AGUA,HLTA-2176,Cotizar,/Images/logop.png,,,,DODGE,RAM 1500,V8 5.2L,1994 - 2001
HLTA-2176,Toma de agua,POLAR,TOMA DE AGUA,TOMA DE AGUA,HLTA-2176,Cotizar,/Images/logop.png,,,,DODGE,RAM 2500,V8 5.2L,1994 - 1996
HLTA-2176,Toma de agua,POLAR,TOMA DE AGUA,TOMA DE AGUA,HLTA-2176,Cotizar,/Images/logop.png,,,,DODGE,RAM 2500,V8 5.9L,1994 - 2002
HLTA-2176,Toma de agua,POLAR,TOMA DE AGUA,TOMA DE AGUA,HLTA-2176,Cotizar,/Images/logop.png,,,,DODGE,RAM 3500,V8 5.9L,1994 - 2002
HLTA-2176,Toma de agua,POLAR,TOMA DE AGUA,TOMA DE AGUA,HLTA-2176,Cotizar,/Images/logop.png,,,,DODGE,RAM CHARGER,V8 5.9L,1992 - 1993
HLTA-2176,Toma de agua,POLAR,TOMA DE AGUA,TOMA DE AGUA,HLTA-2176,Cotizar,/Images/logop.png,,,,GMC,SAVANA 3500,V8 8.1L,2001 - 2002
HLTA-2176,Toma de agua,POLAR,TOMA DE AGUA,TOMA DE AGUA,HLTA-2176,Cotizar,/Images/logop.png,,,,JEEP,GRAND CHEROKEE,V8 5.2L,1993 - 1998
HLTA-2176,Toma de agua,POLAR,TOMA DE AGUA,TOMA DE AGUA,HLTA-2176,Cotizar,/Images/logop.png,,,,JEEP,GRAND CHEROKEE,V8 5.9L,1998 - 1998
HLTA-2177,Toma de agua,POLAR,TOMA DE AGUA,TOMA DE AGUA,HLTA-2177,Cotizar,/IMAGENES TOMAS DE AGUA HLTA/HLTA-2177.jpg,,,,DODGE,DAKOTA,V6 3.9L,1999 - 2003
HLTA-2177,Toma de agua,POLAR,TOMA DE AGUA,TOMA DE AGUA,HLTA-2177,Cotizar,/IMAGENES TOMAS DE AGUA HLTA/HLTA-2177.jpg,,,,DODGE,DAKOTA,V8 5.2L,1995 - 1996
HLTA-2177,Toma de agua,POLAR,TOMA DE AGUA,TOMA DE AGUA,HLTA-2177,Cotizar,/IMAGENES TOMAS DE AGUA HLTA/HLTA-2177.jpg,,,,DODGE,DAKOTA,V8 5.2L,1998 - 1999
HLTA-2177,Toma de agua,POLAR,TOMA DE AGUA,TOMA DE AGUA,HLTA-2177,Cotizar,/IMAGENES TOMAS DE AGUA HLTA/HLTA-2177.jpg,,,,DODGE,DAKOTA,V8 5.9L,1998 - 2003
HLTA-2177,Toma de agua,POLAR,TOMA DE AGUA,TOMA DE AGUA,HLTA-2177,Cotizar,/IMAGENES TOMAS DE AGUA HLTA/HLTA-2177.jpg,,,,DODGE,DURANGO,V6 3.9L,1998 - 1999
HLTA-2177,Toma de agua,POLAR,TOMA DE AGUA,TOMA DE AGUA,HLTA-2177,Cotizar,/IMAGENES TOMAS DE AGUA HLTA/HLTA-2177.jpg,,,,DODGE,DURANGO,V8 5.2L,1998 - 2000
HLTA-2177,Toma de agua,POLAR,TOMA DE AGUA,TOMA DE AGUA,HLTA-2177,Cotizar,/IMAGENES TOMAS DE AGUA HLTA/HLTA-2177.jpg,,,,DODGE,DURANGO,V8 5.9L,1998 - 2003
HLTA-2177,Toma de agua,POLAR,TOMA DE AGUA,TOMA DE AGUA,HLTA-2177,Cotizar,/IMAGENES TOMAS DE AGUA HLTA/HLTA-2177.jpg,,,,DODGE,RAM 1500,V6 3.9L,1994 - 2001
HLTA-2177,Toma de agua,POLAR,TOMA DE AGUA,TOMA DE AGUA,HLTA-2177,Cotizar,/IMAGENES TOMAS DE AGUA HLTA/HLTA-2177.jpg,,,,DODGE,RAM 1500,V8 5.2L,1994 - 2001
HLTA-2177,Toma de agua,POLAR,TOMA DE AGUA,TOMA DE AGUA,HLTA-2177,Cotizar,/IMAGENES TOMAS DE AGUA HLTA/HLTA-2177.jpg,,,,DODGE,RAM 2500,V8 5.2L,1994 - 1996
HLTA-2177,Toma de agua,POLAR,TOMA DE AGUA,TOMA DE AGUA,HLTA-2177,Cotizar,/IMAGENES TOMAS DE AGUA HLTA/HLTA-2177.jpg,,,,DODGE,RAM 2500,V8 5.9L,1994 - 2002
HLTA-2177,Toma de agua,POLAR,TOMA DE AGUA,TOMA DE AGUA,HLTA-2177,Cotizar,/IMAGENES TOMAS DE AGUA HLTA/HLTA-2177.jpg,,,,DODGE,RAM 3500,V8 5.9L,1994 - 2002
HLTA-2177,Toma de agua,POLAR,TOMA DE AGUA,TOMA DE AGUA,HLTA-2177,Cotizar,/IMAGENES TOMAS DE AGUA HLTA/HLTA-2177.jpg,,,,DODGE,RAM CHARGER,V8 5.9L,1992 - 1993
HLTA-2177,Toma de agua,POLAR,TOMA DE AGUA,TOMA DE AGUA,HLTA-2177,Cotizar,/IMAGENES TOMAS DE AGUA HLTA/HLTA-2177.jpg,,,,GMC,SAVANA 3500,V8 8.1L,2001 - 2002
HLTA-2177,Toma de agua,POLAR,TOMA DE AGUA,TOMA DE AGUA,HLTA-2177,Cotizar,/IMAGENES TOMAS DE AGUA HLTA/HLTA-2177.jpg,,,,JEEP,GRAND CHEROKEE,V8 5.2L,1993 - 1998
HLTA-2177,Toma de agua,POLAR,TOMA DE AGUA,TOMA DE AGUA,HLTA-2177,Cotizar,/IMAGENES TOMAS DE AGUA HLTA/HLTA-2177.jpg,,,,JEEP,GRAND CHEROKEE,V8 5.9L,1998 - 1998
HLTA-2178,Toma de agua,POLAR,TOMA DE AGUA,TOMA DE AGUA,HLTA-2178,Cotizar,/IMAGENES TOMAS DE AGUA HLTA/HLTA-2178.jpg,,,,CHEVROLET,CHEVY,L4 1.4L,1994 - 1996
HLTA-2178,Toma de agua,POLAR,TOMA DE AGUA,TOMA DE AGUA,HLTA-2178,Cotizar,/IMAGENES TOMAS DE AGUA HLTA/HLTA-2178.jpg,,,,CHEVROLET,CHEVY,L4 1.6L,1997 - 2013
HLTA-2179,Toma de agua,POLAR,TOMA DE AGUA,TOMA DE AGUA,HLTA-2179,Cotizar,/IMAGENES TOMAS DE AGUA HLTA/HLTA-2179.jpg,,,,CHEVROLET,CHEVY,L4 1.4L,1994 - 1996
HLTA-2179,Toma de agua,POLAR,TOMA DE AGUA,TOMA DE AGUA,HLTA-2179,Cotizar,/IMAGENES TOMAS DE AGUA HLTA/HLTA-2179.jpg,,,,CHEVROLET,CHEVY,L4 1.6L,1997 - 2013
HLTA-2180,Toma de agua,POLAR,TOMA DE AGUA,TOMA DE AGUA,HLTA-2180,Cotizar,/IMAGENES TOMAS DE AGUA HLTA/HLTA-2180.jpg,,,,CHRYSLER,SEBRING,V6 2.5L,1995 - 2000
HLTA-2180,Toma de agua,POLAR,TOMA DE AGUA,TOMA DE AGUA,HLTA-2180,Cotizar,/IMAGENES TOMAS DE AGUA HLTA/HLTA-2180.jpg,,,,DODGE,AVENGER,V6 2.5L,1995 - 2000
HLTA-2181,Toma de agua,POLAR,TOMA DE AGUA,TOMA DE AGUA,HLTA-2181,Cotizar,/IMAGENES TOMAS DE AGUA HLTA/HLTA-2181.jpg,,,,DODGE,D150,V6 3.9L,1990 - 1991
HLTA-2182,Toma de agua,POLAR,TOMA DE AGUA,TOMA DE AGUA,HLTA-2182,Cotizar,/IMAGENES TOMAS DE AGUA HLTA/HLTA-2182.jpg,,,,HONDA,CR-Z,L4 1.5L,2013 - 2014
HLTA-2182,Toma de agua,POLAR,TOMA DE AGUA,TOMA DE AGUA,HLTA-2182,Cotizar,/IMAGENES TOMAS DE AGUA HLTA/HLTA-2182.jpg,,,,HONDA,FIT,L4 1.5L,2012 - 2014
HLTA-2183,Toma de agua,POLAR,TOMA DE AGUA,TOMA DE AGUA,HLTA-2183,Cotizar,/IMAGENES TOMAS DE AGUA HLTA/HLTA-2183.jpg,,,,FORD,E-350 Super Duty,V8 6.0L,2004 - 2010
HLTA-2183,Toma de agua,POLAR,TOMA DE AGUA,TOMA DE AGUA,HLTA-2183,Cotizar,/IMAGENES TOMAS DE AGUA HLTA/HLTA-2183.jpg,,,,FORD,E-450 Super Duty,V8 6.0L,2006 - 2008
HLTA-2183,Toma de agua,POLAR,TOMA DE AGUA,TOMA DE AGUA,HLTA-2183,Cotizar,/IMAGENES TOMAS DE AGUA HLTA/HLTA-2183.jpg,,,,FORD,EXCURSION,V8 6.0L,2003 - 2005
HLTA-2183,Toma de agua,POLAR,TOMA DE AGUA,TOMA DE AGUA,HLTA-2183,Cotizar,/IMAGENES TOMAS DE AGUA HLTA/HLTA-2183.jpg,,,,FORD,F-250 Super Duty,V8 6.0L,2003 - 2007
HLTA-2183,Toma de agua,POLAR,TOMA DE AGUA,TOMA DE AGUA,HLTA-2183,Cotizar,/IMAGENES TOMAS DE AGUA HLTA/HLTA-2183.jpg,,,,FORD,F-350 Super Duty,V8 6.0L,2003 - 2007
HLTA-2183,Toma de agua,POLAR,TOMA DE AGUA,TOMA DE AGUA,HLTA-2183,Cotizar,/IMAGENES TOMAS DE AGUA HLTA/HLTA-2183.jpg,,,,FORD,F-450 Super Duty,V8 6.0L,2003 - 2007
HLTA-2183,Toma de agua,POLAR,TOMA DE AGUA,TOMA DE AGUA,HLTA-2183,Cotizar,/IMAGENES TOMAS DE AGUA HLTA/HLTA-2183.jpg,,,,FORD,F-550 Super Duty,V8 6.0L,2003 - 2007
HLTA-2184,Toma de agua,POLAR,TOMA DE AGUA,TOMA DE AGUA,HLTA-2184,Cotizar,/IMAGENES TOMAS DE AGUA HLTA/HLTA-2184.jpg,,,,FORD,ECOSPORT,L4 2.0L,2004 - 2012
HLTA-2184,Toma de agua,POLAR,TOMA DE AGUA,TOMA DE AGUA,HLTA-2184,Cotizar,/IMAGENES TOMAS DE AGUA HLTA/HLTA-2184.jpg,,,,FORD,ESCAPE,L4 2.3L,2005 - 2008
HLTA-2184,Toma de agua,POLAR,TOMA DE AGUA,TOMA DE AGUA,HLTA-2184,Cotizar,/IMAGENES TOMAS DE AGUA HLTA/HLTA-2184.jpg,,,,FORD,FOCUS,L4 2.0L,2005 - 2011
HLTA-2184,Toma de agua,POLAR,TOMA DE AGUA,TOMA DE AGUA,HLTA-2184,Cotizar,/IMAGENES TOMAS DE AGUA HLTA/HLTA-2184.jpg,,,,FORD,FOCUS,L4 2.3L,2003 - 2007
HLTA-2184,Toma de agua,POLAR,TOMA DE AGUA,TOMA DE AGUA,HLTA-2184,Cotizar,/IMAGENES TOMAS DE AGUA HLTA/HLTA-2184.jpg,,,,FORD,FUSION,L4 2.3L,2006 - 2009
HLTA-2184,Toma de agua,POLAR,TOMA DE AGUA,TOMA DE AGUA,HLTA-2184,Cotizar,/IMAGENES TOMAS DE AGUA HLTA/HLTA-2184.jpg,,,,FORD,FUSION,L4 2.5L,2010 - 2013
HLTA-2184,Toma de agua,POLAR,TOMA DE AGUA,TOMA DE AGUA,HLTA-2184,Cotizar,/IMAGENES TOMAS DE AGUA HLTA/HLTA-2184.jpg,,,,FORD,RANGER,L4 2.3L,2004 - 2008
HLTA-2184,Toma de agua,POLAR,TOMA DE AGUA,TOMA DE AGUA,HLTA-2184,Cotizar,/IMAGENES TOMAS DE AGUA HLTA/HLTA-2184.jpg,,,,MAZDA,5,L4 2.5L,2014 - 2014
HLTA-2184,Toma de agua,POLAR,TOMA DE AGUA,TOMA DE AGUA,HLTA-2184,Cotizar,/IMAGENES TOMAS DE AGUA HLTA/HLTA-2184.jpg,,,,MAZDA,B2300 PICKUP,L4 2.3L,2004 - 2009
HLTA-2184,Toma de agua,POLAR,TOMA DE AGUA,TOMA DE AGUA,HLTA-2184,Cotizar,/IMAGENES TOMAS DE AGUA HLTA/HLTA-2184.jpg,,,,MAZDA,CX-7,L4 2.3L,2007 - 2012
HLTA-2184,Toma de agua,POLAR,TOMA DE AGUA,TOMA DE AGUA,HLTA-2184,Cotizar,/IMAGENES TOMAS DE AGUA HLTA/HLTA-2184.jpg,,,,MAZDA,CX-7,L4 2.5L,2010 - 2012
HLTA-2184,Toma de agua,POLAR,TOMA DE AGUA,TOMA DE AGUA,HLTA-2184,Cotizar,/IMAGENES TOMAS DE AGUA HLTA/HLTA-2184.jpg,,,,MAZDA,TRIBUTE,L4 2.5L,2009 - 2010
HLTA-2184,Toma de agua,POLAR,TOMA DE AGUA,TOMA DE AGUA,HLTA-2184,Cotizar,/IMAGENES TOMAS DE AGUA HLTA/HLTA-2184.jpg,,,,MERCURY,MARINER,L4 2.3L,2005 - 2008
HLTA-2184,Toma de agua,POLAR,TOMA DE AGUA,TOMA DE AGUA,HLTA-2184,Cotizar,/IMAGENES TOMAS DE AGUA HLTA/HLTA-2184.jpg,,,,MERCURY,MARINER,L4 2.5L,2009 - 2011
HLTA-2184,Toma de agua,POLAR,TOMA DE AGUA,TOMA DE AGUA,HLTA-2184,Cotizar,/IMAGENES TOMAS DE AGUA HLTA/HLTA-2184.jpg,,,,MERCURY,MILAN,L4 2.3L,2006 - 2009
HLTA-2184,Toma de agua,POLAR,TOMA DE AGUA,TOMA DE AGUA,HLTA-2184,Cotizar,/IMAGENES TOMAS DE AGUA HLTA/HLTA-2184.jpg,,,,MERCURY,MILAN,L4 2.5L,2010 - 2011
HLTA-2185,Toma de agua,POLAR,TOMA DE AGUA,TOMA DE AGUA,HLTA-2185,Cotizar,/IMAGENES TOMAS DE AGUA HLTA/HLTA-2185.jpg,,,,MAZDA,3,L4 2.0L,2004 - 2013
HLTA-2185,Toma de agua,POLAR,TOMA DE AGUA,TOMA DE AGUA,HLTA-2185,Cotizar,/IMAGENES TOMAS DE AGUA HLTA/HLTA-2185.jpg,,,,MAZDA,3,L4 2.3L,2004 - 2013
HLTA-2185,Toma de agua,POLAR,TOMA DE AGUA,TOMA DE AGUA,HLTA-2185,Cotizar,/IMAGENES TOMAS DE AGUA HLTA/HLTA-2185.jpg,,,,MAZDA,5,L4 2.3L,2006 - 2010
HLTA-2185,Toma de agua,POLAR,TOMA DE AGUA,TOMA DE AGUA,HLTA-2185,Cotizar,/IMAGENES TOMAS DE AGUA HLTA/HLTA-2185.jpg,,,,MAZDA,5,L4 2.5L,2012 - 2013
HLTA-2185,Toma de agua,POLAR,TOMA DE AGUA,TOMA DE AGUA,HLTA-2185,Cotizar,/IMAGENES TOMAS DE AGUA HLTA/HLTA-2185.jpg,,,,MAZDA,6,L4 2.5L,2003 - 2013
HLTA-2186,Toma de agua,POLAR,TOMA DE AGUA,TOMA DE AGUA,HLTA-2186,Cotizar,/IMAGENES TOMAS DE AGUA HLTA/HLTA-2186.jpg,,,,CHRYSLER,NEW YORK,V6 3.3 L,1990 - 1992
HLTA-2186,Toma de agua,POLAR,TOMA DE AGUA,TOMA DE AGUA,HLTA-2186,Cotizar,/IMAGENES TOMAS DE AGUA HLTA/HLTA-2186.jpg,,,,CHRYSLER,NEW YORK,V6 3.8 L,1990 - 1992
HLTA-2186,Toma de agua,POLAR,TOMA DE AGUA,TOMA DE AGUA,HLTA-2186,Cotizar,/IMAGENES TOMAS DE AGUA HLTA/HLTA-2186.jpg,,,,CHRYSLER,TOWN & COUNTRY,V6 3.3 L,1990 - 1992
HLTA-2186,Toma de agua,POLAR,TOMA DE AGUA,TOMA DE AGUA,HLTA-2186,Cotizar,/IMAGENES TOMAS DE AGUA HLTA/HLTA-2186.jpg,,,,DODGE,CARAVAN,V6 3.3 L,1990 - 1990
HLTA-2186,Toma de agua,POLAR,TOMA DE AGUA,TOMA DE AGUA,HLTA-2186,Cotizar,/IMAGENES TOMAS DE AGUA HLTA/HLTA-2186.jpg,,,,DODGE,GRAN CARAVANA,V6 3.3 L,1990 - 1990
HLTA-2186,Toma de agua,POLAR,TOMA DE AGUA,TOMA DE AGUA,HLTA-2186,Cotizar,/IMAGENES TOMAS DE AGUA HLTA/HLTA-2186.jpg,,,,PLYMOUTH,GRAND VOYAGER,V6 3.3 L,1990 - 1990
HLTA-2187,Toma de agua,POLAR,TOMA DE AGUA,TOMA DE AGUA,HLTA-2187,Cotizar,/IMAGENES TOMAS DE AGUA HLTA/HLTA-2187.jpg,,,,CHRYSLER,NEW YORK,V6 3.3 L,1990 - 1992
HLTA-2187,Toma de agua,POLAR,TOMA DE AGUA,TOMA DE AGUA,HLTA-2187,Cotizar,/IMAGENES TOMAS DE AGUA HLTA/HLTA-2187.jpg,,,,CHRYSLER,NEW YORK,V6 3.8 L,1990 - 1992
HLTA-2187,Toma de agua,POLAR,TOMA DE AGUA,TOMA DE AGUA,HLTA-2187,Cotizar,/IMAGENES TOMAS DE AGUA HLTA/HLTA-2187.jpg,,,,CHRYSLER,TOWN & COUNTRY,V6 3.3 L,1990 - 1992
HLTA-2187,Toma de agua,POLAR,TOMA DE AGUA,TOMA DE AGUA,HLTA-2187,Cotizar,/IMAGENES TOMAS DE AGUA HLTA/HLTA-2187.jpg,,,,DODGE,CARAVAN,V6 3.3 L,1990 - 1990
HLTA-2187,Toma de agua,POLAR,TOMA DE AGUA,TOMA DE AGUA,HLTA-2187,Cotizar,/IMAGENES TOMAS DE AGUA HLTA/HLTA-2187.jpg,,,,DODGE,GRAN CARAVANA,V6 3.3 L,1990 - 1990
HLTA-2187,Toma de agua,POLAR,TOMA DE AGUA,TOMA DE AGUA,HLTA-2187,Cotizar,/IMAGENES TOMAS DE AGUA HLTA/HLTA-2187.jpg,,,,PLYMOUTH,GRAND VOYAGER,V6 3.3 L,1990 - 1990
HLTA-2188,Toma de agua,POLAR,TOMA DE AGUA,TOMA DE AGUA,HLTA-2188,Cotizar,/IMAGENES TOMAS DE AGUA HLTA/HLTA-2188.jpg,,,,CHRYSLER,LE BARON,L4 2.2L,1990 - 1990
HLTA-2188,Toma de agua,POLAR,TOMA DE AGUA,TOMA DE AGUA,HLTA-2188,Cotizar,/IMAGENES TOMAS DE AGUA HLTA/HLTA-2188.jpg,,,,CHRYSLER,LE BARON,L4 2.5L,1990 - 1992
HLTA-2188,Toma de agua,POLAR,TOMA DE AGUA,TOMA DE AGUA,HLTA-2188,Cotizar,/IMAGENES TOMAS DE AGUA HLTA/HLTA-2188.jpg,,,,CHRYSLER,TOWN & COUNTRY,V6 3.3 L,1991 - 1993
HLTA-2188,Toma de agua,POLAR,TOMA DE AGUA,TOMA DE AGUA,HLTA-2188,Cotizar,/IMAGENES TOMAS DE AGUA HLTA/HLTA-2188.jpg,,,,DODGE,CARAVAN,L4 2.5L,1992 - 1995
HLTA-2188,Toma de agua,POLAR,TOMA DE AGUA,TOMA DE AGUA,HLTA-2188,Cotizar,/IMAGENES TOMAS DE AGUA HLTA/HLTA-2188.jpg,,,,DODGE,CARAVAN,V6 3.3 L,1991 - 1995
HLTA-2188,Toma de agua,POLAR,TOMA DE AGUA,TOMA DE AGUA,HLTA-2188,Cotizar,/IMAGENES TOMAS DE AGUA HLTA/HLTA-2188.jpg,,,,DODGE,DAKOTA,L4 2.5L,1990 - 1996
HLTA-2188,Toma de agua,POLAR,TOMA DE AGUA,TOMA DE AGUA,HLTA-2188,Cotizar,/IMAGENES TOMAS DE AGUA HLTA/HLTA-2188.jpg,,,,DODGE,GRAN CARAVANA,V6 3.3 L,1991 - 1995
HLTA-2188,Toma de agua,POLAR,TOMA DE AGUA,TOMA DE AGUA,HLTA-2188,Cotizar,/IMAGENES TOMAS DE AGUA HLTA/HLTA-2188.jpg,,,,DODGE,GRAN CARAVANA,V6 3.8 L,1994 - 1995
HLTA-2188,Toma de agua,POLAR,TOMA DE AGUA,TOMA DE AGUA,HLTA-2188,Cotizar,/IMAGENES TOMAS DE AGUA HLTA/HLTA-2188.jpg,,,,PLYMOUTH,GRAND VOYAGER,V6 3.3 L,1992 - 1995
HLTA-2188,Toma de agua,POLAR,TOMA DE AGUA,TOMA DE AGUA,HLTA-2188,Cotizar,/IMAGENES TOMAS DE AGUA HLTA/HLTA-2188.jpg,,,,PLYMOUTH,GRAND VOYAGER,V6 3.8 L,1994 - 1995
HLTA-2188,Toma de agua,POLAR,TOMA DE AGUA,TOMA DE AGUA,HLTA-2188,Cotizar,/IMAGENES TOMAS DE AGUA HLTA/HLTA-2188.jpg,,,,PLYMOUTH,VOYAGER,L4 2.5L,1990 - 1995
HLTA-2188,Toma de agua,POLAR,TOMA DE AGUA,TOMA DE AGUA,HLTA-2188,Cotizar,/IMAGENES TOMAS DE AGUA HLTA/HLTA-2188.jpg,,,,PLYMOUTH,VOYAGER,V6 3.3 L,1991 - 1995
HLTA-2189,Toma de agua,POLAR,TOMA DE AGUA,TOMA DE AGUA,HLTA-2189,Cotizar,/IMAGENES TOMAS DE AGUA HLTA/HLTA-2189.jpg,,,,CHRYSLER,LE BARON,L4 2.2L,1990 - 1990
HLTA-2189,Toma de agua,POLAR,TOMA DE AGUA,TOMA DE AGUA,HLTA-2189,Cotizar,/IMAGENES TOMAS DE AGUA HLTA/HLTA-2189.jpg,,,,CHRYSLER,LE BARON,L4 2.5L,1990 - 1992
HLTA-2189,Toma de agua,POLAR,TOMA DE AGUA,TOMA DE AGUA,HLTA-2189,Cotizar,/IMAGENES TOMAS DE AGUA HLTA/HLTA-2189.jpg,,,,CHRYSLER,TOWN & COUNTRY,V6 3.3 L,1991 - 1993
HLTA-2189,Toma de agua,POLAR,TOMA DE AGUA,TOMA DE AGUA,HLTA-2189,Cotizar,/IMAGENES TOMAS DE AGUA HLTA/HLTA-2189.jpg,,,,DODGE,CARAVAN,L4 2.5L,1992 - 1995
HLTA-2189,Toma de agua,POLAR,TOMA DE AGUA,TOMA DE AGUA,HLTA-2189,Cotizar,/IMAGENES TOMAS DE AGUA HLTA/HLTA-2189.jpg,,,,DODGE,CARAVAN,V6 3.3 L,1991 - 1995
HLTA-2189,Toma de agua,POLAR,TOMA DE AGUA,TOMA DE AGUA,HLTA-2189,Cotizar,/IMAGENES TOMAS DE AGUA HLTA/HLTA-2189.jpg,,,,DODGE,DAKOTA,L4 2.5L,1990 - 1996
HLTA-2189,Toma de agua,POLAR,TOMA DE AGUA,TOMA DE AGUA,HLTA-2189,Cotizar,/IMAGENES TOMAS DE AGUA HLTA/HLTA-2189.jpg,,,,DODGE,GRAN CARAVANA,V6 3.3 L,1991 - 1995
HLTA-2189,Toma de agua,POLAR,TOMA DE AGUA,TOMA DE AGUA,HLTA-2189,Cotizar,/IMAGENES TOMAS DE AGUA HLTA/HLTA-2189.jpg,,,,DODGE,GRAN CARAVANA,V6 3.8 L,1994 - 1995
HLTA-2189,Toma de agua,POLAR,TOMA DE AGUA,TOMA DE AGUA,HLTA-2189,Cotizar,/IMAGENES TOMAS DE AGUA HLTA/HLTA-2189.jpg,,,,PLYMOUTH,GRAND VOYAGER,V6 3.3 L,1992 - 1995
HLTA-2189,Toma de agua,POLAR,TOMA DE AGUA,TOMA DE AGUA,HLTA-2189,Cotizar,/IMAGENES TOMAS DE AGUA HLTA/HLTA-2189.jpg,,,,PLYMOUTH,GRAND VOYAGER,V6 3.8 L,1994 - 1995
HLTA-2189,Toma de agua,POLAR,TOMA DE AGUA,TOMA DE AGUA,HLTA-2189,Cotizar,/IMAGENES TOMAS DE AGUA HLTA/HLTA-2189.jpg,,,,PLYMOUTH,VOYAGER,L4 2.5L,1990 - 1995
HLTA-2189,Toma de agua,POLAR,TOMA DE AGUA,TOMA DE AGUA,HLTA-2189,Cotizar,/IMAGENES TOMAS DE AGUA HLTA/HLTA-2189.jpg,,,,PLYMOUTH,VOYAGER,V6 3.3 L,1991 - 1995
HLTA-2190,Toma de agua,POLAR,TOMA DE AGUA,TOMA DE AGUA,HLTA-2190,Cotizar,/IMAGENES TOMAS DE AGUA HLTA/HLTA-2190.jpg,,,,CHRYSLER,GRAND VOYAGER,V6 3.3 L,2000 - 2000
HLTA-2190,Toma de agua,POLAR,TOMA DE AGUA,TOMA DE AGUA,HLTA-2190,Cotizar,/IMAGENES TOMAS DE AGUA HLTA/HLTA-2190.jpg,,,,CHRYSLER,NEW YORK,V6 3.3 L,1993 - 1993
HLTA-2190,Toma de agua,POLAR,TOMA DE AGUA,TOMA DE AGUA,HLTA-2190,Cotizar,/IMAGENES TOMAS DE AGUA HLTA/HLTA-2190.jpg,,,,CHRYSLER,NEW YORK,V6 3.8 L,1993 - 1993
HLTA-2190,Toma de agua,POLAR,TOMA DE AGUA,TOMA DE AGUA,HLTA-2190,Cotizar,/IMAGENES TOMAS DE AGUA HLTA/HLTA-2190.jpg,,,,CHRYSLER,TOWN & COUNTRY,V6 3.3 L,1996 - 2000
HLTA-2190,Toma de agua,POLAR,TOMA DE AGUA,TOMA DE AGUA,HLTA-2190,Cotizar,/IMAGENES TOMAS DE AGUA HLTA/HLTA-2190.jpg,,,,CHRYSLER,TOWN & COUNTRY,V6 3.8 L,1996 - 2000
HLTA-2190,Toma de agua,POLAR,TOMA DE AGUA,TOMA DE AGUA,HLTA-2190,Cotizar,/IMAGENES TOMAS DE AGUA HLTA/HLTA-2190.jpg,,,,CHRYSLER,VOYAGER,V6 3.3 L,2000 - 2000
HLTA-2190,Toma de agua,POLAR,TOMA DE AGUA,TOMA DE AGUA,HLTA-2190,Cotizar,/IMAGENES TOMAS DE AGUA HLTA/HLTA-2190.jpg,,,,DODGE,CARAVAN,V6 3.3 L,1996 - 2000
HLTA-2190,Toma de agua,POLAR,TOMA DE AGUA,TOMA DE AGUA,HLTA-2190,Cotizar,/IMAGENES TOMAS DE AGUA HLTA/HLTA-2190.jpg,,,,DODGE,CARAVAN,V6 3.8 L,1996 - 1999
HLTA-2190,Toma de agua,POLAR,TOMA DE AGUA,TOMA DE AGUA,HLTA-2190,Cotizar,/IMAGENES TOMAS DE AGUA HLTA/HLTA-2190.jpg,,,,DODGE,GRAN CARAVANA,V6 3.3 L,1996 - 2000
HLTA-2190,Toma de agua,POLAR,TOMA DE AGUA,TOMA DE AGUA,HLTA-2190,Cotizar,/IMAGENES TOMAS DE AGUA HLTA/HLTA-2190.jpg,,,,DODGE,GRAN CARAVANA,V6 3.8 L,1996 - 2000
HLTA-2190,Toma de agua,POLAR,TOMA DE AGUA,TOMA DE AGUA,HLTA-2190,Cotizar,/IMAGENES TOMAS DE AGUA HLTA/HLTA-2190.jpg,,,,PLYMOUTH,GRAND VOYAGER,V6 3.3 L,1996 - 2000
HLTA-2190,Toma de agua,POLAR,TOMA DE AGUA,TOMA DE AGUA,HLTA-2190,Cotizar,/IMAGENES TOMAS DE AGUA HLTA/HLTA-2190.jpg,,,,PLYMOUTH,GRAND VOYAGER,V6 3.8 L,1996 - 1999
HLTA-2190,Toma de agua,POLAR,TOMA DE AGUA,TOMA DE AGUA,HLTA-2190,Cotizar,/IMAGENES TOMAS DE AGUA HLTA/HLTA-2190.jpg,,,,PLYMOUTH,VOYAGER,V6 3.8 L,1997 - 1999
HLTA-2191,Toma de agua,POLAR,TOMA DE AGUA,TOMA DE AGUA,HLTA-2191,Cotizar,/IMAGENES TOMAS DE AGUA HLTA/HLTA-2191.jpg,,,,DODGE,NEÓN,L4 2.0L,1994 - 1999
HLTA-2191,Toma de agua,POLAR,TOMA DE AGUA,TOMA DE AGUA,HLTA-2191,Cotizar,/IMAGENES TOMAS DE AGUA HLTA/HLTA-2191.jpg,,,,DODGE,STRATUS,L4 2.0L,1995 - 2000
HLTA-2192,Toma de agua,POLAR,TOMA DE AGUA,TOMA DE AGUA,HLTA-2192,Cotizar,/IMAGENES TOMAS DE AGUA HLTA/HLTA-2192.jpg,,,,CHRYSLER,CIRRUS,L4 2.0L,2000 - 2000
HLTA-2192,Toma de agua,POLAR,TOMA DE AGUA,TOMA DE AGUA,HLTA-2192,Cotizar,/IMAGENES TOMAS DE AGUA HLTA/HLTA-2192.jpg,,,,DODGE,NEÓN,L4 2.0L,2000 - 2005
HLTA-2192,Toma de agua,POLAR,TOMA DE AGUA,TOMA DE AGUA,HLTA-2192,Cotizar,/IMAGENES TOMAS DE AGUA HLTA/HLTA-2192.jpg,,,,DODGE,NEÓN,L4 2.4L,2003 - 2005
HLTA-2192,Toma de agua,POLAR,TOMA DE AGUA,TOMA DE AGUA,HLTA-2192,Cotizar,/IMAGENES TOMAS DE AGUA HLTA/HLTA-2192.jpg,,,,DODGE,STRATUS,L4 2.0L,1995 - 2001
HLTA-2193,Toma de agua,POLAR,TOMA DE AGUA,TOMA DE AGUA,HLTA-2193,Cotizar,/IMAGENES TOMAS DE AGUA HLTA/HLTA-2193.jpg,,,,CHRYSLER,CIRRUS,L4 2.0L,2000 - 2000
HLTA-2193,Toma de agua,POLAR,TOMA DE AGUA,TOMA DE AGUA,HLTA-2193,Cotizar,/IMAGENES TOMAS DE AGUA HLTA/HLTA-2193.jpg,,,,CHRYSLER,CIRRUS,L4 2.4L,1995 - 2006
HLTA-2193,Toma de agua,POLAR,TOMA DE AGUA,TOMA DE AGUA,HLTA-2193,Cotizar,/IMAGENES TOMAS DE AGUA HLTA/HLTA-2193.jpg,,,,CHRYSLER,Sebring,L4 2.0L,1995 - 1999
HLTA-2193,Toma de agua,POLAR,TOMA DE AGUA,TOMA DE AGUA,HLTA-2193,Cotizar,/IMAGENES TOMAS DE AGUA HLTA/HLTA-2193.jpg,,,,CHRYSLER,Sebring,L4 2.4L,1996 - 1998
HLTA-2193,Toma de agua,POLAR,TOMA DE AGUA,TOMA DE AGUA,HLTA-2193,Cotizar,/IMAGENES TOMAS DE AGUA HLTA/HLTA-2193.jpg,,,,CHRYSLER,Sebring,L4 2.4L,2001 - 2004
HLTA-2193,Toma de agua,POLAR,TOMA DE AGUA,TOMA DE AGUA,HLTA-2193,Cotizar,/IMAGENES TOMAS DE AGUA HLTA/HLTA-2193.jpg,,,,DODGE,STRATUS,L4 2.0L,1995 - 2000
HLTA-2193,Toma de agua,POLAR,TOMA DE AGUA,TOMA DE AGUA,HLTA-2193,Cotizar,/IMAGENES TOMAS DE AGUA HLTA/HLTA-2193.jpg,,,,DODGE,STRATUS,L4 2.4L,1995 - 2006
HLTA-2194,Toma de agua,POLAR,TOMA DE AGUA,TOMA DE AGUA,HLTA-2194,Cotizar,/IMAGENES TOMAS DE AGUA HLTA/HLTA-2194.jpg,,,,DODGE,NEÓN,L4 2.0L,1995 - 1999
HLTA-2195,Toma de agua,POLAR,TOMA DE AGUA,TOMA DE AGUA,HLTA-2195,Cotizar,/IMAGENES TOMAS DE AGUA HLTA/HLTA-2195.jpg,,,,CHRYSLER,CIRRUS,L4 2.0L,2000 - 2000
HLTA-2195,Toma de agua,POLAR,TOMA DE AGUA,TOMA DE AGUA,HLTA-2195,Cotizar,/IMAGENES TOMAS DE AGUA HLTA/HLTA-2195.jpg,,,,CHRYSLER,CIRRUS,L4 2.4L,1995 - 1997
HLTA-2195,Toma de agua,POLAR,TOMA DE AGUA,TOMA DE AGUA,HLTA-2195,Cotizar,/IMAGENES TOMAS DE AGUA HLTA/HLTA-2195.jpg,,,,CHRYSLER,CIRRUS,L4 2.4L,1999 - 2000
HLTA-2195,Toma de agua,POLAR,TOMA DE AGUA,TOMA DE AGUA,HLTA-2195,Cotizar,/IMAGENES TOMAS DE AGUA HLTA/HLTA-2195.jpg,,,,CHRYSLER,Sebring,L4 2.0L,1995 - 1999
HLTA-2195,Toma de agua,POLAR,TOMA DE AGUA,TOMA DE AGUA,HLTA-2195,Cotizar,/IMAGENES TOMAS DE AGUA HLTA/HLTA-2195.jpg,,,,CHRYSLER,Sebring,L4 2.4L,1996 - 1998
HLTA-2195,Toma de agua,POLAR,TOMA DE AGUA,TOMA DE AGUA,HLTA-2195,Cotizar,/IMAGENES TOMAS DE AGUA HLTA/HLTA-2195.jpg,,,,CHRYSLER,Sebring,L4 2.4L,2001 - 2006
HLTA-2195,Toma de agua,POLAR,TOMA DE AGUA,TOMA DE AGUA,HLTA-2195,Cotizar,/IMAGENES TOMAS DE AGUA HLTA/HLTA-2195.jpg,,,,DODGE,STRATUS,L4 2.0L,1995 - 2000
HLTA-2195,Toma de agua,POLAR,TOMA DE AGUA,TOMA DE AGUA,HLTA-2195,Cotizar,/IMAGENES TOMAS DE AGUA HLTA/HLTA-2195.jpg,,,,DODGE,STRATUS,L4 2.4L,1995 - 2006
HLTA-2196,Toma de agua,POLAR,TOMA DE AGUA,TOMA DE AGUA,HLTA-2196,Cotizar,/IMAGENES TOMAS DE AGUA HLTA/HLTA-2196.jpg,,,,CHRYSLER,PT CRUISER,L4 2.4L,2001 - 2009
HLTA-2197,Toma de agua,POLAR,TOMA DE AGUA,TOMA DE AGUA,HLTA-2197,Cotizar,/IMAGENES TOMAS DE AGUA HLTA/HLTA-2197.jpg,,,,CHRYSLER,PT CRUISER,L4 2.4L,2001 - 2009
HLTA-2198,Toma de agua,POLAR,TOMA DE AGUA,TOMA DE AGUA,HLTA-2198,Cotizar,/IMAGENES TOMAS DE AGUA HLTA/HLTA-2198.jpg,,,,CHRYSLER,CIRRUS,V6 2.7 L,2001 - 2006
HLTA-2198,Toma de agua,POLAR,TOMA DE AGUA,TOMA DE AGUA,HLTA-2198,Cotizar,/IMAGENES TOMAS DE AGUA HLTA/HLTA-2198.jpg,,,,CHRYSLER,Sebring,L4 2.4L,2001 - 2004
HLTA-2198,Toma de agua,POLAR,TOMA DE AGUA,TOMA DE AGUA,HLTA-2198,Cotizar,/IMAGENES TOMAS DE AGUA HLTA/HLTA-2198.jpg,,,,CHRYSLER,Sebring,V6 2.7 L,2000 - 2002
HLTA-2198,Toma de agua,POLAR,TOMA DE AGUA,TOMA DE AGUA,HLTA-2198,Cotizar,/IMAGENES TOMAS DE AGUA HLTA/HLTA-2198.jpg,,,,DODGE,STRATUS,L4 2.4L,2000 - 2006
HLTA-2198,Toma de agua,POLAR,TOMA DE AGUA,TOMA DE AGUA,HLTA-2198,Cotizar,/IMAGENES TOMAS DE AGUA HLTA/HLTA-2198.jpg,,,,DODGE,STRATUS,V6 2.7 L,2001 - 2006
HLTA-2198,Toma de agua,POLAR,TOMA DE AGUA,TOMA DE AGUA,HLTA-2198,Cotizar,/IMAGENES TOMAS DE AGUA HLTA/HLTA-2198.jpg,,,,MITSUBISHI,ECLIPSE,V6 3.0 L,2000 - 2005
HLTA-2198,Toma de agua,POLAR,TOMA DE AGUA,TOMA DE AGUA,HLTA-2198,Cotizar,/IMAGENES TOMAS DE AGUA HLTA/HLTA-2198.jpg,,,,MITSUBISHI,ECLIPSE,V6 3.8 L,2006 - 2012
HLTA-2198,Toma de agua,POLAR,TOMA DE AGUA,TOMA DE AGUA,HLTA-2198,Cotizar,/IMAGENES TOMAS DE AGUA HLTA/HLTA-2198.jpg,,,,MITSUBISHI,ENDEAVOR,V6 3.8 L,2004 - 2011
HLTA-2198,Toma de agua,POLAR,TOMA DE AGUA,TOMA DE AGUA,HLTA-2198,Cotizar,/IMAGENES TOMAS DE AGUA HLTA/HLTA-2198.jpg,,,,MITSUBISHI,GALANT,V6 3.0 L,1999 - 2003
HLTA-2198,Toma de agua,POLAR,TOMA DE AGUA,TOMA DE AGUA,HLTA-2198,Cotizar,/IMAGENES TOMAS DE AGUA HLTA/HLTA-2198.jpg,,,,MITSUBISHI,GALANT,V6 3.8 L,2004 - 2009
HLTA-2199,Toma de agua,POLAR,TOMA DE AGUA,TOMA DE AGUA,HLTA-2199,Cotizar,/IMAGENES TOMAS DE AGUA HLTA/HLTA-2199.jpg,,,,CHRYSLER,CONCORDE,V6 2.7 L,1998 - 2004
HLTA-2199,Toma de agua,POLAR,TOMA DE AGUA,TOMA DE AGUA,HLTA-2199,Cotizar,/IMAGENES TOMAS DE AGUA HLTA/HLTA-2199.jpg,,,,CHRYSLER,INTRÉPIDO,V6 2.7 L,1998 - 2004
HLTA-2199,Toma de agua,POLAR,TOMA DE AGUA,TOMA DE AGUA,HLTA-2199,Cotizar,/IMAGENES TOMAS DE AGUA HLTA/HLTA-2199.jpg,,,,DODGE,CHARGER,V6 2.7 L,2006 - 2010
HLTA-2199,Toma de agua,POLAR,TOMA DE AGUA,TOMA DE AGUA,HLTA-2199,Cotizar,/IMAGENES TOMAS DE AGUA HLTA/HLTA-2199.jpg,,,,DODGE,INTRÉPIDO,V6 2.7 L,1998 - 2004
HLTA-2199,Toma de agua,POLAR,TOMA DE AGUA,TOMA DE AGUA,HLTA-2199,Cotizar,/IMAGENES TOMAS DE AGUA HLTA/HLTA-2199.jpg,,,,DODGE,MAGNUM,V6 2.7 L,2005 - 2008
HLTA-2200,Toma de agua,POLAR,TOMA DE AGUA,TOMA DE AGUA,HLTA-2200,Cotizar,/IMAGENES TOMAS DE AGUA HLTA/HLTA-2200.jpg,,,,CHRYSLER,200,L4 2.4L,2011 - 2014
HLTA-2200,Toma de agua,POLAR,TOMA DE AGUA,TOMA DE AGUA,HLTA-2200,Cotizar,/IMAGENES TOMAS DE AGUA HLTA/HLTA-2200.jpg,,,,CHRYSLER,Sebring,L4 2.4L,2007 - 2010
HLTA-2200,Toma de agua,POLAR,TOMA DE AGUA,TOMA DE AGUA,HLTA-2200,Cotizar,/IMAGENES TOMAS DE AGUA HLTA/HLTA-2200.jpg,,,,DODGE,AVENGER,L4 2.4L,2008 - 2014
HLTA-2200,Toma de agua,POLAR,TOMA DE AGUA,TOMA DE AGUA,HLTA-2200,Cotizar,/IMAGENES TOMAS DE AGUA HLTA/HLTA-2200.jpg,,,,DODGE,CALIBER,L4 1.8L,2007 - 2009
HLTA-2200,Toma de agua,POLAR,TOMA DE AGUA,TOMA DE AGUA,HLTA-2200,Cotizar,/IMAGENES TOMAS DE AGUA HLTA/HLTA-2200.jpg,,,,DODGE,CALIBER,L4 2.0L,2007 - 2012
HLTA-2200,Toma de agua,POLAR,TOMA DE AGUA,TOMA DE AGUA,HLTA-2200,Cotizar,/IMAGENES TOMAS DE AGUA HLTA/HLTA-2200.jpg,,,,DODGE,CALIBER,L4 2.4L,2007 - 2012
HLTA-2200,Toma de agua,POLAR,TOMA DE AGUA,TOMA DE AGUA,HLTA-2200,Cotizar,/IMAGENES TOMAS DE AGUA HLTA/HLTA-2200.jpg,,,,DODGE,DAKOTA,L4 2.5L,2000 - 2002
HLTA-2200,Toma de agua,POLAR,TOMA DE AGUA,TOMA DE AGUA,HLTA-2200,Cotizar,/IMAGENES TOMAS DE AGUA HLTA/HLTA-2200.jpg,,,,DODGE,DAKOTA,V6 3.9L,2000 - 2003
HLTA-2200,Toma de agua,POLAR,TOMA DE AGUA,TOMA DE AGUA,HLTA-2200,Cotizar,/IMAGENES TOMAS DE AGUA HLTA/HLTA-2200.jpg,,,,DODGE,DAKOTA,V8 4.7L,2000 - 2004
HLTA-2200,Toma de agua,POLAR,TOMA DE AGUA,TOMA DE AGUA,HLTA-2200,Cotizar,/IMAGENES TOMAS DE AGUA HLTA/HLTA-2200.jpg,,,,DODGE,DURANGO,V8 4.7L,2000 - 2004
HLTA-2200,Toma de agua,POLAR,TOMA DE AGUA,TOMA DE AGUA,HLTA-2200,Cotizar,/IMAGENES TOMAS DE AGUA HLTA/HLTA-2200.jpg,,,,DODGE,DURANGO,V8 5.9L,1997 - 2003
HLTA-2200,Toma de agua,POLAR,TOMA DE AGUA,TOMA DE AGUA,HLTA-2200,Cotizar,/IMAGENES TOMAS DE AGUA HLTA/HLTA-2200.jpg,,,,DODGE,VIAJE,L4 2.4L,2008 - 2020
HLTA-2200,Toma de agua,POLAR,TOMA DE AGUA,TOMA DE AGUA,HLTA-2200,Cotizar,/IMAGENES TOMAS DE AGUA HLTA/HLTA-2200.jpg,,,,JEEP,COMPASS,L4 2.0L,2007 - 2015
HLTA-2200,Toma de agua,POLAR,TOMA DE AGUA,TOMA DE AGUA,HLTA-2200,Cotizar,/IMAGENES TOMAS DE AGUA HLTA/HLTA-2200.jpg,,,,JEEP,COMPASS,L4 2.4L,2006 - 2017
HLTA-2200,Toma de agua,POLAR,TOMA DE AGUA,TOMA DE AGUA,HLTA-2200,Cotizar,/IMAGENES TOMAS DE AGUA HLTA/HLTA-2200.jpg,,,,JEEP,PATRIOTA,L4 2.0L,2007 - 2017
HLTA-2200,Toma de agua,POLAR,TOMA DE AGUA,TOMA DE AGUA,HLTA-2200,Cotizar,/IMAGENES TOMAS DE AGUA HLTA/HLTA-2200.jpg,,,,JEEP,PATRIOTA,L4 2.4L,2007 - 2017
HLTA-2201,Toma de agua,POLAR,TOMA DE AGUA,TOMA DE AGUA,HLTA-2201,Cotizar,/IMAGENES TOMAS DE AGUA HLTA/HLTA-2201.jpg,,,,CHRYSLER,300 M,V6 3.5 L,1999 - 2004
HLTA-2201,Toma de agua,POLAR,TOMA DE AGUA,TOMA DE AGUA,HLTA-2201,Cotizar,/IMAGENES TOMAS DE AGUA HLTA/HLTA-2201.jpg,,,,CHRYSLER,CONCORDE,V6 2.7 L,1998 - 2004
HLTA-2201,Toma de agua,POLAR,TOMA DE AGUA,TOMA DE AGUA,HLTA-2201,Cotizar,/IMAGENES TOMAS DE AGUA HLTA/HLTA-2201.jpg,,,,CHRYSLER,CONCORDE,V6 3.2 L,1998 - 2001
HLTA-2201,Toma de agua,POLAR,TOMA DE AGUA,TOMA DE AGUA,HLTA-2201,Cotizar,/IMAGENES TOMAS DE AGUA HLTA/HLTA-2201.jpg,,,,CHRYSLER,CONCORDE,V6 3.5 L,2002 - 2004
HLTA-2202,Toma de agua,POLAR,TOMA DE AGUA,TOMA DE AGUA,HLTA-2202,Cotizar,/IMAGENES TOMAS DE AGUA HLTA/HLTA-2202.jpg,,,,CHRYSLER,200,V6 3.6L,2011 - 2016
HLTA-2202,Toma de agua,POLAR,TOMA DE AGUA,TOMA DE AGUA,HLTA-2202,Cotizar,/IMAGENES TOMAS DE AGUA HLTA/HLTA-2202.jpg,,,,CHRYSLER,TOWN & COUNTRY,V6 3.6L,2011 - 2016
HLTA-2202,Toma de agua,POLAR,TOMA DE AGUA,TOMA DE AGUA,HLTA-2202,Cotizar,/IMAGENES TOMAS DE AGUA HLTA/HLTA-2202.jpg,,,,DODGE,AVENGER,V6 3.6L,2011 - 2014
HLTA-2202,Toma de agua,POLAR,TOMA DE AGUA,TOMA DE AGUA,HLTA-2202,Cotizar,/IMAGENES TOMAS DE AGUA HLTA/HLTA-2202.jpg,,,,DODGE,GRAN CARAVANA,V6 3.6L,2017 - 2021
HLTA-2202,Toma de agua,POLAR,TOMA DE AGUA,TOMA DE AGUA,HLTA-2202,Cotizar,/IMAGENES TOMAS DE AGUA HLTA/HLTA-2202.jpg,,,,DODGE,VIAJE,V6 3.6L,2012 - 2019
HLTA-2202,Toma de agua,POLAR,TOMA DE AGUA,TOMA DE AGUA,HLTA-2202,Cotizar,/IMAGENES TOMAS DE AGUA HLTA/HLTA-2202.jpg,,,,RAM,PROMASTER 1500,V6 3.6L,2013 - 2024
HLTA-2202,Toma de agua,POLAR,TOMA DE AGUA,TOMA DE AGUA,HLTA-2202,Cotizar,/IMAGENES TOMAS DE AGUA HLTA/HLTA-2202.jpg,,,,RAM,PROMASTER 2500,V6 3.6L,2014 - 2024
HLTA-2202,Toma de agua,POLAR,TOMA DE AGUA,TOMA DE AGUA,HLTA-2202,Cotizar,/IMAGENES TOMAS DE AGUA HLTA/HLTA-2202.jpg,,,,RAM,PROMASTER 3500,V6 3.6L,2014 - 2024
HLTA-2202,Toma de agua,POLAR,TOMA DE AGUA,TOMA DE AGUA,HLTA-2202,Cotizar,/IMAGENES TOMAS DE AGUA HLTA/HLTA-2202.jpg,,,,RAM,PROMASTER 4500,V6 3.6L,2013 - 2018
HLTA-2202,Toma de agua,POLAR,TOMA DE AGUA,TOMA DE AGUA,HLTA-2202,Cotizar,/IMAGENES TOMAS DE AGUA HLTA/HLTA-2202.jpg,,,,RAM,RAM C/V,V6 3.6L,2012 - 2015
HLTA-2203,Toma de agua,POLAR,TOMA DE AGUA,TOMA DE AGUA,HLTA-2203,Cotizar,/IMAGENES TOMAS DE AGUA HLTA/HLTA-2203.jpg,,,,CHRYSLER,ÁLAMO PEN,V8 4.7L,2007 - 2009
HLTA-2203,Toma de agua,POLAR,TOMA DE AGUA,TOMA DE AGUA,HLTA-2203,Cotizar,/IMAGENES TOMAS DE AGUA HLTA/HLTA-2203.jpg,,,,DODGE,DAKOTA,V6 3.7L,2004 - 2010
HLTA-2203,Toma de agua,POLAR,TOMA DE AGUA,TOMA DE AGUA,HLTA-2203,Cotizar,/IMAGENES TOMAS DE AGUA HLTA/HLTA-2203.jpg,,,,DODGE,DAKOTA,V8 4.7L,2000 - 2010
HLTA-2203,Toma de agua,POLAR,TOMA DE AGUA,TOMA DE AGUA,HLTA-2203,Cotizar,/IMAGENES TOMAS DE AGUA HLTA/HLTA-2203.jpg,,,,DODGE,DURANGO,V6 3.7L,2004 - 2009
HLTA-2203,Toma de agua,POLAR,TOMA DE AGUA,TOMA DE AGUA,HLTA-2203,Cotizar,/IMAGENES TOMAS DE AGUA HLTA/HLTA-2203.jpg,,,,DODGE,DURANGO,V8 4.7L,2000 - 2009
HLTA-2203,Toma de agua,POLAR,TOMA DE AGUA,TOMA DE AGUA,HLTA-2203,Cotizar,/IMAGENES TOMAS DE AGUA HLTA/HLTA-2203.jpg,,,,DODGE,NITRO,V6 3.7L,2007 - 2011
HLTA-2203,Toma de agua,POLAR,TOMA DE AGUA,TOMA DE AGUA,HLTA-2203,Cotizar,/IMAGENES TOMAS DE AGUA HLTA/HLTA-2203.jpg,,,,DODGE,RAM 1500,V6 3.7L,2002 - 2010
HLTA-2203,Toma de agua,POLAR,TOMA DE AGUA,TOMA DE AGUA,HLTA-2203,Cotizar,/IMAGENES TOMAS DE AGUA HLTA/HLTA-2203.jpg,,,,DODGE,RAM 1500,V8 4.7L,2002 - 2010
HLTA-2203,Toma de agua,POLAR,TOMA DE AGUA,TOMA DE AGUA,HLTA-2203,Cotizar,/IMAGENES TOMAS DE AGUA HLTA/HLTA-2203.jpg,,,,JEEP,COMMANDER,V6 3.7L,2006 - 2010
HLTA-2203,Toma de agua,POLAR,TOMA DE AGUA,TOMA DE AGUA,HLTA-2203,Cotizar,/IMAGENES TOMAS DE AGUA HLTA/HLTA-2203.jpg,,,,JEEP,COMMANDER,V8 4.7L,2006 - 2009
HLTA-2203,Toma de agua,POLAR,TOMA DE AGUA,TOMA DE AGUA,HLTA-2203,Cotizar,/IMAGENES TOMAS DE AGUA HLTA/HLTA-2203.jpg,,,,JEEP,GRAND CHEROKEE,V6 3.7L,2005 - 2010
HLTA-2203,Toma de agua,POLAR,TOMA DE AGUA,TOMA DE AGUA,HLTA-2203,Cotizar,/IMAGENES TOMAS DE AGUA HLTA/HLTA-2203.jpg,,,,JEEP,GRAND CHEROKEE,V8 4.7L,2002 - 2008
HLTA-2203,Toma de agua,POLAR,TOMA DE AGUA,TOMA DE AGUA,HLTA-2203,Cotizar,/IMAGENES TOMAS DE AGUA HLTA/HLTA-2203.jpg,,,,JEEP,LIBERY,V6 3.7L,2002 - 2012
HLTA-2203,Toma de agua,POLAR,TOMA DE AGUA,TOMA DE AGUA,HLTA-2203,Cotizar,/IMAGENES TOMAS DE AGUA HLTA/HLTA-2203.jpg,,,,RAM,1500,V6 3.7L,2011 - 2013
HLTA-2203,Toma de agua,POLAR,TOMA DE AGUA,TOMA DE AGUA,HLTA-2203,Cotizar,/IMAGENES TOMAS DE AGUA HLTA/HLTA-2203.jpg,,,,RAM,1500,V8 4.7L,2011 - 2013
HLTA-2203,Toma de agua,POLAR,TOMA DE AGUA,TOMA DE AGUA,HLTA-2203,Cotizar,/IMAGENES TOMAS DE AGUA HLTA/HLTA-2203.jpg,,,,RAM,DAKOTA,V6 3.7L,2011 - 2011
HLTA-2203,Toma de agua,POLAR,TOMA DE AGUA,TOMA DE AGUA,HLTA-2203,Cotizar,/IMAGENES TOMAS DE AGUA HLTA/HLTA-2203.jpg,,,,RAM,DAKOTA,V8 4.7L,2011 - 2011
HLTA-2204,Toma de agua,POLAR,TOMA DE AGUA,TOMA DE AGUA,HLTA-2204,Cotizar,/IMAGENES TOMAS DE AGUA HLTA/HLTA-2204.jpg,,,,CHRYSLER,200,L4 2.4L,2011 - 2016
HLTA-2204,Toma de agua,POLAR,TOMA DE AGUA,TOMA DE AGUA,HLTA-2204,Cotizar,/IMAGENES TOMAS DE AGUA HLTA/HLTA-2204.jpg,,,,CHRYSLER,Sebring,L4 2.4L,2007 - 2010
HLTA-2204,Toma de agua,POLAR,TOMA DE AGUA,TOMA DE AGUA,HLTA-2204,Cotizar,/IMAGENES TOMAS DE AGUA HLTA/HLTA-2204.jpg,,,,DODGE,AVENGER,L4 2.4L,2008 - 2014
HLTA-2204,Toma de agua,POLAR,TOMA DE AGUA,TOMA DE AGUA,HLTA-2204,Cotizar,/IMAGENES TOMAS DE AGUA HLTA/HLTA-2204.jpg,,,,DODGE,CALIBER,L4 1.8L,2007 - 2009
HLTA-2204,Toma de agua,POLAR,TOMA DE AGUA,TOMA DE AGUA,HLTA-2204,Cotizar,/IMAGENES TOMAS DE AGUA HLTA/HLTA-2204.jpg,,,,DODGE,CALIBER,L4 2.0L,2007 - 2012
HLTA-2204,Toma de agua,POLAR,TOMA DE AGUA,TOMA DE AGUA,HLTA-2204,Cotizar,/IMAGENES TOMAS DE AGUA HLTA/HLTA-2204.jpg,,,,DODGE,CALIBER,L4 2.4L,2007 - 2012
HLTA-2204,Toma de agua,POLAR,TOMA DE AGUA,TOMA DE AGUA,HLTA-2204,Cotizar,/IMAGENES TOMAS DE AGUA HLTA/HLTA-2204.jpg,,,,DODGE,VIAJE,L4 2.4L,2009 - 2017
HLTA-2204,Toma de agua,POLAR,TOMA DE AGUA,TOMA DE AGUA,HLTA-2204,Cotizar,/IMAGENES TOMAS DE AGUA HLTA/HLTA-2204.jpg,,,,JEEP,COMPASS,L4 2.0L,2007 - 2015
HLTA-2204,Toma de agua,POLAR,TOMA DE AGUA,TOMA DE AGUA,HLTA-2204,Cotizar,/IMAGENES TOMAS DE AGUA HLTA/HLTA-2204.jpg,,,,JEEP,COMPASS,L4 2.4L,2007 - 2017
HLTA-2204,Toma de agua,POLAR,TOMA DE AGUA,TOMA DE AGUA,HLTA-2204,Cotizar,/IMAGENES TOMAS DE AGUA HLTA/HLTA-2204.jpg,,,,JEEP,PATRIOTA,L4 2.0L,2007 - 2017
HLTA-2204,Toma de agua,POLAR,TOMA DE AGUA,TOMA DE AGUA,HLTA-2204,Cotizar,/IMAGENES TOMAS DE AGUA HLTA/HLTA-2204.jpg,,,,JEEP,PATRIOTA,L4 2.4L,2007 - 2017
HLTA-2205,Toma de agua,POLAR,TOMA DE AGUA,TOMA DE AGUA,HLTA-2205,Cotizar,/IMAGENES TOMAS DE AGUA HLTA/HLTA-2205.jpg,,,,CHRYSLER,300,V6 2.7 L,2005 - 2009
HLTA-2205,Toma de agua,POLAR,TOMA DE AGUA,TOMA DE AGUA,HLTA-2205,Cotizar,/IMAGENES TOMAS DE AGUA HLTA/HLTA-2205.jpg,,,,DODGE,CHARGER,V6 2.7 L,2006 - 2010
HLTA-2205,Toma de agua,POLAR,TOMA DE AGUA,TOMA DE AGUA,HLTA-2205,Cotizar,/IMAGENES TOMAS DE AGUA HLTA/HLTA-2205.jpg,,,,DODGE,MAGNUM,V6 2.7 L,2005 - 2008
HLTA-2206,Toma de agua,POLAR,TOMA DE AGUA,TOMA DE AGUA,HLTA-2206,Cotizar,/IMAGENES TOMAS DE AGUA HLTA/HLTA-2206.jpg,,,,DODGE,NEÓN,L4 1.6L,2015 - 2018
HLTA-2206,Toma de agua,POLAR,TOMA DE AGUA,TOMA DE AGUA,HLTA-2206,Cotizar,/IMAGENES TOMAS DE AGUA HLTA/HLTA-2206.jpg,,,,DODGE,VISIÓN,L4 1.6L,2015 - 2018
HLTA-2206,Toma de agua,POLAR,TOMA DE AGUA,TOMA DE AGUA,HLTA-2206,Cotizar,/IMAGENES TOMAS DE AGUA HLTA/HLTA-2206.jpg,,,,FIAT,PALIO,L4 1.6L,2013 - 2017
HLTA-2206,Toma de agua,POLAR,TOMA DE AGUA,TOMA DE AGUA,HLTA-2206,Cotizar,/IMAGENES TOMAS DE AGUA HLTA/HLTA-2206.jpg,,,,RAM,700,L4 1.6L,2014 - 2023
HLTA-2207,Toma de agua,POLAR,TOMA DE AGUA,TOMA DE AGUA,HLTA-2207,Cotizar,/IMAGENES TOMAS DE AGUA HLTA/HLTA-2207.jpg,,,,CHRYSLER,Sebring,V6 2.7 L,2001 - 2010
HLTA-2207,Toma de agua,POLAR,TOMA DE AGUA,TOMA DE AGUA,HLTA-2207,Cotizar,/IMAGENES TOMAS DE AGUA HLTA/HLTA-2207.jpg,,,,DODGE,STRATUS,V6 2.7 L,2001 - 2006
HLTA-2208,Toma de agua,POLAR,TOMA DE AGUA,TOMA DE AGUA,HLTA-2208,Cotizar,/IMAGENES TOMAS DE AGUA HLTA/HLTA-2208.jpg,,,,TOYOTA,COROLLA HÍBRIDO,L4 1.8L,2020 - 2022
HLTA-2208,Toma de agua,POLAR,TOMA DE AGUA,TOMA DE AGUA,HLTA-2208,Cotizar,/IMAGENES TOMAS DE AGUA HLTA/HLTA-2208.jpg,,,,TOYOTA,PRIUS,L4 1.8L,2010 - 2022
HLTA-2209,Toma de agua,POLAR,TOMA DE AGUA,TOMA DE AGUA,HLTA-2209,Cotizar,/IMAGENES TOMAS DE AGUA HLTA/HLTA-2209.jpg,,,,HYUNDAI,SORENTO,L4 2.4L,2017 - 2020
HLTA-2209,Toma de agua,POLAR,TOMA DE AGUA,TOMA DE AGUA,HLTA-2209,Cotizar,/IMAGENES TOMAS DE AGUA HLTA/HLTA-2209.jpg,,,,HYUNDAI,TUCSON,L4 2.4L,2019 - 2020
HLTA-2209,Toma de agua,POLAR,TOMA DE AGUA,TOMA DE AGUA,HLTA-2209,Cotizar,/IMAGENES TOMAS DE AGUA HLTA/HLTA-2209.jpg,,,,KIA,SPORTAGE,L4 2.4L,2017 - 2020
HLTA-2210,Toma de agua,POLAR,TOMA DE AGUA,TOMA DE AGUA,HLTA-2210,Cotizar,/IMAGENES TOMAS DE AGUA HLTA/HLTA-2210.jpg,,,,CHEVROLET,COLORADO,L4 2.8L,2004 - 2006
HLTA-2210,Toma de agua,POLAR,TOMA DE AGUA,TOMA DE AGUA,HLTA-2210,Cotizar,/IMAGENES TOMAS DE AGUA HLTA/HLTA-2210.jpg,,,,CHEVROLET,COLORADO,L4 2.9L,2007 - 2012
HLTA-2210,Toma de agua,POLAR,TOMA DE AGUA,TOMA DE AGUA,HLTA-2210,Cotizar,/IMAGENES TOMAS DE AGUA HLTA/HLTA-2210.jpg,,,,CHEVROLET,COLORADO,L5 3.5L,2004 - 2006
HLTA-2210,Toma de agua,POLAR,TOMA DE AGUA,TOMA DE AGUA,HLTA-2210,Cotizar,/IMAGENES TOMAS DE AGUA HLTA/HLTA-2210.jpg,,,,CHEVROLET,COLORADO,L5 3.7L,2007 - 2012
HLTA-2210,Toma de agua,POLAR,TOMA DE AGUA,TOMA DE AGUA,HLTA-2210,Cotizar,/IMAGENES TOMAS DE AGUA HLTA/HLTA-2210.jpg,,,,GMC,CONYON,L4 2.8L,2004 - 2006
HLTA-2210,Toma de agua,POLAR,TOMA DE AGUA,TOMA DE AGUA,HLTA-2210,Cotizar,/IMAGENES TOMAS DE AGUA HLTA/HLTA-2210.jpg,,,,GMC,CONYON,L4 2.9L,2007 - 2012
HLTA-2210,Toma de agua,POLAR,TOMA DE AGUA,TOMA DE AGUA,HLTA-2210,Cotizar,/IMAGENES TOMAS DE AGUA HLTA/HLTA-2210.jpg,,,,GMC,CONYON,L5 3.5L,2004 - 2006
HLTA-2210,Toma de agua,POLAR,TOMA DE AGUA,TOMA DE AGUA,HLTA-2210,Cotizar,/IMAGENES TOMAS DE AGUA HLTA/HLTA-2210.jpg,,,,GMC,CONYON,L5 3.7L,2007 - 2012
HLTA-2210,Toma de agua,POLAR,TOMA DE AGUA,TOMA DE AGUA,HLTA-2210,Cotizar,/IMAGENES TOMAS DE AGUA HLTA/HLTA-2210.jpg,,,,HUMMER,H3,L5 3.5L,2006 - 2006
HLTA-2210,Toma de agua,POLAR,TOMA DE AGUA,TOMA DE AGUA,HLTA-2210,Cotizar,/IMAGENES TOMAS DE AGUA HLTA/HLTA-2210.jpg,,,,HUMMER,H3,L5 3.7L,2007 - 2010
HLTA-2210,Toma de agua,POLAR,TOMA DE AGUA,TOMA DE AGUA,HLTA-2210,Cotizar,/IMAGENES TOMAS DE AGUA HLTA/HLTA-2210.jpg,,,,ISUZU,Camioneta I-280,L4 2.8L,2006 - 2006
HLTA-2210,Toma de agua,POLAR,TOMA DE AGUA,TOMA DE AGUA,HLTA-2210,Cotizar,/IMAGENES TOMAS DE AGUA HLTA/HLTA-2210.jpg,,,,ISUZU,Camioneta I-290,L4 2.9L,2007 - 2008
HLTA-2210,Toma de agua,POLAR,TOMA DE AGUA,TOMA DE AGUA,HLTA-2210,Cotizar,/IMAGENES TOMAS DE AGUA HLTA/HLTA-2210.jpg,,,,ISUZU,Camioneta I-350,L5 3.5L,2006 - 2006
HLTA-2210,Toma de agua,POLAR,TOMA DE AGUA,TOMA DE AGUA,HLTA-2210,Cotizar,/IMAGENES TOMAS DE AGUA HLTA/HLTA-2210.jpg,,,,ISUZU,Camioneta I-370,L5 3.7L,2007 - 2008
HLTA-2211,Toma de agua,POLAR,TOMA DE AGUA,TOMA DE AGUA,HLTA-2211,Cotizar,/IMAGENES TOMAS DE AGUA HLTA/HLTA-2211.jpg,,,,CHRYSLER,PACÍFICA,V6 3.5 L,2004 - 2006
HLTA-2211,Toma de agua,POLAR,TOMA DE AGUA,TOMA DE AGUA,HLTA-2211,Cotizar,/IMAGENES TOMAS DE AGUA HLTA/HLTA-2211.jpg,,,,CHRYSLER,PACÍFICA,V6 3.8 L,2005 - 2007
HLTA-2211,Toma de agua,POLAR,TOMA DE AGUA,TOMA DE AGUA,HLTA-2211,Cotizar,/IMAGENES TOMAS DE AGUA HLTA/HLTA-2211.jpg,,,,CHRYSLER,PACÍFICA,V6 4.0L,2006 - 2008
HLTA-2211,Toma de agua,POLAR,TOMA DE AGUA,TOMA DE AGUA,HLTA-2211,Cotizar,/IMAGENES TOMAS DE AGUA HLTA/HLTA-2211.jpg,,,,CHRYSLER,TOWN & COUNTRY,V6 3.3 L,2002 - 2007
HLTA-2211,Toma de agua,POLAR,TOMA DE AGUA,TOMA DE AGUA,HLTA-2211,Cotizar,/IMAGENES TOMAS DE AGUA HLTA/HLTA-2211.jpg,,,,CHRYSLER,TOWN & COUNTRY,V6 3.8 L,2001 - 2007
HLTA-2211,Toma de agua,POLAR,TOMA DE AGUA,TOMA DE AGUA,HLTA-2211,Cotizar,/IMAGENES TOMAS DE AGUA HLTA/HLTA-2211.jpg,,,,CHRYSLER,VOYAGER,V6 3.3 L,2001 - 2008
HLTA-2211,Toma de agua,POLAR,TOMA DE AGUA,TOMA DE AGUA,HLTA-2211,Cotizar,/IMAGENES TOMAS DE AGUA HLTA/HLTA-2211.jpg,,,,DODGE,CARAVAN,V6 3.3 L,2001 - 2006
HLTA-2211,Toma de agua,POLAR,TOMA DE AGUA,TOMA DE AGUA,HLTA-2211,Cotizar,/IMAGENES TOMAS DE AGUA HLTA/HLTA-2211.jpg,,,,DODGE,GRAN CARAVANA,V6 3.3 L,2001 - 2007
HLTA-2211,Toma de agua,POLAR,TOMA DE AGUA,TOMA DE AGUA,HLTA-2211,Cotizar,/IMAGENES TOMAS DE AGUA HLTA/HLTA-2211.jpg,,,,DODGE,GRAN CARAVANA,V6 3.8 L,2001 - 2007
HLTA-2212,Toma de agua,POLAR,TOMA DE AGUA,TOMA DE AGUA,HLTA-2212,Cotizar,/IMAGENES TOMAS DE AGUA HLTA/HLTA-2212.jpg,,,,HYUNDAI,ELANTRA,L4 1.8L,2015 - 2016
HLTA-2212,Toma de agua,POLAR,TOMA DE AGUA,TOMA DE AGUA,HLTA-2212,Cotizar,/IMAGENES TOMAS DE AGUA HLTA/HLTA-2212.jpg,,,,KIA,FORTE,L4 2.0L,2016 - 2024
HLTA-2213,Toma de agua,POLAR,TOMA DE AGUA,TOMA DE AGUA,HLTA-2213,Cotizar,/IMAGENES TOMAS DE AGUA HLTA/HLTA-2213.jpg,,,,CHEVROLET,CORSA,L4 1.8L,2002 - 2008
HLTA-2213,Toma de agua,POLAR,TOMA DE AGUA,TOMA DE AGUA,HLTA-2213,Cotizar,/IMAGENES TOMAS DE AGUA HLTA/HLTA-2213.jpg,,,,CHEVROLET,MERIVA,L4 1.8L,2004 - 2008
HLTA-2213,Toma de agua,POLAR,TOMA DE AGUA,TOMA DE AGUA,HLTA-2213,Cotizar,/IMAGENES TOMAS DE AGUA HLTA/HLTA-2213.jpg,,,,CHEVROLET,TORNADO,L4 1.8L,2013 - 2021
HLTA-2213,Toma de agua,POLAR,TOMA DE AGUA,TOMA DE AGUA,HLTA-2213,Cotizar,/IMAGENES TOMAS DE AGUA HLTA/HLTA-2213.jpg,,,,FIAT,PALIO,L4 1.8L,2006 - 2008
HLTA-2214,Toma de agua,POLAR,TOMA DE AGUA,TOMA DE AGUA,HLTA-2214,Cotizar,/IMAGENES TOMAS DE AGUA HLTA/HLTA-2214.jpg,,,,CHEVROLET,ASTRA,L4 1.8L,2000 - 2003
HLTA-2214,Toma de agua,POLAR,TOMA DE AGUA,TOMA DE AGUA,HLTA-2214,Cotizar,/IMAGENES TOMAS DE AGUA HLTA/HLTA-2214.jpg,,,,CHEVROLET,CORSA,L4 1.8L,2002 - 2009
HLTA-2214,Toma de agua,POLAR,TOMA DE AGUA,TOMA DE AGUA,HLTA-2214,Cotizar,/IMAGENES TOMAS DE AGUA HLTA/HLTA-2214.jpg,,,,CHEVROLET,MERIVA,L4 1.8L,2006 - 2008
HLTA-2214,Toma de agua,POLAR,TOMA DE AGUA,TOMA DE AGUA,HLTA-2214,Cotizar,/IMAGENES TOMAS DE AGUA HLTA/HLTA-2214.jpg,,,,CHEVROLET,MERIVA,L4 1.8L,2007 - 2008
HLTA-2214,Toma de agua,POLAR,TOMA DE AGUA,TOMA DE AGUA,HLTA-2214,Cotizar,/IMAGENES TOMAS DE AGUA HLTA/HLTA-2214.jpg,,,,CHEVROLET,ZAFIRA,L4 1.8L,2000 - 2005
HLTA-2214,Toma de agua,POLAR,TOMA DE AGUA,TOMA DE AGUA,HLTA-2214,Cotizar,/IMAGENES TOMAS DE AGUA HLTA/HLTA-2214.jpg,,,,CHEVROLET,ZAFIRA,L4 1.8L,2002 - 2006
HLTA-2215,Toma de agua,POLAR,TOMA DE AGUA,TOMA DE AGUA,HLTA-2215,Cotizar,/IMAGENES TOMAS DE AGUA HLTA/HLTA-2215.jpg,,,,Ford,FIESTA,L4 1.6L,2002 - 2010
HLTA-2215,Toma de agua,POLAR,TOMA DE AGUA,TOMA DE AGUA,HLTA-2215,Cotizar,/IMAGENES TOMAS DE AGUA HLTA/HLTA-2215.jpg,,,,Ford,IKON,L4 1.6L,2001 - 2011
HLTA-2215,Toma de agua,POLAR,TOMA DE AGUA,TOMA DE AGUA,HLTA-2215,Cotizar,/IMAGENES TOMAS DE AGUA HLTA/HLTA-2215.jpg,,,,Ford,KA,L4 1.6L,2001 - 2008
HLTA-2216,Toma de agua,POLAR,TOMA DE AGUA,TOMA DE AGUA,HLTA-2216,Cotizar,/IMAGENES TOMAS DE AGUA HLTA/HLTA-2216.jpg,,,,Ford,FIESTA,L4 1.6L,2001 - 2008
HLTA-2216,Toma de agua,POLAR,TOMA DE AGUA,TOMA DE AGUA,HLTA-2216,Cotizar,/IMAGENES TOMAS DE AGUA HLTA/HLTA-2216.jpg,,,,Ford,IKON,L4 1.6L,2001 - 2011
HLTA-2216,Toma de agua,POLAR,TOMA DE AGUA,TOMA DE AGUA,HLTA-2216,Cotizar,/IMAGENES TOMAS DE AGUA HLTA/HLTA-2216.jpg,,,,Ford,KA,L4 1.6L,2001 - 2008
HLTA-2217,Toma de agua,POLAR,TOMA DE AGUA,TOMA DE AGUA,HLTA-2217,Cotizar,/IMAGENES TOMAS DE AGUA HLTA/HLTA-2217.jpg,,,,Ford,FIESTA,L4 1.6L,2002 - 2004
HLTA-2217,Toma de agua,POLAR,TOMA DE AGUA,TOMA DE AGUA,HLTA-2217,Cotizar,/IMAGENES TOMAS DE AGUA HLTA/HLTA-2217.jpg,,,,Ford,IKON,L4 1.6L,2001 - 2007
HLTA-2217,Toma de agua,POLAR,TOMA DE AGUA,TOMA DE AGUA,HLTA-2217,Cotizar,/IMAGENES TOMAS DE AGUA HLTA/HLTA-2217.jpg,,,,Ford,KA,L4 1.6L,2001 - 2008
HLTA-2218,Toma de agua,POLAR,TOMA DE AGUA,TOMA DE AGUA,HLTA-2218,Cotizar,/IMAGENES TOMAS DE AGUA HLTA/HLTA-2218.jpg,,,,Ford,COURIER,L4 1.6L,2001 - 2012
HLTA-2218,Toma de agua,POLAR,TOMA DE AGUA,TOMA DE AGUA,HLTA-2218,Cotizar,/IMAGENES TOMAS DE AGUA HLTA/HLTA-2218.jpg,,,,Ford,FIESTA,L4 1.6L,2002 - 2010
HLTA-2219,Toma de agua,POLAR,TOMA DE AGUA,TOMA DE AGUA,HLTA-2219,Cotizar,/IMAGENES TOMAS DE AGUA HLTA/HLTA-2219.jpg,,,,FORD,COURIER,L4 1.6L,2001 - 2010
HLTA-2219,Toma de agua,POLAR,TOMA DE AGUA,TOMA DE AGUA,HLTA-2219,Cotizar,/IMAGENES TOMAS DE AGUA HLTA/HLTA-2219.jpg,,,,FORD,FIESTA,L4 1.6L,2005 - 2010
HLTA-2220,Toma de agua,POLAR,TOMA DE AGUA,TOMA DE AGUA,HLTA-2220,Cotizar,/IMAGENES TOMAS DE AGUA HLTA/HLTA-2220.jpg,,,,FORD,COURIER,L4 1.6L,2001 - 2012
HLTA-2220,Toma de agua,POLAR,TOMA DE AGUA,TOMA DE AGUA,HLTA-2220,Cotizar,/IMAGENES TOMAS DE AGUA HLTA/HLTA-2220.jpg,,,,FORD,FIESTA,L4 1.6L,2002 - 2010
HLTA-2221,Toma de agua,POLAR,TOMA DE AGUA,TOMA DE AGUA,HLTA-2221,Cotizar,/IMAGENES TOMAS DE AGUA HLTA/HLTA-2221.jpg,,,,FORD,RANGER,V6 3.0L,1991 - 1995
HLTA-2221,Toma de agua,POLAR,TOMA DE AGUA,TOMA DE AGUA,HLTA-2221,Cotizar,/IMAGENES TOMAS DE AGUA HLTA/HLTA-2221.jpg,,,,FORD,RANGER,V6 3.0L,1998 - 2001
HLTA-2221,Toma de agua,POLAR,TOMA DE AGUA,TOMA DE AGUA,HLTA-2221,Cotizar,/IMAGENES TOMAS DE AGUA HLTA/HLTA-2221.jpg,,,,FORD,WINDSTAR,V6 3.0L,1998 - 1999
HLTA-2221,Toma de agua,POLAR,TOMA DE AGUA,TOMA DE AGUA,HLTA-2221,Cotizar,/IMAGENES TOMAS DE AGUA HLTA/HLTA-2221.jpg,,,,MAZDA,B3000 PICKUP,V6 3.0L,1994 - 2001
HLTA-2222,Toma de agua,POLAR,TOMA DE AGUA,TOMA DE AGUA,HLTA-2222,Cotizar,/IMAGENES TOMAS DE AGUA HLTA/HLTA-2222.jpg,,,,HYUNDAI,IX35,L4 2.0L,2013 - 2015
HLTA-2222,Toma de agua,POLAR,TOMA DE AGUA,TOMA DE AGUA,HLTA-2222,Cotizar,/IMAGENES TOMAS DE AGUA HLTA/HLTA-2222.jpg,,,,HYUNDAI,TUCSON,L4 2.0L,2015 - 2020
HLTA-2222,Toma de agua,POLAR,TOMA DE AGUA,TOMA DE AGUA,HLTA-2222,Cotizar,/IMAGENES TOMAS DE AGUA HLTA/HLTA-2222.jpg,,,,KIA,FORTE,L4 2.0L,2016 - 2021
HLTA-2222,Toma de agua,POLAR,TOMA DE AGUA,TOMA DE AGUA,HLTA-2222,Cotizar,/IMAGENES TOMAS DE AGUA HLTA/HLTA-2222.jpg,,,,KIA,SOUL,L4 2.0L,2014 - 2021
HLTA-2222,Toma de agua,POLAR,TOMA DE AGUA,TOMA DE AGUA,HLTA-2222,Cotizar,/IMAGENES TOMAS DE AGUA HLTA/HLTA-2222.jpg,,,,KIA,SPORTAGE,L4 2.0L,2015 - 2021
HLTA-2223,Toma de agua,POLAR,TOMA DE AGUA,TOMA DE AGUA,HLTA-2223,Cotizar,/IMAGENES TOMAS DE AGUA HLTA/HLTA-2223.jpg,,,,INFINITI,G20,L4 2.0L,1991 - 1996
HLTA-2223,Toma de agua,POLAR,TOMA DE AGUA,TOMA DE AGUA,HLTA-2223,Cotizar,/IMAGENES TOMAS DE AGUA HLTA/HLTA-2223.jpg,,,,NISSAN,200SX,L4 2.0L,1995 - 1998
HLTA-2223,Toma de agua,POLAR,TOMA DE AGUA,TOMA DE AGUA,HLTA-2223,Cotizar,/IMAGENES TOMAS DE AGUA HLTA/HLTA-2223.jpg,,,,NISSAN,NX,L4 2.0L,1991 - 1992
HLTA-2223,Toma de agua,POLAR,TOMA DE AGUA,TOMA DE AGUA,HLTA-2223,Cotizar,/IMAGENES TOMAS DE AGUA HLTA/HLTA-2223.jpg,,,,NISSAN,NX2000,L4 2.0L,1993 - 1993
HLTA-2223,Toma de agua,POLAR,TOMA DE AGUA,TOMA DE AGUA,HLTA-2223,Cotizar,/IMAGENES TOMAS DE AGUA HLTA/HLTA-2223.jpg,,,,NISSAN,SENTRA,L4 2.0L,1991 - 1994
HLTA-2223,Toma de agua,POLAR,TOMA DE AGUA,TOMA DE AGUA,HLTA-2223,Cotizar,/IMAGENES TOMAS DE AGUA HLTA/HLTA-2223.jpg,,,,NISSAN,SENTRA,L4 2.0L,1998 - 1999
HLTA-2223,Toma de agua,POLAR,TOMA DE AGUA,TOMA DE AGUA,HLTA-2223,Cotizar,/IMAGENES TOMAS DE AGUA HLTA/HLTA-2223.jpg,,,,NISSAN,TSURU,L4 2.0L,1993 - 1996
HLTA-2224,Toma de agua,POLAR,TOMA DE AGUA,TOMA DE AGUA,HLTA-2224,Cotizar,/IMAGENES TOMAS DE AGUA HLTA/HLTA-2224.jpg,,,,FORD,EXPLORER,V6 4.0L,2006 - 2011
HLTA-2224,Toma de agua,POLAR,TOMA DE AGUA,TOMA DE AGUA,HLTA-2224,Cotizar,/IMAGENES TOMAS DE AGUA HLTA/HLTA-2224.jpg,,,,FORD,EXPLORER,V8 4.6L,2006 - 2011
HLTA-2224,Toma de agua,POLAR,TOMA DE AGUA,TOMA DE AGUA,HLTA-2224,Cotizar,/IMAGENES TOMAS DE AGUA HLTA/HLTA-2224.jpg,,,,FORD,EXPLORER SPORT TRAC,V8 4.6L,2007 - 2011
HLTA-2224,Toma de agua,POLAR,TOMA DE AGUA,TOMA DE AGUA,HLTA-2224,Cotizar,/IMAGENES TOMAS DE AGUA HLTA/HLTA-2224.jpg,,,,FORD,F-150,V8 4.6L,2008 - 2010
HLTA-2224,Toma de agua,POLAR,TOMA DE AGUA,TOMA DE AGUA,HLTA-2224,Cotizar,/IMAGENES TOMAS DE AGUA HLTA/HLTA-2224.jpg,,,,FORD,LOBO,V8 4.6L,2009 - 2010
HLTA-2224,Toma de agua,POLAR,TOMA DE AGUA,TOMA DE AGUA,HLTA-2224,Cotizar,/IMAGENES TOMAS DE AGUA HLTA/HLTA-2224.jpg,,,,FORD,MUSTANG,V8 4.6L,2004 - 2009
HLTA-2224,Toma de agua,POLAR,TOMA DE AGUA,TOMA DE AGUA,HLTA-2224,Cotizar,/IMAGENES TOMAS DE AGUA HLTA/HLTA-2224.jpg,,,,FORD,MUSTANG,V8 5.4L,2007 - 2009
HLTA-2224,Toma de agua,POLAR,TOMA DE AGUA,TOMA DE AGUA,HLTA-2224,Cotizar,/IMAGENES TOMAS DE AGUA HLTA/HLTA-2224.jpg,,,,MERCURY,MOUNTAINEER,V8 4.6L,2005 - 2010
HLTA-2225,Toma de agua,POLAR,TOMA DE AGUA,TOMA DE AGUA,HLTA-2225,Cotizar,/IMAGENES TOMAS DE AGUA HLTA/HLTA-2225.jpg,,,,NISSAN,200SX,L4 1.6L,1995 - 1998
HLTA-2225,Toma de agua,POLAR,TOMA DE AGUA,TOMA DE AGUA,HLTA-2225,Cotizar,/IMAGENES TOMAS DE AGUA HLTA/HLTA-2225.jpg,,,,NISSAN,NX,L4 1.6L,1991 - 1993
HLTA-2225,Toma de agua,POLAR,TOMA DE AGUA,TOMA DE AGUA,HLTA-2225,Cotizar,/IMAGENES TOMAS DE AGUA HLTA/HLTA-2225.jpg,,,,NISSAN,SENTRA,L4 1.6L,1995 - 1999
HLTA-2225,Toma de agua,POLAR,TOMA DE AGUA,TOMA DE AGUA,HLTA-2225,Cotizar,/IMAGENES TOMAS DE AGUA HLTA/HLTA-2225.jpg,,,,NISSAN,TSUBAME,L4 1.6L,1993 - 2004
HLTA-2225,Toma de agua,POLAR,TOMA DE AGUA,TOMA DE AGUA,HLTA-2225,Cotizar,/IMAGENES TOMAS DE AGUA HLTA/HLTA-2225.jpg,,,,NISSAN,TSURU,L4 1.6L,1990 - 2013
HLTA-2226,Toma de agua,POLAR,TOMA DE AGUA,TOMA DE AGUA,HLTA-2226,Cotizar,/IMAGENES TOMAS DE AGUA HLTA/HLTA-2226.jpg,,,,DODGE,DAKOTA,L4 2.5L,1997 - 2002
HLTA-2226,Toma de agua,POLAR,TOMA DE AGUA,TOMA DE AGUA,HLTA-2226,Cotizar,/IMAGENES TOMAS DE AGUA HLTA/HLTA-2226.jpg,,,,JEEP,CHEROKEE,L4 2.5L,1991 - 2001
HLTA-2226,Toma de agua,POLAR,TOMA DE AGUA,TOMA DE AGUA,HLTA-2226,Cotizar,/IMAGENES TOMAS DE AGUA HLTA/HLTA-2226.jpg,,,,JEEP,CHEROKEE,L6 4.0L,1991 - 2001
HLTA-2226,Toma de agua,POLAR,TOMA DE AGUA,TOMA DE AGUA,HLTA-2226,Cotizar,/IMAGENES TOMAS DE AGUA HLTA/HLTA-2226.jpg,,,,JEEP,COMANCHE,L4 2.5L,1987 - 1992
HLTA-2226,Toma de agua,POLAR,TOMA DE AGUA,TOMA DE AGUA,HLTA-2226,Cotizar,/IMAGENES TOMAS DE AGUA HLTA/HLTA-2226.jpg,,,,JEEP,GRAND CHEROKEE,L6 4.0L,1993 - 2004
HLTA-2226,Toma de agua,POLAR,TOMA DE AGUA,TOMA DE AGUA,HLTA-2226,Cotizar,/IMAGENES TOMAS DE AGUA HLTA/HLTA-2226.jpg,,,,JEEP,WRANGLER,L4 2.5L,1991 - 1996
HLTA-2226,Toma de agua,POLAR,TOMA DE AGUA,TOMA DE AGUA,HLTA-2226,Cotizar,/IMAGENES TOMAS DE AGUA HLTA/HLTA-2226.jpg,,,,JEEP,WRANGLER,L4 2.5L,1996 - 2002
HLTA-2226,Toma de agua,POLAR,TOMA DE AGUA,TOMA DE AGUA,HLTA-2226,Cotizar,/IMAGENES TOMAS DE AGUA HLTA/HLTA-2226.jpg,,,,JEEP,WRANGLER,L6 4.0L,1996 - 2007
HLTA-2227,Toma de agua,POLAR,TOMA DE AGUA,TOMA DE AGUA,HLTA-2227,Cotizar,/IMAGENES TOMAS DE AGUA HLTA/HLTA-2227.jpg,,,,TOYOTA,LAND CRUISER,V8 5.7L,2008 - 2021
HLTA-2227,Toma de agua,POLAR,TOMA DE AGUA,TOMA DE AGUA,HLTA-2227,Cotizar,/IMAGENES TOMAS DE AGUA HLTA/HLTA-2227.jpg,,,,TOYOTA,SEQUOIA,V8 4.6L,2010 - 2012
HLTA-2227,Toma de agua,POLAR,TOMA DE AGUA,TOMA DE AGUA,HLTA-2227,Cotizar,/IMAGENES TOMAS DE AGUA HLTA/HLTA-2227.jpg,,,,TOYOTA,SEQUOIA,V8 5.7L,2009 - 2021
HLTA-2227,Toma de agua,POLAR,TOMA DE AGUA,TOMA DE AGUA,HLTA-2227,Cotizar,/IMAGENES TOMAS DE AGUA HLTA/HLTA-2227.jpg,,,,TOYOTA,TUNDRA,V8 5.7L,2007 - 2021
HLTA-2228,Toma de agua,POLAR,TOMA DE AGUA,TOMA DE AGUA,HLTA-2228,Cotizar,/IMAGENES TOMAS DE AGUA HLTA/HLTA-2228.jpg,,,,NISSAN,ALMERA,L4 1.8L,2001 - 2006
HLTA-2228,Toma de agua,POLAR,TOMA DE AGUA,TOMA DE AGUA,HLTA-2228,Cotizar,/IMAGENES TOMAS DE AGUA HLTA/HLTA-2228.jpg,,,,NISSAN,SENTRA,L4 1.8L,2000 - 2006
HLTA-2229,Toma de agua,POLAR,TOMA DE AGUA,TOMA DE AGUA,HLTA-2229,Cotizar,/IMAGENES TOMAS DE AGUA HLTA/HLTA-2229.jpg,,,,CHEVROLET,CAVALIER,L4 2.4L,1996 - 2002
HLTA-2229,Toma de agua,POLAR,TOMA DE AGUA,TOMA DE AGUA,HLTA-2229,Cotizar,/IMAGENES TOMAS DE AGUA HLTA/HLTA-2229.jpg,,,,CHEVROLET,MALIBU,L4 2.4L,1996 - 2002
HLTA-2229,Toma de agua,POLAR,TOMA DE AGUA,TOMA DE AGUA,HLTA-2229,Cotizar,/IMAGENES TOMAS DE AGUA HLTA/HLTA-2229.jpg,,,,PONTIAC,GRAND AM,L4 2.4L,1996 - 2001
HLTA-2229,Toma de agua,POLAR,TOMA DE AGUA,TOMA DE AGUA,HLTA-2229,Cotizar,/IMAGENES TOMAS DE AGUA HLTA/HLTA-2229.jpg,,,,PONTIAC,SUNFIRE,L4 2.4L,1996 - 2002
HLTA-2230,Toma de agua,POLAR,TOMA DE AGUA,TOMA DE AGUA,HLTA-2230,Cotizar,/IMAGENES TOMAS DE AGUA HLTA/HLTA-2230.jpg,,,,AUDI,A1,L4 1.4L,2010 - 2018
HLTA-2230,Toma de agua,POLAR,TOMA DE AGUA,TOMA DE AGUA,HLTA-2230,Cotizar,/IMAGENES TOMAS DE AGUA HLTA/HLTA-2230.jpg,,,,SEAT,IBIZA,L4 1.2L,2013 - 2017
HLTA-2230,Toma de agua,POLAR,TOMA DE AGUA,TOMA DE AGUA,HLTA-2230,Cotizar,/IMAGENES TOMAS DE AGUA HLTA/HLTA-2230.jpg,,,,SEAT,IBIZA SS,L4 1.2L,2011 - 2015
HLTA-2230,Toma de agua,POLAR,TOMA DE AGUA,TOMA DE AGUA,HLTA-2230,Cotizar,/IMAGENES TOMAS DE AGUA HLTA/HLTA-2230.jpg,,,,SEAT,TOLEDO,L4 1.2L,2012 - 2015
HLTA-2230,Toma de agua,POLAR,TOMA DE AGUA,TOMA DE AGUA,HLTA-2230,Cotizar,/IMAGENES TOMAS DE AGUA HLTA/HLTA-2230.jpg,,,,SEAT,TOLEDO,L4 1.4L,2012 - 2019
HLTA-2230,Toma de agua,POLAR,TOMA DE AGUA,TOMA DE AGUA,HLTA-2230,Cotizar,/IMAGENES TOMAS DE AGUA HLTA/HLTA-2230.jpg,,,,VOLKSWAGEN,POLO,L4 1.2L,2013 - 2018
HLTA-2230,Toma de agua,POLAR,TOMA DE AGUA,TOMA DE AGUA,HLTA-2230,Cotizar,/IMAGENES TOMAS DE AGUA HLTA/HLTA-2230.jpg,,,,VOLKSWAGEN,POLO,L4 1.4L,2012 - 2014
HLTA-2231,Toma de agua,POLAR,TOMA DE AGUA,TOMA DE AGUA,HLTA-2231,Cotizar,/IMAGENES TOMAS DE AGUA HLTA/HLTA-2231.jpg,,,,BUICK,CENTURY,V6 3.1L,1994 - 2005
HLTA-2231,Toma de agua,POLAR,TOMA DE AGUA,TOMA DE AGUA,HLTA-2231,Cotizar,/IMAGENES TOMAS DE AGUA HLTA/HLTA-2231.jpg,,,,BUICK,REGAL,V6 3.1L,1994 - 1996
HLTA-2231,Toma de agua,POLAR,TOMA DE AGUA,TOMA DE AGUA,HLTA-2231,Cotizar,/IMAGENES TOMAS DE AGUA HLTA/HLTA-2231.jpg,,,,BUICK,RENDEZVOUS,V6 3.4L,2002 - 2005
HLTA-2231,Toma de agua,POLAR,TOMA DE AGUA,TOMA DE AGUA,HLTA-2231,Cotizar,/IMAGENES TOMAS DE AGUA HLTA/HLTA-2231.jpg,,,,BUICK,RENDEZVOUS,V6 3.5L,2006 - 2007
HLTA-2231,Toma de agua,POLAR,TOMA DE AGUA,TOMA DE AGUA,HLTA-2231,Cotizar,/IMAGENES TOMAS DE AGUA HLTA/HLTA-2231.jpg,,,,BUICK,RENDEZVOUS,V6 3.5L,2005 - 2006
HLTA-2231,Toma de agua,POLAR,TOMA DE AGUA,TOMA DE AGUA,HLTA-2231,Cotizar,/IMAGENES TOMAS DE AGUA HLTA/HLTA-2231.jpg,,,,CHEVROLET,CENTURY,V6 3.1L,1989 - 1996
HLTA-2231,Toma de agua,POLAR,TOMA DE AGUA,TOMA DE AGUA,HLTA-2231,Cotizar,/IMAGENES TOMAS DE AGUA HLTA/HLTA-2231.jpg,,,,CHEVROLET,IMPALA,V6 3.4L,2000 - 2005
HLTA-2231,Toma de agua,POLAR,TOMA DE AGUA,TOMA DE AGUA,HLTA-2231,Cotizar,/IMAGENES TOMAS DE AGUA HLTA/HLTA-2231.jpg,,,,CHEVROLET,LUMINA,V6 3.1L,1995 - 2001
HLTA-2231,Toma de agua,POLAR,TOMA DE AGUA,TOMA DE AGUA,HLTA-2231,Cotizar,/IMAGENES TOMAS DE AGUA HLTA/HLTA-2231.jpg,,,,CHEVROLET,LUMINA,V6 3.4L,1991 - 1997
HLTA-2231,Toma de agua,POLAR,TOMA DE AGUA,TOMA DE AGUA,HLTA-2231,Cotizar,/IMAGENES TOMAS DE AGUA HLTA/HLTA-2231.jpg,,,,CHEVROLET,LUMINA APV,V6 3.4L,1996 - 1996
HLTA-2231,Toma de agua,POLAR,TOMA DE AGUA,TOMA DE AGUA,HLTA-2231,Cotizar,/IMAGENES TOMAS DE AGUA HLTA/HLTA-2231.jpg,,,,CHEVROLET,MALIBU,L4 2.2L,2004 - 2008
HLTA-2231,Toma de agua,POLAR,TOMA DE AGUA,TOMA DE AGUA,HLTA-2231,Cotizar,/IMAGENES TOMAS DE AGUA HLTA/HLTA-2231.jpg,,,,CHEVROLET,MALIBU,V6 3.1L,1997 - 2003
HLTA-2231,Toma de agua,POLAR,TOMA DE AGUA,TOMA DE AGUA,HLTA-2231,Cotizar,/IMAGENES TOMAS DE AGUA HLTA/HLTA-2231.jpg,,,,CHEVROLET,MONTE CARLO,V6 3.1L,1995 - 1999
HLTA-2231,Toma de agua,POLAR,TOMA DE AGUA,TOMA DE AGUA,HLTA-2231,Cotizar,/IMAGENES TOMAS DE AGUA HLTA/HLTA-2231.jpg,,,,CHEVROLET,MONTE CARLO,V6 3.4L,2000 - 2005
HLTA-2231,Toma de agua,POLAR,TOMA DE AGUA,TOMA DE AGUA,HLTA-2231,Cotizar,/IMAGENES TOMAS DE AGUA HLTA/HLTA-2231.jpg,,,,CHEVROLET,MONTE CARLO,V6 3.8L,1999 - 1999
HLTA-2231,Toma de agua,POLAR,TOMA DE AGUA,TOMA DE AGUA,HLTA-2231,Cotizar,/IMAGENES TOMAS DE AGUA HLTA/HLTA-2231.jpg,,,,CHEVROLET,UPLANDER,V6 3.5L,2005 - 2006
HLTA-2231,Toma de agua,POLAR,TOMA DE AGUA,TOMA DE AGUA,HLTA-2231,Cotizar,/IMAGENES TOMAS DE AGUA HLTA/HLTA-2231.jpg,,,,CHEVROLET,VENTURE,V6 3.4L,1997 - 2005
HLTA-2231,Toma de agua,POLAR,TOMA DE AGUA,TOMA DE AGUA,HLTA-2231,Cotizar,/IMAGENES TOMAS DE AGUA HLTA/HLTA-2231.jpg,,,,OLDSMOBILE,CUTLASS,V6 3.1L,1995 - 1999
HLTA-2231,Toma de agua,POLAR,TOMA DE AGUA,TOMA DE AGUA,HLTA-2231,Cotizar,/IMAGENES TOMAS DE AGUA HLTA/HLTA-2231.jpg,,,,OLDSMOBILE,CUTLASS CIERA,V6 3.1L,1994 - 1996
HLTA-2231,Toma de agua,POLAR,TOMA DE AGUA,TOMA DE AGUA,HLTA-2231,Cotizar,/IMAGENES TOMAS DE AGUA HLTA/HLTA-2231.jpg,,,,OLDSMOBILE,CUTLASS CRUISER,V6 3.1L,1994 - 1994
HLTA-2231,Toma de agua,POLAR,TOMA DE AGUA,TOMA DE AGUA,HLTA-2231,Cotizar,/IMAGENES TOMAS DE AGUA HLTA/HLTA-2231.jpg,,,,OLDSMOBILE,CUTLASS SUPREME,V6 3.1L,1994 - 1997
HLTA-2231,Toma de agua,POLAR,TOMA DE AGUA,TOMA DE AGUA,HLTA-2231,Cotizar,/IMAGENES TOMAS DE AGUA HLTA/HLTA-2231.jpg,,,,OLDSMOBILE,CUTLASS SUPREME,V6 3.4L,1994 - 1995
HLTA-2231,Toma de agua,POLAR,TOMA DE AGUA,TOMA DE AGUA,HLTA-2231,Cotizar,/IMAGENES TOMAS DE AGUA HLTA/HLTA-2231.jpg,,,,OLDSMOBILE,SILHOUETTE,V6 3.4L,1996 - 2004
HLTA-2231,Toma de agua,POLAR,TOMA DE AGUA,TOMA DE AGUA,HLTA-2231,Cotizar,/IMAGENES TOMAS DE AGUA HLTA/HLTA-2231.jpg,,,,PONTIAC,AZTEK,V6 3.4L,2001 - 2005
HLTA-2231,Toma de agua,POLAR,TOMA DE AGUA,TOMA DE AGUA,HLTA-2231,Cotizar,/IMAGENES TOMAS DE AGUA HLTA/HLTA-2231.jpg,,,,PONTIAC,GRAND AM,V6 3.1L,1994 - 1998
HLTA-2231,Toma de agua,POLAR,TOMA DE AGUA,TOMA DE AGUA,HLTA-2231,Cotizar,/IMAGENES TOMAS DE AGUA HLTA/HLTA-2231.jpg,,,,PONTIAC,GRAND AM,V6 3.4L,1999 - 2005
HLTA-2231,Toma de agua,POLAR,TOMA DE AGUA,TOMA DE AGUA,HLTA-2231,Cotizar,/IMAGENES TOMAS DE AGUA HLTA/HLTA-2231.jpg,,,,PONTIAC,GRAND PRIX,V6 3.1L,1994 - 2003
HLTA-2231,Toma de agua,POLAR,TOMA DE AGUA,TOMA DE AGUA,HLTA-2231,Cotizar,/IMAGENES TOMAS DE AGUA HLTA/HLTA-2231.jpg,,,,PONTIAC,GRAND PRIX,V6 3.4L,1991 - 1995
HLTA-2231,Toma de agua,POLAR,TOMA DE AGUA,TOMA DE AGUA,HLTA-2231,Cotizar,/IMAGENES TOMAS DE AGUA HLTA/HLTA-2231.jpg,,,,PONTIAC,MONTANA,V6 3.4L,1999 - 2005
HLTA-2231,Toma de agua,POLAR,TOMA DE AGUA,TOMA DE AGUA,HLTA-2231,Cotizar,/IMAGENES TOMAS DE AGUA HLTA/HLTA-2231.jpg,,,,PONTIAC,MONTANA,V6 3.5L,2005 - 2006
HLTA-2231,Toma de agua,POLAR,TOMA DE AGUA,TOMA DE AGUA,HLTA-2231,Cotizar,/IMAGENES TOMAS DE AGUA HLTA/HLTA-2231.jpg,,,,PONTIAC,TRANS SPORT,V6 3.4L,1996 - 1999
HLTA-2231,Toma de agua,POLAR,TOMA DE AGUA,TOMA DE AGUA,HLTA-2231,Cotizar,/IMAGENES TOMAS DE AGUA HLTA/HLTA-2231.jpg,,,,SATURN,RELAY,V6 3.5L,2005 - 2006
HLTA-2231,Toma de agua,POLAR,TOMA DE AGUA,TOMA DE AGUA,HLTA-2231,Cotizar,/IMAGENES TOMAS DE AGUA HLTA/HLTA-2231.jpg,,,,SATURN,RELAY,V6 3.9L,2006 - 2007
HLTA-2232,Toma de agua,POLAR,TOMA DE AGUA,TOMA DE AGUA,HLTA-2232,Cotizar,/IMAGENES TOMAS DE AGUA HLTA/HLTA-2232.jpg,,,,BUICK,LACROSSE,L4 2.4L,2010 - 2015
HLTA-2232,Toma de agua,POLAR,TOMA DE AGUA,TOMA DE AGUA,HLTA-2232,Cotizar,/IMAGENES TOMAS DE AGUA HLTA/HLTA-2232.jpg,,,,BUICK,REGAL,L4 2.0L,2011 - 2013
HLTA-2232,Toma de agua,POLAR,TOMA DE AGUA,TOMA DE AGUA,HLTA-2232,Cotizar,/IMAGENES TOMAS DE AGUA HLTA/HLTA-2232.jpg,,,,BUICK,REGAL,L4 2.0L,2016 - 2016
HLTA-2232,Toma de agua,POLAR,TOMA DE AGUA,TOMA DE AGUA,HLTA-2232,Cotizar,/IMAGENES TOMAS DE AGUA HLTA/HLTA-2232.jpg,,,,BUICK,REGAL,L4 2.4L,2011 - 2016
HLTA-2232,Toma de agua,POLAR,TOMA DE AGUA,TOMA DE AGUA,HLTA-2232,Cotizar,/IMAGENES TOMAS DE AGUA HLTA/HLTA-2232.jpg,,,,BUICK,REGAL,L4 2.4L,2012 - 2017
HLTA-2232,Toma de agua,POLAR,TOMA DE AGUA,TOMA DE AGUA,HLTA-2232,Cotizar,/IMAGENES TOMAS DE AGUA HLTA/HLTA-2232.jpg,,,,CHEVROLET,CAPTIVA,L4 2.4L,2008 - 2010
HLTA-2232,Toma de agua,POLAR,TOMA DE AGUA,TOMA DE AGUA,HLTA-2232,Cotizar,/IMAGENES TOMAS DE AGUA HLTA/HLTA-2232.jpg,,,,CHEVROLET,CAPTIVA SPORT,L4 2.4L,2012 - 2015
HLTA-2232,Toma de agua,POLAR,TOMA DE AGUA,TOMA DE AGUA,HLTA-2232,Cotizar,/IMAGENES TOMAS DE AGUA HLTA/HLTA-2232.jpg,,,,CHEVROLET,EQUINOX,L4 2.4L,2010 - 2016
HLTA-2232,Toma de agua,POLAR,TOMA DE AGUA,TOMA DE AGUA,HLTA-2232,Cotizar,/IMAGENES TOMAS DE AGUA HLTA/HLTA-2232.jpg,,,,CHEVROLET,HHR,L4 2.2L,2006 - 2010
HLTA-2232,Toma de agua,POLAR,TOMA DE AGUA,TOMA DE AGUA,HLTA-2232,Cotizar,/IMAGENES TOMAS DE AGUA HLTA/HLTA-2232.jpg,,,,CHEVROLET,HHR,L4 2.4L,2006 - 2010
HLTA-2232,Toma de agua,POLAR,TOMA DE AGUA,TOMA DE AGUA,HLTA-2232,Cotizar,/IMAGENES TOMAS DE AGUA HLTA/HLTA-2232.jpg,,,,CHEVROLET,MALIBU,L4 2.4L,2008 - 2014
HLTA-2232,Toma de agua,POLAR,TOMA DE AGUA,TOMA DE AGUA,HLTA-2232,Cotizar,/IMAGENES TOMAS DE AGUA HLTA/HLTA-2232.jpg,,,,GMC,TERRAIN,L4 2.4L,2010 - 2015
HLTA-2232,Toma de agua,POLAR,TOMA DE AGUA,TOMA DE AGUA,HLTA-2232,Cotizar,/IMAGENES TOMAS DE AGUA HLTA/HLTA-2232.jpg,,,,PONTIAC,G5,L4 2.2L,2007 - 2009
HLTA-2232,Toma de agua,POLAR,TOMA DE AGUA,TOMA DE AGUA,HLTA-2232,Cotizar,/IMAGENES TOMAS DE AGUA HLTA/HLTA-2232.jpg,,,,PONTIAC,G5,L4 2.4L,2008 - 2008
HLTA-2232,Toma de agua,POLAR,TOMA DE AGUA,TOMA DE AGUA,HLTA-2232,Cotizar,/IMAGENES TOMAS DE AGUA HLTA/HLTA-2232.jpg,,,,PONTIAC,G6,L4 2.4L,2008 - 2009
HLTA-2232,Toma de agua,POLAR,TOMA DE AGUA,TOMA DE AGUA,HLTA-2232,Cotizar,/IMAGENES TOMAS DE AGUA HLTA/HLTA-2232.jpg,,,,PONTIAC,SOLSTICE,L4 2.4L,2006 - 2009
HLTA-2232,Toma de agua,POLAR,TOMA DE AGUA,TOMA DE AGUA,HLTA-2232,Cotizar,/IMAGENES TOMAS DE AGUA HLTA/HLTA-2232.jpg,,,,SATURN,AURA,L4 2.4L,2007 - 2009
HLTA-2232,Toma de agua,POLAR,TOMA DE AGUA,TOMA DE AGUA,HLTA-2232,Cotizar,/IMAGENES TOMAS DE AGUA HLTA/HLTA-2232.jpg,,,,SATURN,VUE,L4 2.4L,2007 - 2009
HLTA-2233,Toma de agua,POLAR,TOMA DE AGUA,TOMA DE AGUA,HLTA-2233,Cotizar,/IMAGENES TOMAS DE AGUA HLTA/HLTA-2233.jpg,,,,CHEVROLET,CAPTIVA,V6 3.2L,2008 - 2008
HLTA-2234,Toma de agua,POLAR,TOMA DE AGUA,TOMA DE AGUA,HLTA-2234,Cotizar,/IMAGENES TOMAS DE AGUA HLTA/HLTA-2234.jpg,,,,CHEVROLET,CAPTIVA SPORT,V6 3.6L,2008 - 2010
HLTA-2234,Toma de agua,POLAR,TOMA DE AGUA,TOMA DE AGUA,HLTA-2234,Cotizar,/IMAGENES TOMAS DE AGUA HLTA/HLTA-2234.jpg,,,,SATURN,VUE,V6 3.6L,2008 - 2009
HLTA-2235,Toma de agua,POLAR,TOMA DE AGUA,TOMA DE AGUA,HLTA-2235,Cotizar,/IMAGENES TOMAS DE AGUA HLTA/HLTA-2235.jpg,,,,CHEVROLET,CAPTIVA SPORT,V6 3.0L,2011 - 2015
HLTA-2235,Toma de agua,POLAR,TOMA DE AGUA,TOMA DE AGUA,HLTA-2235,Cotizar,/IMAGENES TOMAS DE AGUA HLTA/HLTA-2235.jpg,,,,CHEVROLET,EQUINOX,V6 3.0L,2010 - 2012
HLTA-2235,Toma de agua,POLAR,TOMA DE AGUA,TOMA DE AGUA,HLTA-2235,Cotizar,/IMAGENES TOMAS DE AGUA HLTA/HLTA-2235.jpg,,,,CHEVROLET,EQUINOX,V6 3.6L,2013 - 2017
HLTA-2235,Toma de agua,POLAR,TOMA DE AGUA,TOMA DE AGUA,HLTA-2235,Cotizar,/IMAGENES TOMAS DE AGUA HLTA/HLTA-2235.jpg,,,,GMC,TERRAIN,V6 3.0L,2010 - 2012
HLTA-2235,Toma de agua,POLAR,TOMA DE AGUA,TOMA DE AGUA,HLTA-2235,Cotizar,/IMAGENES TOMAS DE AGUA HLTA/HLTA-2235.jpg,,,,GMC,TERRAIN,V6 3.6L,2013 - 2016
HLTA-2236,Toma de agua,POLAR,TOMA DE AGUA,TOMA DE AGUA,HLTA-2236,Cotizar,/IMAGENES TOMAS DE AGUA HLTA/HLTA-2236.jpg,,,,VOLKSWAGEN,AMAROK,L4 2.0L,2010 - 2020
HLTA-2236,Toma de agua,POLAR,TOMA DE AGUA,TOMA DE AGUA,HLTA-2236,Cotizar,/IMAGENES TOMAS DE AGUA HLTA/HLTA-2236.jpg,,,,VOLKSWAGEN,CRAFTER,L4 2.0L,2011 - 2016
HLTA-2236,Toma de agua,POLAR,TOMA DE AGUA,TOMA DE AGUA,HLTA-2236,Cotizar,/IMAGENES TOMAS DE AGUA HLTA/HLTA-2236.jpg,,,,VOLKSWAGEN,CRAFTER,L4 2.0L,2017 - 2021
HLTA-2237,Toma de agua,POLAR,TOMA DE AGUA,TOMA DE AGUA,HLTA-2237,Cotizar,/IMAGENES TOMAS DE AGUA HLTA/HLTA-2237.jpg,,,,VOLKSWAGEN,LUPO,L4 1.6L,2005 - 2009
HLTA-2237,Toma de agua,POLAR,TOMA DE AGUA,TOMA DE AGUA,HLTA-2237,Cotizar,/IMAGENES TOMAS DE AGUA HLTA/HLTA-2237.jpg,,,,VOLKSWAGEN,POLO,L4 1.6L,2003 - 2007
HLTA-2238,Toma de agua,POLAR,TOMA DE AGUA,TOMA DE AGUA,HLTA-2238,Cotizar,/IMAGENES TOMAS DE AGUA HLTA/HLTA-2238.jpg,,,,TOYOTA,4 RUNNER,L4 2.2L,1990 - 1990
HLTA-2239,Toma de agua,POLAR,TOMA DE AGUA,TOMA DE AGUA,HLTA-2239,Cotizar,/IMAGENES TOMAS DE AGUA HLTA/HLTA-2239.jpg,,,,CHEVROLET,C2500,V8 7.4L,1996 - 2000
HLTA-2239,Toma de agua,POLAR,TOMA DE AGUA,TOMA DE AGUA,HLTA-2239,Cotizar,/IMAGENES TOMAS DE AGUA HLTA/HLTA-2239.jpg,,,,CHEVROLET,C2500 SUBURBAN,V8 7.4L,1996 - 1999
HLTA-2239,Toma de agua,POLAR,TOMA DE AGUA,TOMA DE AGUA,HLTA-2239,Cotizar,/IMAGENES TOMAS DE AGUA HLTA/HLTA-2239.jpg,,,,CHEVROLET,C3500 PICKUP,V8 7.4L,1996 - 2000
HLTA-2239,Toma de agua,POLAR,TOMA DE AGUA,TOMA DE AGUA,HLTA-2239,Cotizar,/IMAGENES TOMAS DE AGUA HLTA/HLTA-2239.jpg,,,,CHEVROLET,EXPRESS 3500,V8 7.4L,1996 - 1998
HLTA-2239,Toma de agua,POLAR,TOMA DE AGUA,TOMA DE AGUA,HLTA-2239,Cotizar,/IMAGENES TOMAS DE AGUA HLTA/HLTA-2239.jpg,,,,CHEVROLET,K2500,V8 7.4L,1996 - 2000
HLTA-2239,Toma de agua,POLAR,TOMA DE AGUA,TOMA DE AGUA,HLTA-2239,Cotizar,/IMAGENES TOMAS DE AGUA HLTA/HLTA-2239.jpg,,,,CHEVROLET,K2500 SUBURBAN,V8 7.4L,1996 - 1998
HLTA-2239,Toma de agua,POLAR,TOMA DE AGUA,TOMA DE AGUA,HLTA-2239,Cotizar,/IMAGENES TOMAS DE AGUA HLTA/HLTA-2239.jpg,,,,CHEVROLET,K3500,V8 7.4L,1996 - 1998
HLTA-2239,Toma de agua,POLAR,TOMA DE AGUA,TOMA DE AGUA,HLTA-2239,Cotizar,/IMAGENES TOMAS DE AGUA HLTA/HLTA-2239.jpg,,,,GMC,C2500,V8 7.4L,1996 - 2000
HLTA-2239,Toma de agua,POLAR,TOMA DE AGUA,TOMA DE AGUA,HLTA-2239,Cotizar,/IMAGENES TOMAS DE AGUA HLTA/HLTA-2239.jpg,,,,GMC,C2500 SUBURBAN,V8 7.4L,1996 - 1998
HLTA-2239,Toma de agua,POLAR,TOMA DE AGUA,TOMA DE AGUA,HLTA-2239,Cotizar,/IMAGENES TOMAS DE AGUA HLTA/HLTA-2239.jpg,,,,GMC,C3500,V8 7.4L,1996 - 2000
HLTA-2239,Toma de agua,POLAR,TOMA DE AGUA,TOMA DE AGUA,HLTA-2239,Cotizar,/IMAGENES TOMAS DE AGUA HLTA/HLTA-2239.jpg,,,,GMC,K2500,V8 7.4L,1996 - 2000
HLTA-2239,Toma de agua,POLAR,TOMA DE AGUA,TOMA DE AGUA,HLTA-2239,Cotizar,/IMAGENES TOMAS DE AGUA HLTA/HLTA-2239.jpg,,,,GMC,K2500 SUBURBAN,V8 7.4L,1996 - 1998
HLTA-2239,Toma de agua,POLAR,TOMA DE AGUA,TOMA DE AGUA,HLTA-2239,Cotizar,/IMAGENES TOMAS DE AGUA HLTA/HLTA-2239.jpg,,,,GMC,K3500 PICKUP,V8 7.4L,1996 - 2000
HLTA-2239,Toma de agua,POLAR,TOMA DE AGUA,TOMA DE AGUA,HLTA-2239,Cotizar,/IMAGENES TOMAS DE AGUA HLTA/HLTA-2239.jpg,,,,GMC,P3500,V8 7.4L,1996 - 1998
HLTA-2239,Toma de agua,POLAR,TOMA DE AGUA,TOMA DE AGUA,HLTA-2239,Cotizar,/IMAGENES TOMAS DE AGUA HLTA/HLTA-2239.jpg,,,,GMC,SAVANA 3500,V8 7.4L,1997 - 2000
HLTA-2240,Toma de agua,POLAR,TOMA DE AGUA,TOMA DE AGUA,HLTA-2240,Cotizar,/IMAGENES TOMAS DE AGUA HLTA/HLTA-2240.jpg,,,,VOLKSWAGEN,TRANSPORTER,L4 2.0L,2010 - 2017
HLTA-2241,Toma de agua,POLAR,TOMA DE AGUA,TOMA DE AGUA,HLTA-2241,Cotizar,/IMAGENES TOMAS DE AGUA HLTA/HLTA-2241.jpg,,,,CHEVROLET,S10 PICKUP,L4 2.2L,1998 - 2003
HLTA-2241,Toma de agua,POLAR,TOMA DE AGUA,TOMA DE AGUA,HLTA-2241,Cotizar,/IMAGENES TOMAS DE AGUA HLTA/HLTA-2241.jpg,,,,GMC,SONOMA,L4 2.2L,1998 - 2003
HLTA-2241,Toma de agua,POLAR,TOMA DE AGUA,TOMA DE AGUA,HLTA-2241,Cotizar,/IMAGENES TOMAS DE AGUA HLTA/HLTA-2241.jpg,,,,ISUZU,PICKUP,L4 2.2L,1998 - 2000
HLTA-2242,Toma de agua,POLAR,TOMA DE AGUA,TOMA DE AGUA,HLTA-2242,Cotizar,/IMAGENES TOMAS DE AGUA HLTA/HLTA-2242.jpg,,,,CHEVROLET,S10 PICKUP,L4 2.2L,1998 - 2003
HLTA-2242,Toma de agua,POLAR,TOMA DE AGUA,TOMA DE AGUA,HLTA-2242,Cotizar,/IMAGENES TOMAS DE AGUA HLTA/HLTA-2242.jpg,,,,GMC,SONOMA,L4 2.2L,1998 - 2003
HLTA-2242,Toma de agua,POLAR,TOMA DE AGUA,TOMA DE AGUA,HLTA-2242,Cotizar,/IMAGENES TOMAS DE AGUA HLTA/HLTA-2242.jpg,,,,ISUZU,PICKUP,L4 2.2L,1998 - 2000
HLTA-2243,Toma de agua,POLAR,TOMA DE AGUA,TOMA DE AGUA,HLTA-2243,Cotizar,/IMAGENES TOMAS DE AGUA HLTA/HLTA-2243.jpg,,,,CHEVROLET,ASTRO,V6 4.3L,1996 - 2005
HLTA-2243,Toma de agua,POLAR,TOMA DE AGUA,TOMA DE AGUA,HLTA-2243,Cotizar,/IMAGENES TOMAS DE AGUA HLTA/HLTA-2243.jpg,,,,CHEVROLET,C1500,V6 4.3L,1996 - 1998
HLTA-2243,Toma de agua,POLAR,TOMA DE AGUA,TOMA DE AGUA,HLTA-2243,Cotizar,/IMAGENES TOMAS DE AGUA HLTA/HLTA-2243.jpg,,,,CHEVROLET,EXPRESS 1500,V6 4.3L,1996 - 2012
HLTA-2243,Toma de agua,POLAR,TOMA DE AGUA,TOMA DE AGUA,HLTA-2243,Cotizar,/IMAGENES TOMAS DE AGUA HLTA/HLTA-2243.jpg,,,,CHEVROLET,EXPRESS 2500,V6 4.3L,1996 - 2005
HLTA-2243,Toma de agua,POLAR,TOMA DE AGUA,TOMA DE AGUA,HLTA-2243,Cotizar,/IMAGENES TOMAS DE AGUA HLTA/HLTA-2243.jpg,,,,CHEVROLET,K1500,V6 4.3L,1996 - 1998
HLTA-2243,Toma de agua,POLAR,TOMA DE AGUA,TOMA DE AGUA,HLTA-2243,Cotizar,/IMAGENES TOMAS DE AGUA HLTA/HLTA-2243.jpg,,,,CHEVROLET,P30,V6 4.3L,1996 - 1999
HLTA-2243,Toma de agua,POLAR,TOMA DE AGUA,TOMA DE AGUA,HLTA-2243,Cotizar,/IMAGENES TOMAS DE AGUA HLTA/HLTA-2243.jpg,,,,CHEVROLET,P30,V8 5.7L,1997 - 1999
HLTA-2243,Toma de agua,POLAR,TOMA DE AGUA,TOMA DE AGUA,HLTA-2243,Cotizar,/IMAGENES TOMAS DE AGUA HLTA/HLTA-2243.jpg,,,,GMC,C1500,V6 4.3L,1996 - 1998
HLTA-2243,Toma de agua,POLAR,TOMA DE AGUA,TOMA DE AGUA,HLTA-2243,Cotizar,/IMAGENES TOMAS DE AGUA HLTA/HLTA-2243.jpg,,,,GMC,K1500,V6 4.3L,1996 - 1998
HLTA-2243,Toma de agua,POLAR,TOMA DE AGUA,TOMA DE AGUA,HLTA-2243,Cotizar,/IMAGENES TOMAS DE AGUA HLTA/HLTA-2243.jpg,,,,GMC,P3500,V6 4.3L,1996 - 1999
HLTA-2243,Toma de agua,POLAR,TOMA DE AGUA,TOMA DE AGUA,HLTA-2243,Cotizar,/IMAGENES TOMAS DE AGUA HLTA/HLTA-2243.jpg,,,,GMC,P3500,V8 5.7L,1997 - 1999
HLTA-2243,Toma de agua,POLAR,TOMA DE AGUA,TOMA DE AGUA,HLTA-2243,Cotizar,/IMAGENES TOMAS DE AGUA HLTA/HLTA-2243.jpg,,,,GMC,SAFARI,V6 4.3L,1996 - 2005
HLTA-2243,Toma de agua,POLAR,TOMA DE AGUA,TOMA DE AGUA,HLTA-2243,Cotizar,/IMAGENES TOMAS DE AGUA HLTA/HLTA-2243.jpg,,,,GMC,SAVANA 1500,V6 4.3L,1996 - 2012
HLTA-2243,Toma de agua,POLAR,TOMA DE AGUA,TOMA DE AGUA,HLTA-2243,Cotizar,/IMAGENES TOMAS DE AGUA HLTA/HLTA-2243.jpg,,,,GMC,SAVANA 2500,V6 4.3L,1996 - 2005
HLTA-2244,Toma de agua,POLAR,TOMA DE AGUA,TOMA DE AGUA,HLTA-2244,Cotizar,/IMAGENES TOMAS DE AGUA HLTA/HLTA-2244.jpg,,,,AUDI,A4,L4 1.8L,2011 - 2015
HLTA-2244,Toma de agua,POLAR,TOMA DE AGUA,TOMA DE AGUA,HLTA-2244,Cotizar,/IMAGENES TOMAS DE AGUA HLTA/HLTA-2244.jpg,,,,AUDI,A4,L4 2.0L,2008 - 2013
HLTA-2244,Toma de agua,POLAR,TOMA DE AGUA,TOMA DE AGUA,HLTA-2244,Cotizar,/IMAGENES TOMAS DE AGUA HLTA/HLTA-2244.jpg,,,,AUDI,A5,L4 2.0L,2009 - 2011
HLTA-2244,Toma de agua,POLAR,TOMA DE AGUA,TOMA DE AGUA,HLTA-2244,Cotizar,/IMAGENES TOMAS DE AGUA HLTA/HLTA-2244.jpg,,,,AUDI,A6,L4 2.0L,2016 - 2018
HLTA-2244,Toma de agua,POLAR,TOMA DE AGUA,TOMA DE AGUA,HLTA-2244,Cotizar,/IMAGENES TOMAS DE AGUA HLTA/HLTA-2244.jpg,,,,AUDI,Q5,L4 2.0L,2009 - 2012
HLTA-2245,Toma de agua,POLAR,TOMA DE AGUA,TOMA DE AGUA,HLTA-2245,Cotizar,/IMAGENES TOMAS DE AGUA HLTA/HLTA-2245.jpg,,,,AUDI,A3,L4 2.0L,2004 - 2012
HLTA-2245,Toma de agua,POLAR,TOMA DE AGUA,TOMA DE AGUA,HLTA-2245,Cotizar,/IMAGENES TOMAS DE AGUA HLTA/HLTA-2245.jpg,,,,SEAT,ALTEA,L4 2.0L,2004 - 2009
HLTA-2245,Toma de agua,POLAR,TOMA DE AGUA,TOMA DE AGUA,HLTA-2245,Cotizar,/IMAGENES TOMAS DE AGUA HLTA/HLTA-2245.jpg,,,,SEAT,LEON,L4 2.0L,2007 - 2013
HLTA-2245,Toma de agua,POLAR,TOMA DE AGUA,TOMA DE AGUA,HLTA-2245,Cotizar,/IMAGENES TOMAS DE AGUA HLTA/HLTA-2245.jpg,,,,SEAT,TOLEDO,L4 2.0L,2004 - 2009
HLTA-2245,Toma de agua,POLAR,TOMA DE AGUA,TOMA DE AGUA,HLTA-2245,Cotizar,/IMAGENES TOMAS DE AGUA HLTA/HLTA-2245.jpg,,,,VOLKSWAGEN,GOLF GTI,L4 2.0L,2007 - 2009
HLTA-2245,Toma de agua,POLAR,TOMA DE AGUA,TOMA DE AGUA,HLTA-2245,Cotizar,/IMAGENES TOMAS DE AGUA HLTA/HLTA-2245.jpg,,,,VOLKSWAGEN,PASSAT,L4 2.0L,2005 - 2011
HLTA-2246,Toma de agua,POLAR,TOMA DE AGUA,TOMA DE AGUA,HLTA-2246,Cotizar,/IMAGENES TOMAS DE AGUA HLTA/HLTA-2246.jpg,,,,CADILLAC,ESCALADE,V8 5.7L,1999 - 2000
HLTA-2246,Toma de agua,POLAR,TOMA DE AGUA,TOMA DE AGUA,HLTA-2246,Cotizar,/IMAGENES TOMAS DE AGUA HLTA/HLTA-2246.jpg,,,,CHEVROLET,C1500,V8 5.0L,1996 - 1999
HLTA-2246,Toma de agua,POLAR,TOMA DE AGUA,TOMA DE AGUA,HLTA-2246,Cotizar,/IMAGENES TOMAS DE AGUA HLTA/HLTA-2246.jpg,,,,CHEVROLET,C1500,V8 5.7L,1996 - 1999
HLTA-2246,Toma de agua,POLAR,TOMA DE AGUA,TOMA DE AGUA,HLTA-2246,Cotizar,/IMAGENES TOMAS DE AGUA HLTA/HLTA-2246.jpg,,,,CHEVROLET,C1500 SUBURBAN,V8 5.7L,1996 - 1999
HLTA-2246,Toma de agua,POLAR,TOMA DE AGUA,TOMA DE AGUA,HLTA-2246,Cotizar,/IMAGENES TOMAS DE AGUA HLTA/HLTA-2246.jpg,,,,CHEVROLET,C2500,V8 5.0L,1996 - 1998
HLTA-2246,Toma de agua,POLAR,TOMA DE AGUA,TOMA DE AGUA,HLTA-2246,Cotizar,/IMAGENES TOMAS DE AGUA HLTA/HLTA-2246.jpg,,,,CHEVROLET,C2500,V8 5.7L,1996 - 2000
HLTA-2246,Toma de agua,POLAR,TOMA DE AGUA,TOMA DE AGUA,HLTA-2246,Cotizar,/IMAGENES TOMAS DE AGUA HLTA/HLTA-2246.jpg,,,,CHEVROLET,C2500 SUBURBAN,V8 5.7L,1996 - 1999
HLTA-2246,Toma de agua,POLAR,TOMA DE AGUA,TOMA DE AGUA,HLTA-2246,Cotizar,/IMAGENES TOMAS DE AGUA HLTA/HLTA-2246.jpg,,,,CHEVROLET,C3500 PICKUP,V8 5.7L,1996 - 2000
HLTA-2246,Toma de agua,POLAR,TOMA DE AGUA,TOMA DE AGUA,HLTA-2246,Cotizar,/IMAGENES TOMAS DE AGUA HLTA/HLTA-2246.jpg,,,,CHEVROLET,EXPRESS 1500,V8 5.0L,1996 - 2002
HLTA-2246,Toma de agua,POLAR,TOMA DE AGUA,TOMA DE AGUA,HLTA-2246,Cotizar,/IMAGENES TOMAS DE AGUA HLTA/HLTA-2246.jpg,,,,CHEVROLET,EXPRESS 1500,V8 5.7L,1996 - 2002
HLTA-2246,Toma de agua,POLAR,TOMA DE AGUA,TOMA DE AGUA,HLTA-2246,Cotizar,/IMAGENES TOMAS DE AGUA HLTA/HLTA-2246.jpg,,,,CHEVROLET,EXPRESS 2500,V8 5.0L,1996 - 2002
HLTA-2246,Toma de agua,POLAR,TOMA DE AGUA,TOMA DE AGUA,HLTA-2246,Cotizar,/IMAGENES TOMAS DE AGUA HLTA/HLTA-2246.jpg,,,,CHEVROLET,EXPRESS 2500,V8 5.7L,1996 - 2002
HLTA-2246,Toma de agua,POLAR,TOMA DE AGUA,TOMA DE AGUA,HLTA-2246,Cotizar,/IMAGENES TOMAS DE AGUA HLTA/HLTA-2246.jpg,,,,CHEVROLET,EXPRESS 3500,V8 5.7L,1996 - 2002
HLTA-2246,Toma de agua,POLAR,TOMA DE AGUA,TOMA DE AGUA,HLTA-2246,Cotizar,/IMAGENES TOMAS DE AGUA HLTA/HLTA-2246.jpg,,,,CHEVROLET,G30,V8 5.7L,1996 - 1996
HLTA-2246,Toma de agua,POLAR,TOMA DE AGUA,TOMA DE AGUA,HLTA-2246,Cotizar,/IMAGENES TOMAS DE AGUA HLTA/HLTA-2246.jpg,,,,CHEVROLET,K1500,V8 5.0L,1996 - 1999
HLTA-2246,Toma de agua,POLAR,TOMA DE AGUA,TOMA DE AGUA,HLTA-2246,Cotizar,/IMAGENES TOMAS DE AGUA HLTA/HLTA-2246.jpg,,,,CHEVROLET,K1500,V8 5.7L,1996 - 1999
HLTA-2246,Toma de agua,POLAR,TOMA DE AGUA,TOMA DE AGUA,HLTA-2246,Cotizar,/IMAGENES TOMAS DE AGUA HLTA/HLTA-2246.jpg,,,,CHEVROLET,K1500 SUBURBAN,V8 5.7L,1996 - 1999
HLTA-2246,Toma de agua,POLAR,TOMA DE AGUA,TOMA DE AGUA,HLTA-2246,Cotizar,/IMAGENES TOMAS DE AGUA HLTA/HLTA-2246.jpg,,,,CHEVROLET,K2500,V8 5.0L,1996 - 1998
HLTA-2246,Toma de agua,POLAR,TOMA DE AGUA,TOMA DE AGUA,HLTA-2246,Cotizar,/IMAGENES TOMAS DE AGUA HLTA/HLTA-2246.jpg,,,,CHEVROLET,K2500,V8 5.7L,1996 - 2000
HLTA-2246,Toma de agua,POLAR,TOMA DE AGUA,TOMA DE AGUA,HLTA-2246,Cotizar,/IMAGENES TOMAS DE AGUA HLTA/HLTA-2246.jpg,,,,CHEVROLET,K2500 SUBURBAN,V8 5.7L,1996 - 1999
HLTA-2246,Toma de agua,POLAR,TOMA DE AGUA,TOMA DE AGUA,HLTA-2246,Cotizar,/IMAGENES TOMAS DE AGUA HLTA/HLTA-2246.jpg,,,,CHEVROLET,K3500,V8 5.7L,1996 - 2000
HLTA-2246,Toma de agua,POLAR,TOMA DE AGUA,TOMA DE AGUA,HLTA-2246,Cotizar,/IMAGENES TOMAS DE AGUA HLTA/HLTA-2246.jpg,,,,CHEVROLET,TAHOE,V8 5.7L,1996 - 2000
HLTA-2246,Toma de agua,POLAR,TOMA DE AGUA,TOMA DE AGUA,HLTA-2246,Cotizar,/IMAGENES TOMAS DE AGUA HLTA/HLTA-2246.jpg,,,,GMC,C1500,V8 5.0L,1996 - 1999
HLTA-2246,Toma de agua,POLAR,TOMA DE AGUA,TOMA DE AGUA,HLTA-2246,Cotizar,/IMAGENES TOMAS DE AGUA HLTA/HLTA-2246.jpg,,,,GMC,C1500,V8 5.7L,1996 - 1999
HLTA-2246,Toma de agua,POLAR,TOMA DE AGUA,TOMA DE AGUA,HLTA-2246,Cotizar,/IMAGENES TOMAS DE AGUA HLTA/HLTA-2246.jpg,,,,GMC,C1500 SUBURBAN,V8 5.7L,1996 - 1999
HLTA-2246,Toma de agua,POLAR,TOMA DE AGUA,TOMA DE AGUA,HLTA-2246,Cotizar,/IMAGENES TOMAS DE AGUA HLTA/HLTA-2246.jpg,,,,GMC,C2500,V8 5.0L,1996 - 1998
HLTA-2246,Toma de agua,POLAR,TOMA DE AGUA,TOMA DE AGUA,HLTA-2246,Cotizar,/IMAGENES TOMAS DE AGUA HLTA/HLTA-2246.jpg,,,,GMC,C2500,V8 5.7L,1996 - 2000
HLTA-2246,Toma de agua,POLAR,TOMA DE AGUA,TOMA DE AGUA,HLTA-2246,Cotizar,/IMAGENES TOMAS DE AGUA HLTA/HLTA-2246.jpg,,,,GMC,C2500 SUBURBAN,V8 5.7L,1996 - 1999
HLTA-2246,Toma de agua,POLAR,TOMA DE AGUA,TOMA DE AGUA,HLTA-2246,Cotizar,/IMAGENES TOMAS DE AGUA HLTA/HLTA-2246.jpg,,,,GMC,C3500,V8 5.7L,1996 - 2000
HLTA-2246,Toma de agua,POLAR,TOMA DE AGUA,TOMA DE AGUA,HLTA-2246,Cotizar,/IMAGENES TOMAS DE AGUA HLTA/HLTA-2246.jpg,,,,GMC,G3500,V8 5.7L,1996 - 1996
HLTA-2246,Toma de agua,POLAR,TOMA DE AGUA,TOMA DE AGUA,HLTA-2246,Cotizar,/IMAGENES TOMAS DE AGUA HLTA/HLTA-2246.jpg,,,,GMC,K1500,V8 5.0L,1996 - 1999
HLTA-2246,Toma de agua,POLAR,TOMA DE AGUA,TOMA DE AGUA,HLTA-2246,Cotizar,/IMAGENES TOMAS DE AGUA HLTA/HLTA-2246.jpg,,,,GMC,K1500,V8 5.7L,1996 - 1999
HLTA-2246,Toma de agua,POLAR,TOMA DE AGUA,TOMA DE AGUA,HLTA-2246,Cotizar,/IMAGENES TOMAS DE AGUA HLTA/HLTA-2246.jpg,,,,GMC,K1500 SUBURBAN,V8 5.7L,1996 - 1999
HLTA-2246,Toma de agua,POLAR,TOMA DE AGUA,TOMA DE AGUA,HLTA-2246,Cotizar,/IMAGENES TOMAS DE AGUA HLTA/HLTA-2246.jpg,,,,GMC,K2500,V8 5.0L,1996 - 1998
HLTA-2246,Toma de agua,POLAR,TOMA DE AGUA,TOMA DE AGUA,HLTA-2246,Cotizar,/IMAGENES TOMAS DE AGUA HLTA/HLTA-2246.jpg,,,,GMC,K2500,V8 5.7L,1996 - 2000
HLTA-2246,Toma de agua,POLAR,TOMA DE AGUA,TOMA DE AGUA,HLTA-2246,Cotizar,/IMAGENES TOMAS DE AGUA HLTA/HLTA-2246.jpg,,,,GMC,K2500 SUBURBAN,V8 5.7L,1996 - 1999
HLTA-2246,Toma de agua,POLAR,TOMA DE AGUA,TOMA DE AGUA,HLTA-2246,Cotizar,/IMAGENES TOMAS DE AGUA HLTA/HLTA-2246.jpg,,,,GMC,K3500 PICKUP,V8 5.7L,1996 - 2000
HLTA-2246,Toma de agua,POLAR,TOMA DE AGUA,TOMA DE AGUA,HLTA-2246,Cotizar,/IMAGENES TOMAS DE AGUA HLTA/HLTA-2246.jpg,,,,GMC,SAVANA 1500,V8 5.0L,1996 - 2002
HLTA-2246,Toma de agua,POLAR,TOMA DE AGUA,TOMA DE AGUA,HLTA-2246,Cotizar,/IMAGENES TOMAS DE AGUA HLTA/HLTA-2246.jpg,,,,GMC,SAVANA 1500,V8 5.7L,1996 - 2002
HLTA-2246,Toma de agua,POLAR,TOMA DE AGUA,TOMA DE AGUA,HLTA-2246,Cotizar,/IMAGENES TOMAS DE AGUA HLTA/HLTA-2246.jpg,,,,GMC,SAVANA 2500,V8 5.0L,1996 - 2002
HLTA-2246,Toma de agua,POLAR,TOMA DE AGUA,TOMA DE AGUA,HLTA-2246,Cotizar,/IMAGENES TOMAS DE AGUA HLTA/HLTA-2246.jpg,,,,GMC,SAVANA 2500,V8 5.7L,1996 - 2002
HLTA-2246,Toma de agua,POLAR,TOMA DE AGUA,TOMA DE AGUA,HLTA-2246,Cotizar,/IMAGENES TOMAS DE AGUA HLTA/HLTA-2246.jpg,,,,GMC,SAVANA 3500,V8 5.7L,1996 - 2002
HLTA-2246,Toma de agua,POLAR,TOMA DE AGUA,TOMA DE AGUA,HLTA-2246,Cotizar,/IMAGENES TOMAS DE AGUA HLTA/HLTA-2246.jpg,,,,GMC,YUKON,V8 5.7L,1996 - 2000
HLTA-2247,Toma de agua,POLAR,TOMA DE AGUA,TOMA DE AGUA,HLTA-2247,Cotizar,/IMAGENES TOMAS DE AGUA HLTA/HLTA-2247.jpg,,,,CHRYSLER,GRAND VOYAGER,V6 3.0L,2000 - 2000
HLTA-2247,Toma de agua,POLAR,TOMA DE AGUA,TOMA DE AGUA,HLTA-2247,Cotizar,/IMAGENES TOMAS DE AGUA HLTA/HLTA-2247.jpg,,,,CHRYSLER,VOYAGER,V6 3.0L,2000 - 2000
HLTA-2247,Toma de agua,POLAR,TOMA DE AGUA,TOMA DE AGUA,HLTA-2247,Cotizar,/IMAGENES TOMAS DE AGUA HLTA/HLTA-2247.jpg,,,,DODGE,CARAVAN,V6 3.0L,1996 - 2000
HLTA-2247,Toma de agua,POLAR,TOMA DE AGUA,TOMA DE AGUA,HLTA-2247,Cotizar,/IMAGENES TOMAS DE AGUA HLTA/HLTA-2247.jpg,,,,DODGE,GRAND CARAVAN,V6 3.0L,1996 - 2000
HLTA-2247,Toma de agua,POLAR,TOMA DE AGUA,TOMA DE AGUA,HLTA-2247,Cotizar,/IMAGENES TOMAS DE AGUA HLTA/HLTA-2247.jpg,,,,PLYMOUTH,VOYAGER,V6 3.0L,1996 - 2000
HLTA-2248,Toma de agua,POLAR,TOMA DE AGUA,TOMA DE AGUA,HLTA-2248,Cotizar,/IMAGENES TOMAS DE AGUA HLTA/HLTA-2248.jpg,,,,HONDA,FIT,L4 1.5L,2012 - 2014
HLTA-2249,Toma de agua,POLAR,TOMA DE AGUA,TOMA DE AGUA,HLTA-2249,Cotizar,/IMAGENES TOMAS DE AGUA HLTA/HLTA-2249.jpg,,,,FORD,BRONCO,L6 4.9L,1990 - 1992
HLTA-2249,Toma de agua,POLAR,TOMA DE AGUA,TOMA DE AGUA,HLTA-2249,Cotizar,/IMAGENES TOMAS DE AGUA HLTA/HLTA-2249.jpg,,,,FORD,E-150 Econoline,L6 4.9L,1990 - 1996
HLTA-2249,Toma de agua,POLAR,TOMA DE AGUA,TOMA DE AGUA,HLTA-2249,Cotizar,/IMAGENES TOMAS DE AGUA HLTA/HLTA-2249.jpg,,,,FORD,E-150 Econoline,V8 5.0L,1995 - 1996
HLTA-2249,Toma de agua,POLAR,TOMA DE AGUA,TOMA DE AGUA,HLTA-2249,Cotizar,/IMAGENES TOMAS DE AGUA HLTA/HLTA-2249.jpg,,,,FORD,E-150 Econoline,V8 5.8L,1995 - 1996
HLTA-2249,Toma de agua,POLAR,TOMA DE AGUA,TOMA DE AGUA,HLTA-2249,Cotizar,/IMAGENES TOMAS DE AGUA HLTA/HLTA-2249.jpg,,,,FORD,E-150 Econoline Club Wagon,L6 4.9L,1990 - 1996
HLTA-2249,Toma de agua,POLAR,TOMA DE AGUA,TOMA DE AGUA,HLTA-2249,Cotizar,/IMAGENES TOMAS DE AGUA HLTA/HLTA-2249.jpg,,,,FORD,E-150 Econoline Club Wagon,V8 5.0L,1995 - 1996
HLTA-2249,Toma de agua,POLAR,TOMA DE AGUA,TOMA DE AGUA,HLTA-2249,Cotizar,/IMAGENES TOMAS DE AGUA HLTA/HLTA-2249.jpg,,,,FORD,E-150 Econoline Club Wagon,V8 5.8L,1995 - 1996
HLTA-2249,Toma de agua,POLAR,TOMA DE AGUA,TOMA DE AGUA,HLTA-2249,Cotizar,/IMAGENES TOMAS DE AGUA HLTA/HLTA-2249.jpg,,,,FORD,E-250 Econoline,L6 4.9L,1990 - 1996
HLTA-2249,Toma de agua,POLAR,TOMA DE AGUA,TOMA DE AGUA,HLTA-2249,Cotizar,/IMAGENES TOMAS DE AGUA HLTA/HLTA-2249.jpg,,,,FORD,E-250 Econoline,V8 5.8L,1995 - 1996
HLTA-2249,Toma de agua,POLAR,TOMA DE AGUA,TOMA DE AGUA,HLTA-2249,Cotizar,/IMAGENES TOMAS DE AGUA HLTA/HLTA-2249.jpg,,,,FORD,E-250 Econoline Club Wagon,L6 4.9L,1990 - 1991
HLTA-2249,Toma de agua,POLAR,TOMA DE AGUA,TOMA DE AGUA,HLTA-2249,Cotizar,/IMAGENES TOMAS DE AGUA HLTA/HLTA-2249.jpg,,,,FORD,E-350 Econoline,L6 4.9L,1990 - 1996
HLTA-2249,Toma de agua,POLAR,TOMA DE AGUA,TOMA DE AGUA,HLTA-2249,Cotizar,/IMAGENES TOMAS DE AGUA HLTA/HLTA-2249.jpg,,,,FORD,E-350 Econoline,V8 5.8L,1995 - 1996
HLTA-2249,Toma de agua,POLAR,TOMA DE AGUA,TOMA DE AGUA,HLTA-2249,Cotizar,/IMAGENES TOMAS DE AGUA HLTA/HLTA-2249.jpg,,,,FORD,E-350 Econoline Club Wagon,L6 4.9L,1990 - 1996
HLTA-2249,Toma de agua,POLAR,TOMA DE AGUA,TOMA DE AGUA,HLTA-2249,Cotizar,/IMAGENES TOMAS DE AGUA HLTA/HLTA-2249.jpg,,,,FORD,F-150,L6 4.9L,1990 - 1996
HLTA-2249,Toma de agua,POLAR,TOMA DE AGUA,TOMA DE AGUA,HLTA-2249,Cotizar,/IMAGENES TOMAS DE AGUA HLTA/HLTA-2249.jpg,,,,FORD,F-150,V8 5.0L,1995 - 1996
HLTA-2249,Toma de agua,POLAR,TOMA DE AGUA,TOMA DE AGUA,HLTA-2249,Cotizar,/IMAGENES TOMAS DE AGUA HLTA/HLTA-2249.jpg,,,,FORD,F-150,V8 5.8L,1995 - 1996
HLTA-2249,Toma de agua,POLAR,TOMA DE AGUA,TOMA DE AGUA,HLTA-2249,Cotizar,/IMAGENES TOMAS DE AGUA HLTA/HLTA-2249.jpg,,,,FORD,F-250,L6 4.9L,1990 - 1996
HLTA-2249,Toma de agua,POLAR,TOMA DE AGUA,TOMA DE AGUA,HLTA-2249,Cotizar,/IMAGENES TOMAS DE AGUA HLTA/HLTA-2249.jpg,,,,FORD,F-350,L6 4.9L,1990 - 1996
HLTA-2250,Toma de agua,POLAR,TOMA DE AGUA,TOMA DE AGUA,HLTA-2250,Cotizar,/IMAGENES TOMAS DE AGUA HLTA/HLTA-2250.jpg,,,,TOYOTA,4 RUNNER,L4 2.7L,2010 - 2010
HLTA-2250,Toma de agua,POLAR,TOMA DE AGUA,TOMA DE AGUA,HLTA-2250,Cotizar,/IMAGENES TOMAS DE AGUA HLTA/HLTA-2250.jpg,,,,TOYOTA,HIACE,L4 2.7L,2006 - 2019
HLTA-2250,Toma de agua,POLAR,TOMA DE AGUA,TOMA DE AGUA,HLTA-2250,Cotizar,/IMAGENES TOMAS DE AGUA HLTA/HLTA-2250.jpg,,,,TOYOTA,HILUX,L4 2.7L,2007 - 2022
HLTA-2250,Toma de agua,POLAR,TOMA DE AGUA,TOMA DE AGUA,HLTA-2250,Cotizar,/IMAGENES TOMAS DE AGUA HLTA/HLTA-2250.jpg,,,,TOYOTA,TACOMA,L4 2.7L,2005 - 2022
HLTA-2251,Toma de agua,POLAR,TOMA DE AGUA,TOMA DE AGUA,HLTA-2251,Cotizar,/IMAGENES TOMAS DE AGUA HLTA/HLTA-2251.jpg,,,,AUDI,A3,L4 1.4L,2012 - 2018
HLTA-2251,Toma de agua,POLAR,TOMA DE AGUA,TOMA DE AGUA,HLTA-2251,Cotizar,/IMAGENES TOMAS DE AGUA HLTA/HLTA-2251.jpg,,,,SEAT,ATECA,L4 1.4L,2016 - 2022
HLTA-2251,Toma de agua,POLAR,TOMA DE AGUA,TOMA DE AGUA,HLTA-2251,Cotizar,/IMAGENES TOMAS DE AGUA HLTA/HLTA-2251.jpg,,,,SEAT,LEON,L4 1.4L,2014 - 2020
HLTA-2251,Toma de agua,POLAR,TOMA DE AGUA,TOMA DE AGUA,HLTA-2251,Cotizar,/IMAGENES TOMAS DE AGUA HLTA/HLTA-2251.jpg,,,,VOLKSWAGEN,TIGUAN,L4 1.4L,2016 - 2021
HLTA-2252,Toma de agua,POLAR,TOMA DE AGUA,TOMA DE AGUA,HLTA-2252,Cotizar,/IMAGENES TOMAS DE AGUA HLTA/HLTA-2252.jpg,,,,AUDI,A3,L4 1.8L,2008 - 2013
HLTA-2252,Toma de agua,POLAR,TOMA DE AGUA,TOMA DE AGUA,HLTA-2252,Cotizar,/IMAGENES TOMAS DE AGUA HLTA/HLTA-2252.jpg,,,,AUDI,A3,L4 2.0L,2004 - 2012
HLTA-2252,Toma de agua,POLAR,TOMA DE AGUA,TOMA DE AGUA,HLTA-2252,Cotizar,/IMAGENES TOMAS DE AGUA HLTA/HLTA-2252.jpg,,,,SEAT,ALTEA,L4 2.0L,2005 - 2006
HLTA-2252,Toma de agua,POLAR,TOMA DE AGUA,TOMA DE AGUA,HLTA-2252,Cotizar,/IMAGENES TOMAS DE AGUA HLTA/HLTA-2252.jpg,,,,SEAT,ALTEA XL,L4 2.0L,2006 - 2009
HLTA-2252,Toma de agua,POLAR,TOMA DE AGUA,TOMA DE AGUA,HLTA-2252,Cotizar,/IMAGENES TOMAS DE AGUA HLTA/HLTA-2252.jpg,,,,SEAT,FREETRACK,L4 2.0L,2009 - 2015
HLTA-2252,Toma de agua,POLAR,TOMA DE AGUA,TOMA DE AGUA,HLTA-2252,Cotizar,/IMAGENES TOMAS DE AGUA HLTA/HLTA-2252.jpg,,,,SEAT,LEON,L4 2.0L,2009 - 2013
HLTA-2252,Toma de agua,POLAR,TOMA DE AGUA,TOMA DE AGUA,HLTA-2252,Cotizar,/IMAGENES TOMAS DE AGUA HLTA/HLTA-2252.jpg,,,,SEAT,TOLEDO,L4 2.0L,2004 - 209
HLTA-2252,Toma de agua,POLAR,TOMA DE AGUA,TOMA DE AGUA,HLTA-2252,Cotizar,/IMAGENES TOMAS DE AGUA HLTA/HLTA-2252.jpg,,,,VOLKSWAGEN,CADDY,L4 1.2L,2010 - 2015
HLTA-2252,Toma de agua,POLAR,TOMA DE AGUA,TOMA DE AGUA,HLTA-2252,Cotizar,/IMAGENES TOMAS DE AGUA HLTA/HLTA-2252.jpg,,,,VOLKSWAGEN,CADDY MAXI,L4 1.2L,2010 - 2015
HLTA-2253,Toma de agua,POLAR,TOMA DE AGUA,TOMA DE AGUA,HLTA-2253,Cotizar,/IMAGENES TOMAS DE AGUA HLTA/HLTA-2253.jpg,,,,AUDI,A3,L4 1.4L,2012 - 2016
HLTA-2253,Toma de agua,POLAR,TOMA DE AGUA,TOMA DE AGUA,HLTA-2253,Cotizar,/IMAGENES TOMAS DE AGUA HLTA/HLTA-2253.jpg,,,,AUDI,A3,L4 1.4L,2014 - 2020
HLTA-2253,Toma de agua,POLAR,TOMA DE AGUA,TOMA DE AGUA,HLTA-2253,Cotizar,/IMAGENES TOMAS DE AGUA HLTA/HLTA-2253.jpg,,,,AUDI,Q2,L4 1.4L,2016 - 2018
HLTA-2253,Toma de agua,POLAR,TOMA DE AGUA,TOMA DE AGUA,HLTA-2253,Cotizar,/IMAGENES TOMAS DE AGUA HLTA/HLTA-2253.jpg,,,,SEAT,ATECA,L4 1.4L,2016 - 2020
HLTA-2253,Toma de agua,POLAR,TOMA DE AGUA,TOMA DE AGUA,HLTA-2253,Cotizar,/IMAGENES TOMAS DE AGUA HLTA/HLTA-2253.jpg,,,,SEAT,IBIZA,L4 1.0L,2017 - 2022
HLTA-2253,Toma de agua,POLAR,TOMA DE AGUA,TOMA DE AGUA,HLTA-2253,Cotizar,/IMAGENES TOMAS DE AGUA HLTA/HLTA-2253.jpg,,,,SEAT,LEON,L4 1.4L,2014 - 2015
HLTA-2253,Toma de agua,POLAR,TOMA DE AGUA,TOMA DE AGUA,HLTA-2253,Cotizar,/IMAGENES TOMAS DE AGUA HLTA/HLTA-2253.jpg,,,,SEAT,LEON,L4 1.4L,2017 - 2018
HLTA-2253,Toma de agua,POLAR,TOMA DE AGUA,TOMA DE AGUA,HLTA-2253,Cotizar,/IMAGENES TOMAS DE AGUA HLTA/HLTA-2253.jpg,,,,VOLKSWAGEN,GOLF,L4 1.4L,2014 - 2017
HLTA-2253,Toma de agua,POLAR,TOMA DE AGUA,TOMA DE AGUA,HLTA-2253,Cotizar,/IMAGENES TOMAS DE AGUA HLTA/HLTA-2253.jpg,,,,VOLKSWAGEN,TIGUAN,L4 1.4L,2016 - 2020
HLTA-2254,Toma de agua,POLAR,TOMA DE AGUA,TOMA DE AGUA,HLTA-2254,Cotizar,/IMAGENES TOMAS DE AGUA HLTA/HLTA-2254.jpg,,,,FORD,BRONCO,L6 4.9L,1990 - 1990
HLTA-2254,Toma de agua,POLAR,TOMA DE AGUA,TOMA DE AGUA,HLTA-2254,Cotizar,/IMAGENES TOMAS DE AGUA HLTA/HLTA-2254.jpg,,,,FORD,E-150 Econoline,L6 4.9L,1990 - 1990
HLTA-2254,Toma de agua,POLAR,TOMA DE AGUA,TOMA DE AGUA,HLTA-2254,Cotizar,/IMAGENES TOMAS DE AGUA HLTA/HLTA-2254.jpg,,,,FORD,E-150 Econoline Club Wagon,L6 4.9L,1990 - 1990
HLTA-2254,Toma de agua,POLAR,TOMA DE AGUA,TOMA DE AGUA,HLTA-2254,Cotizar,/IMAGENES TOMAS DE AGUA HLTA/HLTA-2254.jpg,,,,FORD,E-250 Econoline,L6 4.9L,1990 - 1990
HLTA-2254,Toma de agua,POLAR,TOMA DE AGUA,TOMA DE AGUA,HLTA-2254,Cotizar,/IMAGENES TOMAS DE AGUA HLTA/HLTA-2254.jpg,,,,FORD,E-250 Econoline Club Wagon,L6 4.9L,1990 - 1990
HLTA-2254,Toma de agua,POLAR,TOMA DE AGUA,TOMA DE AGUA,HLTA-2254,Cotizar,/IMAGENES TOMAS DE AGUA HLTA/HLTA-2254.jpg,,,,FORD,E-350 Econoline,L6 4.9L,1990 - 1990
HLTA-2254,Toma de agua,POLAR,TOMA DE AGUA,TOMA DE AGUA,HLTA-2254,Cotizar,/IMAGENES TOMAS DE AGUA HLTA/HLTA-2254.jpg,,,,FORD,E-350 Econoline Club Wagon,L6 4.9L,1990 - 1990
HLTA-2254,Toma de agua,POLAR,TOMA DE AGUA,TOMA DE AGUA,HLTA-2254,Cotizar,/IMAGENES TOMAS DE AGUA HLTA/HLTA-2254.jpg,,,,FORD,F-150,L6 4.9L,1990 - 1990
HLTA-2254,Toma de agua,POLAR,TOMA DE AGUA,TOMA DE AGUA,HLTA-2254,Cotizar,/IMAGENES TOMAS DE AGUA HLTA/HLTA-2254.jpg,,,,FORD,F-250,L6 4.9L,1990 - 1990
HLTA-2254,Toma de agua,POLAR,TOMA DE AGUA,TOMA DE AGUA,HLTA-2254,Cotizar,/IMAGENES TOMAS DE AGUA HLTA/HLTA-2254.jpg,,,,FORD,F-350,L6 4.9L,1990 - 1990
HLTA-2255,Toma de agua,POLAR,TOMA DE AGUA,TOMA DE AGUA,HLTA-2255,Cotizar,/IMAGENES TOMAS DE AGUA HLTA/HLTA-2255.jpg,,,,DODGE,ATTITUDE,L4 1.6L,2005 - 2011
HLTA-2255,Toma de agua,POLAR,TOMA DE AGUA,TOMA DE AGUA,HLTA-2255,Cotizar,/IMAGENES TOMAS DE AGUA HLTA/HLTA-2255.jpg,,,,DODGE,ATTITUDE,L4 1.6L,2006 - 2011
HLTA-2255,Toma de agua,POLAR,TOMA DE AGUA,TOMA DE AGUA,HLTA-2255,Cotizar,/IMAGENES TOMAS DE AGUA HLTA/HLTA-2255.jpg,,,,HYUNDAI,VERNA,L4 1.6L,2002 - 2006
HLTA-2256,Toma de agua,POLAR,TOMA DE AGUA,TOMA DE AGUA,HLTA-2256,Cotizar,/IMAGENES TOMAS DE AGUA HLTA/HLTA-2256.jpg,,,,AUDI,A3,L4 1.4L,2013 - 2017
HLTA-2256,Toma de agua,POLAR,TOMA DE AGUA,TOMA DE AGUA,HLTA-2256,Cotizar,/IMAGENES TOMAS DE AGUA HLTA/HLTA-2256.jpg,,,,SEAT,LEON,L4 1.4L,2013 - 2017
HLTA-2256,Toma de agua,POLAR,TOMA DE AGUA,TOMA DE AGUA,HLTA-2256,Cotizar,/IMAGENES TOMAS DE AGUA HLTA/HLTA-2256.jpg,,,,VOLKSWAGEN,GOLF,L4 1.4L,2014 - 2019
HLTA-2257,Toma de agua,POLAR,TOMA DE AGUA,TOMA DE AGUA,HLTA-2257,Cotizar,/IMAGENES TOMAS DE AGUA HLTA/HLTA-2257.jpg,,,,FORD,E-150 Econoline,V6 4.2L,1997 - 2003
HLTA-2257,Toma de agua,POLAR,TOMA DE AGUA,TOMA DE AGUA,HLTA-2257,Cotizar,/IMAGENES TOMAS DE AGUA HLTA/HLTA-2257.jpg,,,,FORD,E-250 Econoline,V6 4.2L,1997 - 2003
HLTA-2257,Toma de agua,POLAR,TOMA DE AGUA,TOMA DE AGUA,HLTA-2257,Cotizar,/IMAGENES TOMAS DE AGUA HLTA/HLTA-2257.jpg,,,,FORD,F-150,V6 4.2L,1997 - 2008
HLTA-2257,Toma de agua,POLAR,TOMA DE AGUA,TOMA DE AGUA,HLTA-2257,Cotizar,/IMAGENES TOMAS DE AGUA HLTA/HLTA-2257.jpg,,,,FORD,WINDSTAR,V6 3.8L,1996 - 1997
HLTA-2258,Toma de agua,POLAR,TOMA DE AGUA,TOMA DE AGUA,HLTA-2258,Cotizar,/IMAGENES TOMAS DE AGUA HLTA/HLTA-2258.jpg,,,,AUDI,A3,L4 1.4L,2012 - 2014
HLTA-2258,Toma de agua,POLAR,TOMA DE AGUA,TOMA DE AGUA,HLTA-2258,Cotizar,/IMAGENES TOMAS DE AGUA HLTA/HLTA-2258.jpg,,,,AUDI,A3,L4 1.4L,2014 - 2016
HLTA-2258,Toma de agua,POLAR,TOMA DE AGUA,TOMA DE AGUA,HLTA-2258,Cotizar,/IMAGENES TOMAS DE AGUA HLTA/HLTA-2258.jpg,,,,AUDI,A3,L4 1.4L,2014 - 2020
HLTA-2258,Toma de agua,POLAR,TOMA DE AGUA,TOMA DE AGUA,HLTA-2258,Cotizar,/IMAGENES TOMAS DE AGUA HLTA/HLTA-2258.jpg,,,,AUDI,A3,L4 1.4L,2016 - 2018
HLTA-2258,Toma de agua,POLAR,TOMA DE AGUA,TOMA DE AGUA,HLTA-2258,Cotizar,/IMAGENES TOMAS DE AGUA HLTA/HLTA-2258.jpg,,,,AUDI,Q2,L4 1.4L,2016 - 2018
HLTA-2258,Toma de agua,POLAR,TOMA DE AGUA,TOMA DE AGUA,HLTA-2258,Cotizar,/IMAGENES TOMAS DE AGUA HLTA/HLTA-2258.jpg,,,,SEAT,ATECA,L4 1.4L,2016 - 2020
HLTA-2258,Toma de agua,POLAR,TOMA DE AGUA,TOMA DE AGUA,HLTA-2258,Cotizar,/IMAGENES TOMAS DE AGUA HLTA/HLTA-2258.jpg,,,,SEAT,IBIZA,L4 1.0L,2017 - 2022
HLTA-2258,Toma de agua,POLAR,TOMA DE AGUA,TOMA DE AGUA,HLTA-2258,Cotizar,/IMAGENES TOMAS DE AGUA HLTA/HLTA-2258.jpg,,,,SEAT,LEON,L4 1.4L,2014 - 2015
HLTA-2258,Toma de agua,POLAR,TOMA DE AGUA,TOMA DE AGUA,HLTA-2258,Cotizar,/IMAGENES TOMAS DE AGUA HLTA/HLTA-2258.jpg,,,,SEAT,LEON,L4 1.4L,2017 - 2018
HLTA-2258,Toma de agua,POLAR,TOMA DE AGUA,TOMA DE AGUA,HLTA-2258,Cotizar,/IMAGENES TOMAS DE AGUA HLTA/HLTA-2258.jpg,,,,VOLKSWAGEN,GOLF,L4 1.4L,2014 - 2017
HLTA-2258,Toma de agua,POLAR,TOMA DE AGUA,TOMA DE AGUA,HLTA-2258,Cotizar,/IMAGENES TOMAS DE AGUA HLTA/HLTA-2258.jpg,,,,VOLKSWAGEN,TIGUAN,L4 1.4L,2016 - 2020
HLTA-2259,Toma de agua,POLAR,TOMA DE AGUA,TOMA DE AGUA,HLTA-2259,Cotizar,/IMAGENES TOMAS DE AGUA HLTA/HLTA-2259.jpg,,,,CHEVROLET,ONIX,L3 1.0L,2020 - 2023
HLTA-2259,Toma de agua,POLAR,TOMA DE AGUA,TOMA DE AGUA,HLTA-2259,Cotizar,/IMAGENES TOMAS DE AGUA HLTA/HLTA-2259.jpg,,,,CHEVROLET,ONIX,L3 1.2L,2020 - 2023
HLTA-2259,Toma de agua,POLAR,TOMA DE AGUA,TOMA DE AGUA,HLTA-2259,Cotizar,/IMAGENES TOMAS DE AGUA HLTA/HLTA-2259.jpg,,,,CHEVROLET,TRACKER,L4 1.2L,2020 - 2023
HLTA-2260,Toma de agua,POLAR,TOMA DE AGUA,TOMA DE AGUA,HLTA-2260,Cotizar,/IMAGENES TOMAS DE AGUA HLTA/HLTA-2260.jpg,,,,MAZDA,3,L4 2.0L,2015 - 2018
HLTA-2260,Toma de agua,POLAR,TOMA DE AGUA,TOMA DE AGUA,HLTA-2260,Cotizar,/IMAGENES TOMAS DE AGUA HLTA/HLTA-2260.jpg,,,,MAZDA,3,L4 2.5L,2016 - 2018
HLTA-2260,Toma de agua,POLAR,TOMA DE AGUA,TOMA DE AGUA,HLTA-2260,Cotizar,/IMAGENES TOMAS DE AGUA HLTA/HLTA-2260.jpg,,,,MAZDA,6,L4 2.5L,2009 - 2018
HLTA-2260,Toma de agua,POLAR,TOMA DE AGUA,TOMA DE AGUA,HLTA-2260,Cotizar,/IMAGENES TOMAS DE AGUA HLTA/HLTA-2260.jpg,,,,MAZDA,CX-3,L4 2.0L,2016 - 2018
HLTA-2260,Toma de agua,POLAR,TOMA DE AGUA,TOMA DE AGUA,HLTA-2260,Cotizar,/IMAGENES TOMAS DE AGUA HLTA/HLTA-2260.jpg,,,,MAZDA,CX-5,L4 2.0L,2012 - 2017
HLTA-2260,Toma de agua,POLAR,TOMA DE AGUA,TOMA DE AGUA,HLTA-2260,Cotizar,/IMAGENES TOMAS DE AGUA HLTA/HLTA-2260.jpg,,,,MAZDA,CX-5,L4 2.5L,2015 - 2018
HLTA-2261,Toma de agua,POLAR,TOMA DE AGUA,TOMA DE AGUA,HLTA-2261,Cotizar,/IMAGENES TOMAS DE AGUA HLTA/HLTA-2261.jpg,,,,FORD,CONTOUR,L4 2.0L,1999 - 2000
HLTA-2261,Toma de agua,POLAR,TOMA DE AGUA,TOMA DE AGUA,HLTA-2261,Cotizar,/IMAGENES TOMAS DE AGUA HLTA/HLTA-2261.jpg,,,,FORD,ESCORT,L4 2.0L,2000 - 2003
HLTA-2261,Toma de agua,POLAR,TOMA DE AGUA,TOMA DE AGUA,HLTA-2261,Cotizar,/IMAGENES TOMAS DE AGUA HLTA/HLTA-2261.jpg,,,,FORD,FOCUS,L4 2.0L,2002 - 2004
HLTA-2261,Toma de agua,POLAR,TOMA DE AGUA,TOMA DE AGUA,HLTA-2261,Cotizar,/IMAGENES TOMAS DE AGUA HLTA/HLTA-2261.jpg,,,,MERCURY,MYSTIQUE,L4 2.0L,2000 - 2000
HLTA-2262,Toma de agua,POLAR,TOMA DE AGUA,TOMA DE AGUA,HLTA-2262,Cotizar,/IMAGENES TOMAS DE AGUA HLTA/HLTA-2262.jpg,,,,FORD,ESCAPE,L4 2.0L,2000 - 2004
HLTA-2262,Toma de agua,POLAR,TOMA DE AGUA,TOMA DE AGUA,HLTA-2262,Cotizar,/IMAGENES TOMAS DE AGUA HLTA/HLTA-2262.jpg,,,,FORD,FOCUS,L4 2.0L,2000 - 2007
HLTA-2262,Toma de agua,POLAR,TOMA DE AGUA,TOMA DE AGUA,HLTA-2262,Cotizar,/IMAGENES TOMAS DE AGUA HLTA/HLTA-2262.jpg,,,,MAZDA,TRIBUTE,L4 2.0L,2001 - 2004
HLTA-2262,Toma de agua,POLAR,TOMA DE AGUA,TOMA DE AGUA,HLTA-2262,Cotizar,/IMAGENES TOMAS DE AGUA HLTA/HLTA-2262.jpg,,,,MERCURY,COUGAR,L4 2.0L,1999 - 2002
HLTA-2263,Toma de agua,POLAR,TOMA DE AGUA,TOMA DE AGUA,HLTA-2263,Cotizar,/IMAGENES TOMAS DE AGUA HLTA/HLTA-2263.jpg,,,,FORD,CONTOUR,L4 2.0L,1999 - 2000
HLTA-2263,Toma de agua,POLAR,TOMA DE AGUA,TOMA DE AGUA,HLTA-2263,Cotizar,/IMAGENES TOMAS DE AGUA HLTA/HLTA-2263.jpg,,,,FORD,ESCORT,L4 2.0L,2000 - 2003
HLTA-2263,Toma de agua,POLAR,TOMA DE AGUA,TOMA DE AGUA,HLTA-2263,Cotizar,/IMAGENES TOMAS DE AGUA HLTA/HLTA-2263.jpg,,,,FORD,FOCUS,L4 2.0L,2002 - 2004
HLTA-2263,Toma de agua,POLAR,TOMA DE AGUA,TOMA DE AGUA,HLTA-2263,Cotizar,/IMAGENES TOMAS DE AGUA HLTA/HLTA-2263.jpg,,,,MERCURY,MYSTIQUE,L4 2.0L,2000 - 2000
HLTA-2264,Toma de agua,POLAR,TOMA DE AGUA,TOMA DE AGUA,HLTA-2264,Cotizar,/IMAGENES TOMAS DE AGUA HLTA/HLTA-2264.jpg,,,,FORD,CONTOUR,L4 2.0L,1999 - 2000
HLTA-2264,Toma de agua,POLAR,TOMA DE AGUA,TOMA DE AGUA,HLTA-2264,Cotizar,/IMAGENES TOMAS DE AGUA HLTA/HLTA-2264.jpg,,,,FORD,ESCORT,L4 2.0L,2000 - 2003
HLTA-2264,Toma de agua,POLAR,TOMA DE AGUA,TOMA DE AGUA,HLTA-2264,Cotizar,/IMAGENES TOMAS DE AGUA HLTA/HLTA-2264.jpg,,,,FORD,FOCUS,L4 2.0L,2002 - 2004
HLTA-2264,Toma de agua,POLAR,TOMA DE AGUA,TOMA DE AGUA,HLTA-2264,Cotizar,/IMAGENES TOMAS DE AGUA HLTA/HLTA-2264.jpg,,,,MERCURY,MYSTIQUE,L4 2.0L,2000 - 2000
HLTA-2265,Toma de agua,POLAR,TOMA DE AGUA,TOMA DE AGUA,HLTA-2265,Cotizar,/IMAGENES TOMAS DE AGUA HLTA/HLTA-2265.jpg,,,,FORD,RANGER,L4 2.3L,1992 - 1994
HLTA-2266,Toma de agua,POLAR,TOMA DE AGUA,TOMA DE AGUA,HLTA-2266,Cotizar,/IMAGENES TOMAS DE AGUA HLTA/HLTA-2266.jpg,,,,FORD,ESCAPE,L4 2.0L,2000 - 2004
HLTA-2266,Toma de agua,POLAR,TOMA DE AGUA,TOMA DE AGUA,HLTA-2266,Cotizar,/IMAGENES TOMAS DE AGUA HLTA/HLTA-2266.jpg,,,,FORD,FOCUS,L4 2.0L,2000 - 2004
HLTA-2266,Toma de agua,POLAR,TOMA DE AGUA,TOMA DE AGUA,HLTA-2266,Cotizar,/IMAGENES TOMAS DE AGUA HLTA/HLTA-2266.jpg,,,,MAZDA,TRIBUTE,L4 2.0L,2001 - 2004
HLTA-2267,Toma de agua,POLAR,TOMA DE AGUA,TOMA DE AGUA,HLTA-2267,Cotizar,/IMAGENES TOMAS DE AGUA HLTA/HLTA-2267.jpg,,,,FORD,ESCAPE,L4 2.0L,2000 - 2004
HLTA-2267,Toma de agua,POLAR,TOMA DE AGUA,TOMA DE AGUA,HLTA-2267,Cotizar,/IMAGENES TOMAS DE AGUA HLTA/HLTA-2267.jpg,,,,FORD,FOCUS,L4 2.0L,2000 - 2004
HLTA-2267,Toma de agua,POLAR,TOMA DE AGUA,TOMA DE AGUA,HLTA-2267,Cotizar,/IMAGENES TOMAS DE AGUA HLTA/HLTA-2267.jpg,,,,MAZDA,TRIBUTE,L4 2.0L,2001 - 2004
HLTA-2267,Toma de agua,POLAR,TOMA DE AGUA,TOMA DE AGUA,HLTA-2267,Cotizar,/IMAGENES TOMAS DE AGUA HLTA/HLTA-2267.jpg,,,,MERCURY,COUGAR,L4 2.0L,1999 - 2002
HLTA-2268,Toma de agua,POLAR,TOMA DE AGUA,TOMA DE AGUA,HLTA-2268,Cotizar,/IMAGENES TOMAS DE AGUA HLTA/HLTA-2268.jpg,,,,FORD,RANGER,V6 3.0L,1995 - 1997
HLTA-2269,Toma de agua,POLAR,TOMA DE AGUA,TOMA DE AGUA,HLTA-2269,Cotizar,/IMAGENES TOMAS DE AGUA HLTA/HLTA-2269.jpg,,,,MAZDA,B2300 PICKUP,L4 2.3L,1994 - 1997
HLTA-2270,Toma de agua,POLAR,TOMA DE AGUA,TOMA DE AGUA,HLTA-2270,Cotizar,/IMAGENES TOMAS DE AGUA HLTA/HLTA-2270.jpg,,,,FORD,ECOSPORT,L4 2.0L,2003 - 2013
HLTA-2270,Toma de agua,POLAR,TOMA DE AGUA,TOMA DE AGUA,HLTA-2270,Cotizar,/IMAGENES TOMAS DE AGUA HLTA/HLTA-2270.jpg,,,,FORD,ESCAPE,L4 2.0L,2013 - 2016
HLTA-2270,Toma de agua,POLAR,TOMA DE AGUA,TOMA DE AGUA,HLTA-2270,Cotizar,/IMAGENES TOMAS DE AGUA HLTA/HLTA-2270.jpg,,,,FORD,EXPLORER,L4 2.0L,2012 - 2015
HLTA-2270,Toma de agua,POLAR,TOMA DE AGUA,TOMA DE AGUA,HLTA-2270,Cotizar,/IMAGENES TOMAS DE AGUA HLTA/HLTA-2270.jpg,,,,FORD,EXPLORER,L4 2.0L,2013 - 2015
HLTA-2270,Toma de agua,POLAR,TOMA DE AGUA,TOMA DE AGUA,HLTA-2270,Cotizar,/IMAGENES TOMAS DE AGUA HLTA/HLTA-2270.jpg,,,,FORD,FOCUS,L4 2.0L,2013 - 2017
HLTA-2270,Toma de agua,POLAR,TOMA DE AGUA,TOMA DE AGUA,HLTA-2270,Cotizar,/IMAGENES TOMAS DE AGUA HLTA/HLTA-2270.jpg,,,,FORD,FUSION,L4 2.0L,2013 - 2016
HLTA-2270,Toma de agua,POLAR,TOMA DE AGUA,TOMA DE AGUA,HLTA-2270,Cotizar,/IMAGENES TOMAS DE AGUA HLTA/HLTA-2270.jpg,,,,LINCOLN,MKC,L4 2.0L,2015 - 2016
HLTA-2270,Toma de agua,POLAR,TOMA DE AGUA,TOMA DE AGUA,HLTA-2270,Cotizar,/IMAGENES TOMAS DE AGUA HLTA/HLTA-2270.jpg,,,,LINCOLN,MKT,L4 2.0L,2013 - 2016
HLTA-2270,Toma de agua,POLAR,TOMA DE AGUA,TOMA DE AGUA,HLTA-2270,Cotizar,/IMAGENES TOMAS DE AGUA HLTA/HLTA-2270.jpg,,,,LINCOLN,MKZ,L4 2.0L,2013 - 2016
HLTA-2270,Toma de agua,POLAR,TOMA DE AGUA,TOMA DE AGUA,HLTA-2270,Cotizar,/IMAGENES TOMAS DE AGUA HLTA/HLTA-2270.jpg,,,,MAZDA,3,L4 2.0L,2004 - 2013
HLTA-2270,Toma de agua,POLAR,TOMA DE AGUA,TOMA DE AGUA,HLTA-2270,Cotizar,/IMAGENES TOMAS DE AGUA HLTA/HLTA-2270.jpg,,,,MAZDA,5,L4 2.3L,2006 - 2010
HLTA-2270,Toma de agua,POLAR,TOMA DE AGUA,TOMA DE AGUA,HLTA-2270,Cotizar,/IMAGENES TOMAS DE AGUA HLTA/HLTA-2270.jpg,,,,MAZDA,MX-5,L4 2.0L,2006 - 2008
HLTA-2270,Toma de agua,POLAR,TOMA DE AGUA,TOMA DE AGUA,HLTA-2270,Cotizar,/IMAGENES TOMAS DE AGUA HLTA/HLTA-2270.jpg,,,,MAZDA,MX-5,L4 2.0L,2010 - 2014
HLTA-2270,Toma de agua,POLAR,TOMA DE AGUA,TOMA DE AGUA,HLTA-2270,Cotizar,/IMAGENES TOMAS DE AGUA HLTA/HLTA-2270.jpg,,,,MAZDA,MX-5 Miata,L4 2.0L,2006 - 2014
HLTA-2271,Toma de agua,POLAR,TOMA DE AGUA,TOMA DE AGUA,HLTA-2271,Cotizar,/IMAGENES TOMAS DE AGUA HLTA/HLTA-2271.jpg,,,,FORD,ECOSPORT,L4 2.0L,2004 - 2009
HLTA-2271,Toma de agua,POLAR,TOMA DE AGUA,TOMA DE AGUA,HLTA-2271,Cotizar,/IMAGENES TOMAS DE AGUA HLTA/HLTA-2271.jpg,,,,FORD,ESCAPE,L4 2.5L,2009 - 2012
HLTA-2271,Toma de agua,POLAR,TOMA DE AGUA,TOMA DE AGUA,HLTA-2271,Cotizar,/IMAGENES TOMAS DE AGUA HLTA/HLTA-2271.jpg,,,,FORD,FOCUS,L4 2.0L,2005 - 2011
HLTA-2271,Toma de agua,POLAR,TOMA DE AGUA,TOMA DE AGUA,HLTA-2271,Cotizar,/IMAGENES TOMAS DE AGUA HLTA/HLTA-2271.jpg,,,,FORD,MONDEO,L4 2.0L,2001 - 2007
HLTA-2271,Toma de agua,POLAR,TOMA DE AGUA,TOMA DE AGUA,HLTA-2271,Cotizar,/IMAGENES TOMAS DE AGUA HLTA/HLTA-2271.jpg,,,,FORD,RANGER,L4 2.3L,2001 - 2011
HLTA-2272,Toma de agua,POLAR,TOMA DE AGUA,TOMA DE AGUA,HLTA-2272,Cotizar,/IMAGENES TOMAS DE AGUA HLTA/HLTA-2272.jpg,,,,LAND ROVER,FREELANDER,V6 2.5L,2002 - 2005
HLTA-2273,Toma de agua,POLAR,TOMA DE AGUA,TOMA DE AGUA,HLTA-2273,Cotizar,/IMAGENES TOMAS DE AGUA HLTA/HLTA-2273.jpg,,,,FORD,ESCAPE,V6 3.0L,2001 - 2004
HLTA-2273,Toma de agua,POLAR,TOMA DE AGUA,TOMA DE AGUA,HLTA-2273,Cotizar,/IMAGENES TOMAS DE AGUA HLTA/HLTA-2273.jpg,,,,MAZDA,TRIBUTE,V6 3.0L,2001 - 2004
HLTA-2274,Toma de agua,POLAR,TOMA DE AGUA,TOMA DE AGUA,HLTA-2274,Cotizar,/IMAGENES TOMAS DE AGUA HLTA/HLTA-2274.jpg,,,,FORD,ESCAPE,V6 3.0L,2005 - 2008
HLTA-2274,Toma de agua,POLAR,TOMA DE AGUA,TOMA DE AGUA,HLTA-2274,Cotizar,/IMAGENES TOMAS DE AGUA HLTA/HLTA-2274.jpg,,,,FORD,FUSION,V6 3.0L,2006 - 2009
HLTA-2274,Toma de agua,POLAR,TOMA DE AGUA,TOMA DE AGUA,HLTA-2274,Cotizar,/IMAGENES TOMAS DE AGUA HLTA/HLTA-2274.jpg,,,,LINCOLN,ZEPHYR,V6 3.0L,2006 - 2006
HLTA-2274,Toma de agua,POLAR,TOMA DE AGUA,TOMA DE AGUA,HLTA-2274,Cotizar,/IMAGENES TOMAS DE AGUA HLTA/HLTA-2274.jpg,,,,MERCURY,MARINER,V6 3.0L,2005 - 2008
HLTA-2274,Toma de agua,POLAR,TOMA DE AGUA,TOMA DE AGUA,HLTA-2274,Cotizar,/IMAGENES TOMAS DE AGUA HLTA/HLTA-2274.jpg,,,,MERCURY,MILAN,V6 3.0L,2006 - 2009
HLTA-2275,Toma de agua,POLAR,TOMA DE AGUA,TOMA DE AGUA,HLTA-2275,Cotizar,/IMAGENES TOMAS DE AGUA HLTA/HLTA-2275.jpg,,,,FORD,FOCUS,L4 2.0L,2000 - 2004
HLTA-2276,Toma de agua,POLAR,TOMA DE AGUA,TOMA DE AGUA,HLTA-2276,Cotizar,/IMAGENES TOMAS DE AGUA HLTA/HLTA-2276.jpg,,,,FORD,EXPLORER,V6 4.0L,1997 - 2001
HLTA-2276,Toma de agua,POLAR,TOMA DE AGUA,TOMA DE AGUA,HLTA-2276,Cotizar,/IMAGENES TOMAS DE AGUA HLTA/HLTA-2276.jpg,,,,FORD,EXPLORER SPORT TRAC,V6 4.0L,2001 - 2005
HLTA-2276,Toma de agua,POLAR,TOMA DE AGUA,TOMA DE AGUA,HLTA-2276,Cotizar,/IMAGENES TOMAS DE AGUA HLTA/HLTA-2276.jpg,,,,MERCURY,MOUNTAINEER,V6 4.0L,1998 - 2001
HLTA-2277,Toma de agua,POLAR,TOMA DE AGUA,TOMA DE AGUA,HLTA-2277,Cotizar,/IMAGENES TOMAS DE AGUA HLTA/HLTA-2277.jpg,,,,FORD,MUSTANG,V6 4.0L,2005 - 2010
HLTA-2278,Toma de agua,POLAR,TOMA DE AGUA,TOMA DE AGUA,HLTA-2278,Cotizar,/IMAGENES TOMAS DE AGUA HLTA/HLTA-2278.jpg,,,,FORD,ESCORT,L4 2.0L,1998-2000
HLTA-2279,Toma de agua,POLAR,TOMA DE AGUA,TOMA DE AGUA,HLTA-2279,Cotizar,/IMAGENES TOMAS DE AGUA HLTA/HLTA-2279.jpg,,,,FORD,TRANSIT,L4 2.2L,2008 - 2015
HLTA-2280,Toma de agua,POLAR,TOMA DE AGUA,TOMA DE AGUA,HLTA-2280,Cotizar,/IMAGENES TOMAS DE AGUA HLTA/HLTA-2280.jpg,,,,FORD,EXPLORER,V6 4.0L,1997 - 2001
HLTA-2280,Toma de agua,POLAR,TOMA DE AGUA,TOMA DE AGUA,HLTA-2280,Cotizar,/IMAGENES TOMAS DE AGUA HLTA/HLTA-2280.jpg,,,,FORD,EXPLORER SPORT TRAC,V6 4.0L,2001 - 2005
HLTA-2280,Toma de agua,POLAR,TOMA DE AGUA,TOMA DE AGUA,HLTA-2280,Cotizar,/IMAGENES TOMAS DE AGUA HLTA/HLTA-2280.jpg,,,,MERCURY,MOUNTAINEER,V6 4.0L,1998 - 2001
HLTA-2281,Toma de agua,POLAR,TOMA DE AGUA,TOMA DE AGUA,HLTA-2281,Cotizar,/IMAGENES TOMAS DE AGUA HLTA/HLTA-2281.jpg,,,,FORD,EXPLORER,V6 4.0L,1997 - 2001
HLTA-2281,Toma de agua,POLAR,TOMA DE AGUA,TOMA DE AGUA,HLTA-2281,Cotizar,/IMAGENES TOMAS DE AGUA HLTA/HLTA-2281.jpg,,,,FORD,EXPLORER SPORT TRAC,V6 4.0L,2001 - 2005
HLTA-2281,Toma de agua,POLAR,TOMA DE AGUA,TOMA DE AGUA,HLTA-2281,Cotizar,/IMAGENES TOMAS DE AGUA HLTA/HLTA-2281.jpg,,,,FORD,RANGER,V6 4.0L,2001 - 2011
HLTA-2281,Toma de agua,POLAR,TOMA DE AGUA,TOMA DE AGUA,HLTA-2281,Cotizar,/IMAGENES TOMAS DE AGUA HLTA/HLTA-2281.jpg,,,,FORD,RANGER,V6 4.0L,2001 - 2011
HLTA-2281,Toma de agua,POLAR,TOMA DE AGUA,TOMA DE AGUA,HLTA-2281,Cotizar,/IMAGENES TOMAS DE AGUA HLTA/HLTA-2281.jpg,,,,MAZDA,B4000,V6 4.0L,2001 - 2001
HLTA-2281,Toma de agua,POLAR,TOMA DE AGUA,TOMA DE AGUA,HLTA-2281,Cotizar,/IMAGENES TOMAS DE AGUA HLTA/HLTA-2281.jpg,,,,MERCURY,MOUNTAINEER,V6 4.0L,1998 - 2001
HLTA-2282,Toma de agua,POLAR,TOMA DE AGUA,TOMA DE AGUA,HLTA-2282,Cotizar,/IMAGENES TOMAS DE AGUA HLTA/HLTA-2282.jpg,,,,FORD,EXPLORER,V6 4.0L,1997 - 2001
HLTA-2282,Toma de agua,POLAR,TOMA DE AGUA,TOMA DE AGUA,HLTA-2282,Cotizar,/IMAGENES TOMAS DE AGUA HLTA/HLTA-2282.jpg,,,,FORD,EXPLORER SPORT TRAC,V6 4.0L,2001 - 2005
HLTA-2282,Toma de agua,POLAR,TOMA DE AGUA,TOMA DE AGUA,HLTA-2282,Cotizar,/IMAGENES TOMAS DE AGUA HLTA/HLTA-2282.jpg,,,,MERCURY,MOUNTAINEER,V6 4.0L,1998 - 2001
HLTA-2283,Toma de agua,POLAR,TOMA DE AGUA,TOMA DE AGUA,HLTA-2283,Cotizar,/IMAGENES TOMAS DE AGUA HLTA/HLTA-2283.jpg,,,,FORD,EXPLORER,V6 4.0L,2001 - 2003
HLTA-2283,Toma de agua,POLAR,TOMA DE AGUA,TOMA DE AGUA,HLTA-2283,Cotizar,/IMAGENES TOMAS DE AGUA HLTA/HLTA-2283.jpg,,,,FORD,EXPLORER SPORT TRAC,V6 4.0L,2001 - 2005
HLTA-2283,Toma de agua,POLAR,TOMA DE AGUA,TOMA DE AGUA,HLTA-2283,Cotizar,/IMAGENES TOMAS DE AGUA HLTA/HLTA-2283.jpg,,,,FORD,RANGER,V6 4.0L,2001 - 2011
HLTA-2283,Toma de agua,POLAR,TOMA DE AGUA,TOMA DE AGUA,HLTA-2283,Cotizar,/IMAGENES TOMAS DE AGUA HLTA/HLTA-2283.jpg,,,,MAZDA,B4000 PICKUP,V6 4.0L,2001 - 2009
HLTA-2283,Toma de agua,POLAR,TOMA DE AGUA,TOMA DE AGUA,HLTA-2283,Cotizar,/IMAGENES TOMAS DE AGUA HLTA/HLTA-2283.jpg,,,,MERCURY,MOUNTAINEER,V6 4.0L,2000 - 2001
HLTA-2284,Toma de agua,POLAR,TOMA DE AGUA,TOMA DE AGUA,HLTA-2284,Cotizar,/IMAGENES TOMAS DE AGUA HLTA/HLTA-2284.jpg,,,,FORD,EXPLORER,V6 4.0L,2001 - 2003
HLTA-2284,Toma de agua,POLAR,TOMA DE AGUA,TOMA DE AGUA,HLTA-2284,Cotizar,/IMAGENES TOMAS DE AGUA HLTA/HLTA-2284.jpg,,,,FORD,EXPLORER SPORT TRAC,V6 4.0L,2001 - 2005
HLTA-2284,Toma de agua,POLAR,TOMA DE AGUA,TOMA DE AGUA,HLTA-2284,Cotizar,/IMAGENES TOMAS DE AGUA HLTA/HLTA-2284.jpg,,,,FORD,RANGER,V6 4.0L,2001 - 2011
HLTA-2284,Toma de agua,POLAR,TOMA DE AGUA,TOMA DE AGUA,HLTA-2284,Cotizar,/IMAGENES TOMAS DE AGUA HLTA/HLTA-2284.jpg,,,,MAZDA,B4000 PICKUP,V6 4.0L,2001 - 2009
HLTA-2284,Toma de agua,POLAR,TOMA DE AGUA,TOMA DE AGUA,HLTA-2284,Cotizar,/IMAGENES TOMAS DE AGUA HLTA/HLTA-2284.jpg,,,,MERCURY,MOUNTAINEER,V6 4.0L,2000 - 2001
HLTA-2285,Toma de agua,POLAR,TOMA DE AGUA,TOMA DE AGUA,HLTA-2285,Cotizar,/IMAGENES TOMAS DE AGUA HLTA/HLTA-2285.jpg,,,,FORD,EXPLORER,V6 4.0L,2001 - 2003
HLTA-2285,Toma de agua,POLAR,TOMA DE AGUA,TOMA DE AGUA,HLTA-2285,Cotizar,/IMAGENES TOMAS DE AGUA HLTA/HLTA-2285.jpg,,,,FORD,EXPLORER SPORT TRAC,V6 4.0L,2001 - 2005
HLTA-2285,Toma de agua,POLAR,TOMA DE AGUA,TOMA DE AGUA,HLTA-2285,Cotizar,/IMAGENES TOMAS DE AGUA HLTA/HLTA-2285.jpg,,,,FORD,RANGER,V6 4.0L,2001 - 2011
HLTA-2285,Toma de agua,POLAR,TOMA DE AGUA,TOMA DE AGUA,HLTA-2285,Cotizar,/IMAGENES TOMAS DE AGUA HLTA/HLTA-2285.jpg,,,,MAZDA,B4000 PICKUP,V6 4.0L,2001 - 2009
HLTA-2285,Toma de agua,POLAR,TOMA DE AGUA,TOMA DE AGUA,HLTA-2285,Cotizar,/IMAGENES TOMAS DE AGUA HLTA/HLTA-2285.jpg,,,,MERCURY,MOUNTAINEER,V6 4.0L,2000 - 2001
HLTA-2286,Toma de agua,POLAR,TOMA DE AGUA,TOMA DE AGUA,HLTA-2286,Cotizar,/IMAGENES TOMAS DE AGUA HLTA/HLTA-2286.jpg,,,,FORD,EXPLORER,V6 4.0L,2001 - 2010
HLTA-2286,Toma de agua,POLAR,TOMA DE AGUA,TOMA DE AGUA,HLTA-2286,Cotizar,/IMAGENES TOMAS DE AGUA HLTA/HLTA-2286.jpg,,,,FORD,EXPLORER SPORT TRAC,V6 4.0L,2002 - 2005
HLTA-2286,Toma de agua,POLAR,TOMA DE AGUA,TOMA DE AGUA,HLTA-2286,Cotizar,/IMAGENES TOMAS DE AGUA HLTA/HLTA-2286.jpg,,,,FORD,EXPLORER SPORT TRAC,V6 4.0L,2007 - 2010
HLTA-2286,Toma de agua,POLAR,TOMA DE AGUA,TOMA DE AGUA,HLTA-2286,Cotizar,/IMAGENES TOMAS DE AGUA HLTA/HLTA-2286.jpg,,,,FORD,RANGER,V6 4.0L,2004 - 2011
HLTA-2286,Toma de agua,POLAR,TOMA DE AGUA,TOMA DE AGUA,HLTA-2286,Cotizar,/IMAGENES TOMAS DE AGUA HLTA/HLTA-2286.jpg,,,,MAZDA,B4000 PICKUP,V6 4.0L,2004 - 2010
HLTA-2286,Toma de agua,POLAR,TOMA DE AGUA,TOMA DE AGUA,HLTA-2286,Cotizar,/IMAGENES TOMAS DE AGUA HLTA/HLTA-2286.jpg,,,,MERCURY,MOUNTAINEER,V6 4.0L,2002 - 2010
HLTA-2287,Toma de agua,POLAR,TOMA DE AGUA,TOMA DE AGUA,HLTA-2287,Cotizar,/IMAGENES TOMAS DE AGUA HLTA/HLTA-2287.jpg,,,,FORD,EXPLORER,V6 4.0L,2001 - 2010
HLTA-2287,Toma de agua,POLAR,TOMA DE AGUA,TOMA DE AGUA,HLTA-2287,Cotizar,/IMAGENES TOMAS DE AGUA HLTA/HLTA-2287.jpg,,,,FORD,EXPLORER SPORT TRAC,V6 4.0L,2002 - 2005
HLTA-2287,Toma de agua,POLAR,TOMA DE AGUA,TOMA DE AGUA,HLTA-2287,Cotizar,/IMAGENES TOMAS DE AGUA HLTA/HLTA-2287.jpg,,,,FORD,EXPLORER SPORT TRAC,V6 4.0L,2007 - 2010
HLTA-2287,Toma de agua,POLAR,TOMA DE AGUA,TOMA DE AGUA,HLTA-2287,Cotizar,/IMAGENES TOMAS DE AGUA HLTA/HLTA-2287.jpg,,,,FORD,RANGER,V6 4.0L,2004 - 2011
HLTA-2287,Toma de agua,POLAR,TOMA DE AGUA,TOMA DE AGUA,HLTA-2287,Cotizar,/IMAGENES TOMAS DE AGUA HLTA/HLTA-2287.jpg,,,,MAZDA,B4000 PICKUP,V6 4.0L,2004 - 2010
HLTA-2287,Toma de agua,POLAR,TOMA DE AGUA,TOMA DE AGUA,HLTA-2287,Cotizar,/IMAGENES TOMAS DE AGUA HLTA/HLTA-2287.jpg,,,,MERCURY,MOUNTAINEER,V6 4.0L,2002 - 2010
HLTA-2288,Toma de agua,POLAR,TOMA DE AGUA,TOMA DE AGUA,HLTA-2288,Cotizar,/IMAGENES TOMAS DE AGUA HLTA/HLTA-2288.jpg,,,,FORD,EXPLORER,V6 4.0L,2001 - 2010
HLTA-2288,Toma de agua,POLAR,TOMA DE AGUA,TOMA DE AGUA,HLTA-2288,Cotizar,/IMAGENES TOMAS DE AGUA HLTA/HLTA-2288.jpg,,,,FORD,EXPLORER SPORT TRAC,V6 4.0L,2002 - 2005
HLTA-2288,Toma de agua,POLAR,TOMA DE AGUA,TOMA DE AGUA,HLTA-2288,Cotizar,/IMAGENES TOMAS DE AGUA HLTA/HLTA-2288.jpg,,,,FORD,EXPLORER SPORT TRAC,V6 4.0L,2007 - 2010
HLTA-2288,Toma de agua,POLAR,TOMA DE AGUA,TOMA DE AGUA,HLTA-2288,Cotizar,/IMAGENES TOMAS DE AGUA HLTA/HLTA-2288.jpg,,,,FORD,RANGER,V6 4.0L,2004 - 2011
HLTA-2288,Toma de agua,POLAR,TOMA DE AGUA,TOMA DE AGUA,HLTA-2288,Cotizar,/IMAGENES TOMAS DE AGUA HLTA/HLTA-2288.jpg,,,,MAZDA,B4000 PICKUP,V6 4.0L,2004 - 2010
HLTA-2288,Toma de agua,POLAR,TOMA DE AGUA,TOMA DE AGUA,HLTA-2288,Cotizar,/IMAGENES TOMAS DE AGUA HLTA/HLTA-2288.jpg,,,,MERCURY,MOUNTAINEER,V6 4.0L,2002 - 2010
HLTA-2289,Toma de agua,POLAR,TOMA DE AGUA,TOMA DE AGUA,HLTA-2289,Cotizar,/IMAGENES TOMAS DE AGUA HLTA/HLTA-2289.jpg,,,,FORD,MUSTANG,V6 4.0L,2005 - 2010
HLTA-2290,Toma de agua,POLAR,TOMA DE AGUA,TOMA DE AGUA,HLTA-2290,Cotizar,/IMAGENES TOMAS DE AGUA HLTA/HLTA-2290.jpg,,,,ACURA,CSX,L4 2.0L,2007 - 2010
HLTA-2290,Toma de agua,POLAR,TOMA DE AGUA,TOMA DE AGUA,HLTA-2290,Cotizar,/IMAGENES TOMAS DE AGUA HLTA/HLTA-2290.jpg,,,,ACURA,TSX,L4 2.4L,2008 - 2008
HLTA-2290,Toma de agua,POLAR,TOMA DE AGUA,TOMA DE AGUA,HLTA-2290,Cotizar,/IMAGENES TOMAS DE AGUA HLTA/HLTA-2290.jpg,,,,HONDA,CIVIC,L4 2.0L,2005 - 2010
HLTA-2290,Toma de agua,POLAR,TOMA DE AGUA,TOMA DE AGUA,HLTA-2290,Cotizar,/IMAGENES TOMAS DE AGUA HLTA/HLTA-2290.jpg,,,,HONDA,CIVIC,L4 2.4L,2012 - 2014
HLTA-2290,Toma de agua,POLAR,TOMA DE AGUA,TOMA DE AGUA,HLTA-2290,Cotizar,/IMAGENES TOMAS DE AGUA HLTA/HLTA-2290.jpg,,,,HONDA,CR-V,L4 2.4L,2007 - 2014
HLTA-2291,Toma de agua,POLAR,TOMA DE AGUA,TOMA DE AGUA,HLTA-2291,Cotizar,/IMAGENES TOMAS DE AGUA HLTA/HLTA-2291.jpg,,,,ACURA,CSX,L4 2.0L,2007 - 2010
HLTA-2291,Toma de agua,POLAR,TOMA DE AGUA,TOMA DE AGUA,HLTA-2291,Cotizar,/IMAGENES TOMAS DE AGUA HLTA/HLTA-2291.jpg,,,,ACURA,TSX,L4 2.4L,2004 - 2008
HLTA-2291,Toma de agua,POLAR,TOMA DE AGUA,TOMA DE AGUA,HLTA-2291,Cotizar,/IMAGENES TOMAS DE AGUA HLTA/HLTA-2291.jpg,,,,HONDA,CIVIC,L4 2.0L,2006 - 2011
HLTA-2291,Toma de agua,POLAR,TOMA DE AGUA,TOMA DE AGUA,HLTA-2291,Cotizar,/IMAGENES TOMAS DE AGUA HLTA/HLTA-2291.jpg,,,,HONDA,CIVIC,L4 2.4L,2012 - 2015
HLTA-2291,Toma de agua,POLAR,TOMA DE AGUA,TOMA DE AGUA,HLTA-2291,Cotizar,/IMAGENES TOMAS DE AGUA HLTA/HLTA-2291.jpg,,,,HONDA,CR-V,L4 2.4L,2007 - 2014
HLTA-2292,Toma de agua,POLAR,TOMA DE AGUA,TOMA DE AGUA,HLTA-2292,Cotizar,/IMAGENES TOMAS DE AGUA HLTA/HLTA-2292.jpg,,,,FORD,MONDEO,V6 2.5L,2000 - 2007
HLTA-2293,Toma de agua,POLAR,TOMA DE AGUA,TOMA DE AGUA,HLTA-2293,Cotizar,/IMAGENES TOMAS DE AGUA HLTA/HLTA-2293.jpg,,,,FORD,EXCURSION,V8 7.3L,2000 - 2003
HLTA-2293,Toma de agua,POLAR,TOMA DE AGUA,TOMA DE AGUA,HLTA-2293,Cotizar,/IMAGENES TOMAS DE AGUA HLTA/HLTA-2293.jpg,,,,FORD,F-250 Super Duty,V8 7.3L,1999 - 2003
HLTA-2293,Toma de agua,POLAR,TOMA DE AGUA,TOMA DE AGUA,HLTA-2293,Cotizar,/IMAGENES TOMAS DE AGUA HLTA/HLTA-2293.jpg,,,,FORD,F-350 Super Duty,V8 7.3L,1999 - 2003
HLTA-2293,Toma de agua,POLAR,TOMA DE AGUA,TOMA DE AGUA,HLTA-2293,Cotizar,/IMAGENES TOMAS DE AGUA HLTA/HLTA-2293.jpg,,,,FORD,F-450 Super Duty,V8 7.3L,1999 - 2003
HLTA-2293,Toma de agua,POLAR,TOMA DE AGUA,TOMA DE AGUA,HLTA-2293,Cotizar,/IMAGENES TOMAS DE AGUA HLTA/HLTA-2293.jpg,,,,FORD,F-550 Super Duty,V8 7.3L,1999 - 2003
HLTA-2294,Toma de agua,POLAR,TOMA DE AGUA,TOMA DE AGUA,HLTA-2294,Cotizar,/IMAGENES TOMAS DE AGUA HLTA/HLTA-2294.jpg,,,,FORD,ESCAPE,V6 3.0L,2001 - 2008
HLTA-2294,Toma de agua,POLAR,TOMA DE AGUA,TOMA DE AGUA,HLTA-2294,Cotizar,/IMAGENES TOMAS DE AGUA HLTA/HLTA-2294.jpg,,,,FORD,FUSION,V6 3.0L,2006 - 2009
HLTA-2294,Toma de agua,POLAR,TOMA DE AGUA,TOMA DE AGUA,HLTA-2294,Cotizar,/IMAGENES TOMAS DE AGUA HLTA/HLTA-2294.jpg,,,,LINCOLN,ZEPHYR,V6 3.0L,2006 - 2006
HLTA-2294,Toma de agua,POLAR,TOMA DE AGUA,TOMA DE AGUA,HLTA-2294,Cotizar,/IMAGENES TOMAS DE AGUA HLTA/HLTA-2294.jpg,,,,LINCOLN,ZEPHYR,V6 3.0L,2006 - 2006
HLTA-2294,Toma de agua,POLAR,TOMA DE AGUA,TOMA DE AGUA,HLTA-2294,Cotizar,/IMAGENES TOMAS DE AGUA HLTA/HLTA-2294.jpg,,,,MAZDA,6,V6 3.0L,2002 - 2008
HLTA-2294,Toma de agua,POLAR,TOMA DE AGUA,TOMA DE AGUA,HLTA-2294,Cotizar,/IMAGENES TOMAS DE AGUA HLTA/HLTA-2294.jpg,,,,MAZDA,TRIBUTE,V6 3.0L,2001 - 2004
HLTA-2294,Toma de agua,POLAR,TOMA DE AGUA,TOMA DE AGUA,HLTA-2294,Cotizar,/IMAGENES TOMAS DE AGUA HLTA/HLTA-2294.jpg,,,,MERCURY,MARINER,V6 3.0L,2004 - 2007
HLTA-2294,Toma de agua,POLAR,TOMA DE AGUA,TOMA DE AGUA,HLTA-2294,Cotizar,/IMAGENES TOMAS DE AGUA HLTA/HLTA-2294.jpg,,,,MERCURY,MILAN,V6 3.0L,2006 - 2009
HLTA-2295,Toma de agua,POLAR,TOMA DE AGUA,TOMA DE AGUA,HLTA-2295,Cotizar,/IMAGENES TOMAS DE AGUA HLTA/HLTA-2295.jpg,,,,BMW,535i,L6 3.0L,2010 - 2014
HLTA-2295,Toma de agua,POLAR,TOMA DE AGUA,TOMA DE AGUA,HLTA-2295,Cotizar,/IMAGENES TOMAS DE AGUA HLTA/HLTA-2295.jpg,,,,BMW,640i,L6 3.0L,2012 - 2014
HLTA-2295,Toma de agua,POLAR,TOMA DE AGUA,TOMA DE AGUA,HLTA-2295,Cotizar,/IMAGENES TOMAS DE AGUA HLTA/HLTA-2295.jpg,,,,BMW,740i,L6 3.0L,2011 - 2014
HLTA-2295,Toma de agua,POLAR,TOMA DE AGUA,TOMA DE AGUA,HLTA-2295,Cotizar,/IMAGENES TOMAS DE AGUA HLTA/HLTA-2295.jpg,,,,BMW,740Li,L6 3.0L,2011 - 2014
HLTA-2295,Toma de agua,POLAR,TOMA DE AGUA,TOMA DE AGUA,HLTA-2295,Cotizar,/IMAGENES TOMAS DE AGUA HLTA/HLTA-2295.jpg,,,,BMW,750i,V8 4.4L,2009 - 2014
HLTA-2295,Toma de agua,POLAR,TOMA DE AGUA,TOMA DE AGUA,HLTA-2295,Cotizar,/IMAGENES TOMAS DE AGUA HLTA/HLTA-2295.jpg,,,,BMW,750i,V8 4.4L,2010 - 2014
HLTA-2295,Toma de agua,POLAR,TOMA DE AGUA,TOMA DE AGUA,HLTA-2295,Cotizar,/IMAGENES TOMAS DE AGUA HLTA/HLTA-2295.jpg,,,,BMW,750Li,V8 4.4L,2009 - 2014
HLTA-2295,Toma de agua,POLAR,TOMA DE AGUA,TOMA DE AGUA,HLTA-2295,Cotizar,/IMAGENES TOMAS DE AGUA HLTA/HLTA-2295.jpg,,,,BMW,760Li,V12 6.0L,2010 - 2014
HLTA-2296,Toma de agua,POLAR,TOMA DE AGUA,TOMA DE AGUA,HLTA-2296,Cotizar,/IMAGENES TOMAS DE AGUA HLTA/HLTA-2296.jpg,,,,FORD,ECOSPORT,L4 2.0L,2004 - 2021
HLTA-2296,Toma de agua,POLAR,TOMA DE AGUA,TOMA DE AGUA,HLTA-2296,Cotizar,/IMAGENES TOMAS DE AGUA HLTA/HLTA-2296.jpg,,,,FORD,FUSION,L4 2.3L,2006 - 2009
HLTA-2296,Toma de agua,POLAR,TOMA DE AGUA,TOMA DE AGUA,HLTA-2296,Cotizar,/IMAGENES TOMAS DE AGUA HLTA/HLTA-2296.jpg,,,,MERCURY,MILAN,L4 2.3L,2006 - 2009
HLTA-2297,Toma de agua,POLAR,TOMA DE AGUA,TOMA DE AGUA,HLTA-2297,Cotizar,/IMAGENES TOMAS DE AGUA HLTA/HLTA-2297.jpg,,,,FORD,ECOSPORT,L4 2.0L,2013 - 2015
HLTA-2297,Toma de agua,POLAR,TOMA DE AGUA,TOMA DE AGUA,HLTA-2297,Cotizar,/IMAGENES TOMAS DE AGUA HLTA/HLTA-2297.jpg,,,,FORD,FIESTA,L4 1.6L,2011 - 2017
HLTA-2297,Toma de agua,POLAR,TOMA DE AGUA,TOMA DE AGUA,HLTA-2297,Cotizar,/IMAGENES TOMAS DE AGUA HLTA/HLTA-2297.jpg,,,,FORD,FIGO,L4 1.5L,2015 - 2019
HLTA-2298,Toma de agua,POLAR,TOMA DE AGUA,TOMA DE AGUA,HLTA-2298,Cotizar,/IMAGENES TOMAS DE AGUA HLTA/HLTA-2298.jpg,,,,MAZDA,3,L4 2.0L,2006 - 2013
HLTA-2298,Toma de agua,POLAR,TOMA DE AGUA,TOMA DE AGUA,HLTA-2298,Cotizar,/IMAGENES TOMAS DE AGUA HLTA/HLTA-2298.jpg,,,,MAZDA,3,L4 2.3L,2006 - 2009
HLTA-2298,Toma de agua,POLAR,TOMA DE AGUA,TOMA DE AGUA,HLTA-2298,Cotizar,/IMAGENES TOMAS DE AGUA HLTA/HLTA-2298.jpg,,,,MAZDA,3,L4 2.3L,2010 - 2012
HLTA-2298,Toma de agua,POLAR,TOMA DE AGUA,TOMA DE AGUA,HLTA-2298,Cotizar,/IMAGENES TOMAS DE AGUA HLTA/HLTA-2298.jpg,,,,MAZDA,3,L4 2.5L,2010 - 2013
HLTA-2298,Toma de agua,POLAR,TOMA DE AGUA,TOMA DE AGUA,HLTA-2298,Cotizar,/IMAGENES TOMAS DE AGUA HLTA/HLTA-2298.jpg,,,,MAZDA,5,L4 2.3L,2008 - 2010
HLTA-2298,Toma de agua,POLAR,TOMA DE AGUA,TOMA DE AGUA,HLTA-2298,Cotizar,/IMAGENES TOMAS DE AGUA HLTA/HLTA-2298.jpg,,,,MAZDA,5,L4 2.5L,2012 - 2013
HLTA-2298,Toma de agua,POLAR,TOMA DE AGUA,TOMA DE AGUA,HLTA-2298,Cotizar,/IMAGENES TOMAS DE AGUA HLTA/HLTA-2298.jpg,,,,MAZDA,6,L4 2.5L,2009 - 2013
HLTA-2298,Toma de agua,POLAR,TOMA DE AGUA,TOMA DE AGUA,HLTA-2298,Cotizar,/IMAGENES TOMAS DE AGUA HLTA/HLTA-2298.jpg,,,,MAZDA,CX-7,L4 2.5L,2010 - 2012
HLTA-2299,Toma de agua,POLAR,TOMA DE AGUA,TOMA DE AGUA,HLTA-2299,Cotizar,/IMAGENES TOMAS DE AGUA HLTA/HLTA-2299.jpg,,,,FORD,RANGER,L4 2.5L,1998 - 2001
HLTA-2299,Toma de agua,POLAR,TOMA DE AGUA,TOMA DE AGUA,HLTA-2299,Cotizar,/IMAGENES TOMAS DE AGUA HLTA/HLTA-2299.jpg,,,,MAZDA,B2500 PICKUP,L4 2.5L,1998 - 2001
HLTA-2300,Toma de agua,POLAR,TOMA DE AGUA,TOMA DE AGUA,HLTA-2300,Cotizar,/IMAGENES TOMAS DE AGUA HLTA/HLTA-2300.jpg,,,,FORD,FIESTA,L4 1.4L,1998 - 2002
HLTA-2301,Toma de agua,POLAR,TOMA DE AGUA,TOMA DE AGUA,HLTA-2301,Cotizar,/IMAGENES TOMAS DE AGUA HLTA/HLTA-2301.jpg,,,,FORD,FIESTA,L4 1.6L,2002 - 2004
HLTA-2301,Toma de agua,POLAR,TOMA DE AGUA,TOMA DE AGUA,HLTA-2301,Cotizar,/IMAGENES TOMAS DE AGUA HLTA/HLTA-2301.jpg,,,,FORD,IKON,L4 1.6L,2001 - 2007
HLTA-2301,Toma de agua,POLAR,TOMA DE AGUA,TOMA DE AGUA,HLTA-2301,Cotizar,/IMAGENES TOMAS DE AGUA HLTA/HLTA-2301.jpg,,,,FORD,KA,L4 1.6L,2001 - 2008
HLTA-2302,Toma de agua,POLAR,TOMA DE AGUA,TOMA DE AGUA,HLTA-2302,Cotizar,/IMAGENES TOMAS DE AGUA HLTA/HLTA-2302.jpg,,,,DODGE,ATTITUDE,L3 1.2L,2015 - 2020
HLTA-2302,Toma de agua,POLAR,TOMA DE AGUA,TOMA DE AGUA,HLTA-2302,Cotizar,/IMAGENES TOMAS DE AGUA HLTA/HLTA-2302.jpg,,,,MITSUBISHI,MIRAGE,L3 1.2L,2014 - 2021
HLTA-2302,Toma de agua,POLAR,TOMA DE AGUA,TOMA DE AGUA,HLTA-2302,Cotizar,/IMAGENES TOMAS DE AGUA HLTA/HLTA-2302.jpg,,,,MITSUBISHI,MIRAGE G4,L3 1.2L,2019 - 2022
HLTA-2303,Toma de agua,POLAR,TOMA DE AGUA,TOMA DE AGUA,HLTA-2303,Cotizar,/IMAGENES TOMAS DE AGUA HLTA/HLTA-2303.jpg,,,,FORD,CONTOUR,L4 2.0L,1995 - 2001
HLTA-2303,Toma de agua,POLAR,TOMA DE AGUA,TOMA DE AGUA,HLTA-2303,Cotizar,/IMAGENES TOMAS DE AGUA HLTA/HLTA-2303.jpg,,,,MERCURY,COUGAR,L4 2.0L,1999 - 2000
HLTA-2303,Toma de agua,POLAR,TOMA DE AGUA,TOMA DE AGUA,HLTA-2303,Cotizar,/IMAGENES TOMAS DE AGUA HLTA/HLTA-2303.jpg,,,,MERCURY,MYSTIQUE,L4 2.0L,1995 - 2000
HLTA-2303,Toma de agua,POLAR,TOMA DE AGUA,TOMA DE AGUA,HLTA-2303,Cotizar,/IMAGENES TOMAS DE AGUA HLTA/HLTA-2303.jpg,,,,MERCURY,MYSTIQUE,V6 2.5L,1995 - 2000
HLTA-2304,Toma de agua,POLAR,TOMA DE AGUA,TOMA DE AGUA,HLTA-2304,Cotizar,/IMAGENES TOMAS DE AGUA HLTA/HLTA-2304.jpg,,,,TOYOTA,TACOMA,V6 3.5L,2015 - 2022
HLTA-2305,Toma de agua,POLAR,TOMA DE AGUA,TOMA DE AGUA,HLTA-2305,Cotizar,/IMAGENES TOMAS DE AGUA HLTA/HLTA-2305.jpg,,,,FORD,TOPAZ,L4 2.3L,1990 - 1994
HLTA-2306,Toma de agua,POLAR,TOMA DE AGUA,TOMA DE AGUA,HLTA-2306,Cotizar,/IMAGENES TOMAS DE AGUA HLTA/HLTA-2306.jpg,,,,FORD,CONTOUR,V6 2.5L,1995 - 2000
HLTA-2306,Toma de agua,POLAR,TOMA DE AGUA,TOMA DE AGUA,HLTA-2306,Cotizar,/IMAGENES TOMAS DE AGUA HLTA/HLTA-2306.jpg,,,,FORD,MUSTANG,V8 4.6L,1996 - 2001
HLTA-2306,Toma de agua,POLAR,TOMA DE AGUA,TOMA DE AGUA,HLTA-2306,Cotizar,/IMAGENES TOMAS DE AGUA HLTA/HLTA-2306.jpg,,,,FORD,MUSTANG,V8 4.6L,2003 - 2004
HLTA-2306,Toma de agua,POLAR,TOMA DE AGUA,TOMA DE AGUA,HLTA-2306,Cotizar,/IMAGENES TOMAS DE AGUA HLTA/HLTA-2306.jpg,,,,FORD,TAURUS,V6 3.0L,2001 - 2005
HLTA-2306,Toma de agua,POLAR,TOMA DE AGUA,TOMA DE AGUA,HLTA-2306,Cotizar,/IMAGENES TOMAS DE AGUA HLTA/HLTA-2306.jpg,,,,MERCURY,COUGAR,V6 2.5L,1999 - 2002
HLTA-2306,Toma de agua,POLAR,TOMA DE AGUA,TOMA DE AGUA,HLTA-2306,Cotizar,/IMAGENES TOMAS DE AGUA HLTA/HLTA-2306.jpg,,,,MERCURY,MARAUDER,V8 4.6L,2003 - 2004
HLTA-2306,Toma de agua,POLAR,TOMA DE AGUA,TOMA DE AGUA,HLTA-2306,Cotizar,/IMAGENES TOMAS DE AGUA HLTA/HLTA-2306.jpg,,,,MERCURY,SABLE,V6 3.0L,2000 - 2005
HLTA-2307,Toma de agua,POLAR,TOMA DE AGUA,TOMA DE AGUA,HLTA-2307,Cotizar,/IMAGENES TOMAS DE AGUA HLTA/HLTA-2307.jpg,,,,BMW,125I,L4 2.0L,2013 - 2013
HLTA-2307,Toma de agua,POLAR,TOMA DE AGUA,TOMA DE AGUA,HLTA-2307,Cotizar,/IMAGENES TOMAS DE AGUA HLTA/HLTA-2307.jpg,,,,BMW,228I,L4 2.0L,2015 - 2016
HLTA-2307,Toma de agua,POLAR,TOMA DE AGUA,TOMA DE AGUA,HLTA-2307,Cotizar,/IMAGENES TOMAS DE AGUA HLTA/HLTA-2307.jpg,,,,BMW,320I,L4 2.0L,2013 - 2018
HLTA-2307,Toma de agua,POLAR,TOMA DE AGUA,TOMA DE AGUA,HLTA-2307,Cotizar,/IMAGENES TOMAS DE AGUA HLTA/HLTA-2307.jpg,,,,BMW,325CI,L4 2.0L,2013 - 2013
HLTA-2307,Toma de agua,POLAR,TOMA DE AGUA,TOMA DE AGUA,HLTA-2307,Cotizar,/IMAGENES TOMAS DE AGUA HLTA/HLTA-2307.jpg,,,,BMW,328I,L4 2.0L,2013 - 2015
HLTA-2307,Toma de agua,POLAR,TOMA DE AGUA,TOMA DE AGUA,HLTA-2307,Cotizar,/IMAGENES TOMAS DE AGUA HLTA/HLTA-2307.jpg,,,,BMW,420I,L4 2.0L,2016 - 2016
HLTA-2307,Toma de agua,POLAR,TOMA DE AGUA,TOMA DE AGUA,HLTA-2307,Cotizar,/IMAGENES TOMAS DE AGUA HLTA/HLTA-2307.jpg,,,,BMW,428I,L4 2.0L,2014 - 2016
HLTA-2307,Toma de agua,POLAR,TOMA DE AGUA,TOMA DE AGUA,HLTA-2307,Cotizar,/IMAGENES TOMAS DE AGUA HLTA/HLTA-2307.jpg,,,,BMW,520I,L4 2.0L,2014 - 2016
HLTA-2307,Toma de agua,POLAR,TOMA DE AGUA,TOMA DE AGUA,HLTA-2307,Cotizar,/IMAGENES TOMAS DE AGUA HLTA/HLTA-2307.jpg,,,,BMW,528I,L4 2.0L,2014 - 2016
HLTA-2307,Toma de agua,POLAR,TOMA DE AGUA,TOMA DE AGUA,HLTA-2307,Cotizar,/IMAGENES TOMAS DE AGUA HLTA/HLTA-2307.jpg,,,,BMW,X1 sDrive 20i,L4 2.0L,2012 - 2015
HLTA-2307,Toma de agua,POLAR,TOMA DE AGUA,TOMA DE AGUA,HLTA-2307,Cotizar,/IMAGENES TOMAS DE AGUA HLTA/HLTA-2307.jpg,,,,BMW,X1 xDrive 28i,L4 2.0L,2010 - 2012
HLTA-2307,Toma de agua,POLAR,TOMA DE AGUA,TOMA DE AGUA,HLTA-2307,Cotizar,/IMAGENES TOMAS DE AGUA HLTA/HLTA-2307.jpg,,,,BMW,X3 xDrive 20i,L4 2.0L,2015 - 2017
HLTA-2307,Toma de agua,POLAR,TOMA DE AGUA,TOMA DE AGUA,HLTA-2307,Cotizar,/IMAGENES TOMAS DE AGUA HLTA/HLTA-2307.jpg,,,,BMW,X3 xDrive 28i,L4 2.0L,2015 - 2017
HLTA-2307,Toma de agua,POLAR,TOMA DE AGUA,TOMA DE AGUA,HLTA-2307,Cotizar,/IMAGENES TOMAS DE AGUA HLTA/HLTA-2307.jpg,,,,BMW,X4 xDrive 28i,L4 2.0L,2015 - 2018
HLTA-2307,Toma de agua,POLAR,TOMA DE AGUA,TOMA DE AGUA,HLTA-2307,Cotizar,/IMAGENES TOMAS DE AGUA HLTA/HLTA-2307.jpg,,,,BMW,X5 xDrive 45e,L4 2.0L,2017 - 2018
HLTA-2307,Toma de agua,POLAR,TOMA DE AGUA,TOMA DE AGUA,HLTA-2307,Cotizar,/IMAGENES TOMAS DE AGUA HLTA/HLTA-2307.jpg,,,,BMW,Z4,L4 2.0L,2012 - 2016
HLTA-2308,Toma de agua,POLAR,TOMA DE AGUA,TOMA DE AGUA,HLTA-2308,Cotizar,/IMAGENES TOMAS DE AGUA HLTA/HLTA-2308.jpg,,,,FORD,EXPEDITION,V8 5.4L,2005 - 2008
HLTA-2308,Toma de agua,POLAR,TOMA DE AGUA,TOMA DE AGUA,HLTA-2308,Cotizar,/IMAGENES TOMAS DE AGUA HLTA/HLTA-2308.jpg,,,,FORD,F350 SUPER DUTY,V8 5.4L,2006 - 2010
HLTA-2308,Toma de agua,POLAR,TOMA DE AGUA,TOMA DE AGUA,HLTA-2308,Cotizar,/IMAGENES TOMAS DE AGUA HLTA/HLTA-2308.jpg,,,,FORD,F-450 SUPER DUTY,V8 5.4L,2003 - 2010
HLTA-2308,Toma de agua,POLAR,TOMA DE AGUA,TOMA DE AGUA,HLTA-2308,Cotizar,/IMAGENES TOMAS DE AGUA HLTA/HLTA-2308.jpg,,,,FORD,F-550 SUPER DUTY,V8 5.4L,2003 - 2010
HLTA-2308,Toma de agua,POLAR,TOMA DE AGUA,TOMA DE AGUA,HLTA-2308,Cotizar,/IMAGENES TOMAS DE AGUA HLTA/HLTA-2308.jpg,,,,FORD,LOBO,V8 5.4L,2006 - 2008
HLTA-2308,Toma de agua,POLAR,TOMA DE AGUA,TOMA DE AGUA,HLTA-2308,Cotizar,/IMAGENES TOMAS DE AGUA HLTA/HLTA-2308.jpg,,,,LINCOLN,MARK LT,V8 5.4L,2005 - 2010
HLTA-2308,Toma de agua,POLAR,TOMA DE AGUA,TOMA DE AGUA,HLTA-2308,Cotizar,/IMAGENES TOMAS DE AGUA HLTA/HLTA-2308.jpg,,,,LINCOLN,NAVIGATOR,V8 5.4L,2006 - 2008
HLTA-2309,Toma de agua,POLAR,TOMA DE AGUA,TOMA DE AGUA,HLTA-2309,Cotizar,/IMAGENES TOMAS DE AGUA HLTA/HLTA-2309.jpg,,,,HONDA,CIVIC,L4 1.8L,2006 - 2011
HLTA-2310,Toma de agua,POLAR,TOMA DE AGUA,TOMA DE AGUA,HLTA-2310,Cotizar,/IMAGENES TOMAS DE AGUA HLTA/HLTA-2310.jpg,,,,BUICK,ENVISION,L4 2.0L,2016 - 2020
HLTA-2310,Toma de agua,POLAR,TOMA DE AGUA,TOMA DE AGUA,HLTA-2310,Cotizar,/IMAGENES TOMAS DE AGUA HLTA/HLTA-2310.jpg,,,,BUICK,REGAL,L4 2.0L,2014 - 2017
HLTA-2310,Toma de agua,POLAR,TOMA DE AGUA,TOMA DE AGUA,HLTA-2310,Cotizar,/IMAGENES TOMAS DE AGUA HLTA/HLTA-2310.jpg,,,,CADILLAC,ATS,L4 2.0L,2013 - 2019
HLTA-2310,Toma de agua,POLAR,TOMA DE AGUA,TOMA DE AGUA,HLTA-2310,Cotizar,/IMAGENES TOMAS DE AGUA HLTA/HLTA-2310.jpg,,,,CADILLAC,CTS,L4 2.0L,2014 - 2019
HLTA-2310,Toma de agua,POLAR,TOMA DE AGUA,TOMA DE AGUA,HLTA-2310,Cotizar,/IMAGENES TOMAS DE AGUA HLTA/HLTA-2310.jpg,,,,CADILLAC,XT4,L4 2.0L,2019 - 2019
HLTA-2310,Toma de agua,POLAR,TOMA DE AGUA,TOMA DE AGUA,HLTA-2310,Cotizar,/IMAGENES TOMAS DE AGUA HLTA/HLTA-2310.jpg,,,,CHEVROLET,CAMARO,L4 2.0L,2016 - 2018
HLTA-2310,Toma de agua,POLAR,TOMA DE AGUA,TOMA DE AGUA,HLTA-2310,Cotizar,/IMAGENES TOMAS DE AGUA HLTA/HLTA-2310.jpg,,,,CHEVROLET,MALIBU,L4 2.0L,2013 - 2020
HLTA-2310,Toma de agua,POLAR,TOMA DE AGUA,TOMA DE AGUA,HLTA-2310,Cotizar,/IMAGENES TOMAS DE AGUA HLTA/HLTA-2310.jpg,,,,GMC,TERRAIN,L4 2.0L,2018 - 2020
HLTA-2311,Toma de agua,POLAR,TOMA DE AGUA,TOMA DE AGUA,HLTA-2311,Cotizar,/IMAGENES TOMAS DE AGUA HLTA/HLTA-2311.jpg,,,,FORD,AEROSTAR,V6 3.0L,1993 - 1997
HLTA-2311,Toma de agua,POLAR,TOMA DE AGUA,TOMA DE AGUA,HLTA-2311,Cotizar,/IMAGENES TOMAS DE AGUA HLTA/HLTA-2311.jpg,,,,FORD,RANGER,V6 3.0L,1996 - 1997
HLTA-2311,Toma de agua,POLAR,TOMA DE AGUA,TOMA DE AGUA,HLTA-2311,Cotizar,/IMAGENES TOMAS DE AGUA HLTA/HLTA-2311.jpg,,,,FORD,TAURUS,V6 3.0L,1996 - 2007
HLTA-2311,Toma de agua,POLAR,TOMA DE AGUA,TOMA DE AGUA,HLTA-2311,Cotizar,/IMAGENES TOMAS DE AGUA HLTA/HLTA-2311.jpg,,,,FORD,WINDSTAR,V6 3.0L,1996 - 1997
HLTA-2311,Toma de agua,POLAR,TOMA DE AGUA,TOMA DE AGUA,HLTA-2311,Cotizar,/IMAGENES TOMAS DE AGUA HLTA/HLTA-2311.jpg,,,,MERCURY,SABLE,V6 3.0L,1996 - 1999
HLTA-2311,Toma de agua,POLAR,TOMA DE AGUA,TOMA DE AGUA,HLTA-2311,Cotizar,/IMAGENES TOMAS DE AGUA HLTA/HLTA-2311.jpg,,,,MERCURY,SABLE,V6 3.0L,1996 - 2005
HLTA-2312,Toma de agua,POLAR,TOMA DE AGUA,TOMA DE AGUA,HLTA-2312,Cotizar,/IMAGENES TOMAS DE AGUA HLTA/HLTA-2312.jpg,,,,NISSAN,ALTIMA,L4 2.5L,2012 - 2018
HLTA-2312,Toma de agua,POLAR,TOMA DE AGUA,TOMA DE AGUA,HLTA-2312,Cotizar,/IMAGENES TOMAS DE AGUA HLTA/HLTA-2312.jpg,,,,NISSAN,ROGUE,L4 2.5L,2008 - 2014
HLTA-2312,Toma de agua,POLAR,TOMA DE AGUA,TOMA DE AGUA,HLTA-2312,Cotizar,/IMAGENES TOMAS DE AGUA HLTA/HLTA-2312.jpg,,,,NISSAN,SENTRA,L4 2.5L,2002 - 2012
HLTA-2312,Toma de agua,POLAR,TOMA DE AGUA,TOMA DE AGUA,HLTA-2312,Cotizar,/IMAGENES TOMAS DE AGUA HLTA/HLTA-2312.jpg,,,,NISSAN,XTRAIL,L4 2.5L,2010 - 2021
HLTA-2313,Toma de agua,POLAR,TOMA DE AGUA,TOMA DE AGUA,HLTA-2313,Cotizar,/IMAGENES TOMAS DE AGUA HLTA/HLTA-2313.jpg,,,,HONDA,ACCORD,V6 3.5L,2013 - 2017
HLTA-2313,Toma de agua,POLAR,TOMA DE AGUA,TOMA DE AGUA,HLTA-2313,Cotizar,/IMAGENES TOMAS DE AGUA HLTA/HLTA-2313.jpg,,,,HONDA,CROSSTOUR,V6 3.5L,2013 - 2014
HLTA-2313,Toma de agua,POLAR,TOMA DE AGUA,TOMA DE AGUA,HLTA-2313,Cotizar,/IMAGENES TOMAS DE AGUA HLTA/HLTA-2313.jpg,,,,HONDA,PILOT,V6 3.5L,2016 - 2020
HLTA-2314,Toma de agua,POLAR,TOMA DE AGUA,TOMA DE AGUA,HLTA-2314,Cotizar,/IMAGENES TOMAS DE AGUA HLTA/HLTA-2314.jpg,,,,FORD,AEROSTAR,V6 3.0L,1990 - 1992
HLTA-2314,Toma de agua,POLAR,TOMA DE AGUA,TOMA DE AGUA,HLTA-2314,Cotizar,/IMAGENES TOMAS DE AGUA HLTA/HLTA-2314.jpg,,,,FORD,TAURUS,V6 3.0L,1986 - 1995
HLTA-2314,Toma de agua,POLAR,TOMA DE AGUA,TOMA DE AGUA,HLTA-2314,Cotizar,/IMAGENES TOMAS DE AGUA HLTA/HLTA-2314.jpg,,,,FORD,TAURUS,V6 3.8L,1990 - 1995
HLTA-2314,Toma de agua,POLAR,TOMA DE AGUA,TOMA DE AGUA,HLTA-2314,Cotizar,/IMAGENES TOMAS DE AGUA HLTA/HLTA-2314.jpg,,,,FORD,WINDSTAR,V6 3.8L,1995 - 2003
HLTA-2314,Toma de agua,POLAR,TOMA DE AGUA,TOMA DE AGUA,HLTA-2314,Cotizar,/IMAGENES TOMAS DE AGUA HLTA/HLTA-2314.jpg,,,,LINCOLN,CONTINENTAL,V6 3.8L,1988 - 1994
HLTA-2314,Toma de agua,POLAR,TOMA DE AGUA,TOMA DE AGUA,HLTA-2314,Cotizar,/IMAGENES TOMAS DE AGUA HLTA/HLTA-2314.jpg,,,,MERCURY,SABLE,V6 3.0L,1986 - 1995
HLTA-2314,Toma de agua,POLAR,TOMA DE AGUA,TOMA DE AGUA,HLTA-2314,Cotizar,/IMAGENES TOMAS DE AGUA HLTA/HLTA-2314.jpg,,,,MERCURY,SABLE,V6 3.8L,1990 - 1995
HLTA-2315,Toma de agua,POLAR,TOMA DE AGUA,TOMA DE AGUA,HLTA-2315,Cotizar,/IMAGENES TOMAS DE AGUA HLTA/HLTA-2315.jpg,,,,TOYOTA,C-HR,L4 2.0L,2018 - 2021
HLTA-2315,Toma de agua,POLAR,TOMA DE AGUA,TOMA DE AGUA,HLTA-2315,Cotizar,/IMAGENES TOMAS DE AGUA HLTA/HLTA-2315.jpg,,,,TOYOTA,COROLLA,L4 1.8L,2009 - 2021
HLTA-2315,Toma de agua,POLAR,TOMA DE AGUA,TOMA DE AGUA,HLTA-2315,Cotizar,/IMAGENES TOMAS DE AGUA HLTA/HLTA-2315.jpg,,,,TOYOTA,MATRIX,L4 1.8L,2009 - 2010
HLTA-2316,Toma de agua,POLAR,TOMA DE AGUA,TOMA DE AGUA,HLTA-2316,Cotizar,/IMAGENES TOMAS DE AGUA HLTA/HLTA-2316.jpg,,,,PEUGEOT,206,L4 1.4L,2003 - 2008
HLTA-2317,Toma de agua,POLAR,TOMA DE AGUA,TOMA DE AGUA,HLTA-2317,Cotizar,/IMAGENES TOMAS DE AGUA HLTA/HLTA-2317.jpg,,,,CHRYSLER,CIRRUS,L4 2.0L,2000 - 2000
HLTA-2317,Toma de agua,POLAR,TOMA DE AGUA,TOMA DE AGUA,HLTA-2317,Cotizar,/IMAGENES TOMAS DE AGUA HLTA/HLTA-2317.jpg,,,,CHRYSLER,CIRRUS,L4 2.4L,1995 - 1997
HLTA-2317,Toma de agua,POLAR,TOMA DE AGUA,TOMA DE AGUA,HLTA-2317,Cotizar,/IMAGENES TOMAS DE AGUA HLTA/HLTA-2317.jpg,,,,CHRYSLER,CIRRUS,L4 2.4L,1999 - 2000
HLTA-2317,Toma de agua,POLAR,TOMA DE AGUA,TOMA DE AGUA,HLTA-2317,Cotizar,/IMAGENES TOMAS DE AGUA HLTA/HLTA-2317.jpg,,,,CHRYSLER,SEBRING,L4 2.0L,1995 - 1999
HLTA-2317,Toma de agua,POLAR,TOMA DE AGUA,TOMA DE AGUA,HLTA-2317,Cotizar,/IMAGENES TOMAS DE AGUA HLTA/HLTA-2317.jpg,,,,CHRYSLER,SEBRING,L4 2.4L,1996 - 1998
HLTA-2317,Toma de agua,POLAR,TOMA DE AGUA,TOMA DE AGUA,HLTA-2317,Cotizar,/IMAGENES TOMAS DE AGUA HLTA/HLTA-2317.jpg,,,,CHRYSLER,SEBRING,L4 2.4L,2001 - 2006
HLTA-2317,Toma de agua,POLAR,TOMA DE AGUA,TOMA DE AGUA,HLTA-2317,Cotizar,/IMAGENES TOMAS DE AGUA HLTA/HLTA-2317.jpg,,,,DODGE,STRATUS,L4 2.0L,1995 - 2000
HLTA-2317,Toma de agua,POLAR,TOMA DE AGUA,TOMA DE AGUA,HLTA-2317,Cotizar,/IMAGENES TOMAS DE AGUA HLTA/HLTA-2317.jpg,,,,DODGE,STRATUS,L4 2.4L,1995 - 2006
HLTA-2318,Toma de agua,POLAR,TOMA DE AGUA,TOMA DE AGUA,HLTA-2318,Cotizar,/IMAGENES TOMAS DE AGUA HLTA/HLTA-2318.jpg,,,,CHRYSLER,CIRRUS,L4 2.0L,2000 - 2000
HLTA-2318,Toma de agua,POLAR,TOMA DE AGUA,TOMA DE AGUA,HLTA-2318,Cotizar,/IMAGENES TOMAS DE AGUA HLTA/HLTA-2318.jpg,,,,CHRYSLER,CIRRUS,L4 2.4L,1995 - 1997
HLTA-2318,Toma de agua,POLAR,TOMA DE AGUA,TOMA DE AGUA,HLTA-2318,Cotizar,/IMAGENES TOMAS DE AGUA HLTA/HLTA-2318.jpg,,,,CHRYSLER,CIRRUS,L4 2.4L,1999 - 2000
HLTA-2318,Toma de agua,POLAR,TOMA DE AGUA,TOMA DE AGUA,HLTA-2318,Cotizar,/IMAGENES TOMAS DE AGUA HLTA/HLTA-2318.jpg,,,,CHRYSLER,SEBRING,L4 2.0L,1995 - 1999
HLTA-2318,Toma de agua,POLAR,TOMA DE AGUA,TOMA DE AGUA,HLTA-2318,Cotizar,/IMAGENES TOMAS DE AGUA HLTA/HLTA-2318.jpg,,,,CHRYSLER,SEBRING,L4 2.4L,1996 - 1998
HLTA-2318,Toma de agua,POLAR,TOMA DE AGUA,TOMA DE AGUA,HLTA-2318,Cotizar,/IMAGENES TOMAS DE AGUA HLTA/HLTA-2318.jpg,,,,CHRYSLER,SEBRING,L4 2.4L,2001 - 2006
HLTA-2318,Toma de agua,POLAR,TOMA DE AGUA,TOMA DE AGUA,HLTA-2318,Cotizar,/IMAGENES TOMAS DE AGUA HLTA/HLTA-2318.jpg,,,,DODGE,STRATUS,L4 2.0L,1995 - 2000
HLTA-2318,Toma de agua,POLAR,TOMA DE AGUA,TOMA DE AGUA,HLTA-2318,Cotizar,/IMAGENES TOMAS DE AGUA HLTA/HLTA-2318.jpg,,,,DODGE,STRATUS,L4 2.4L,1995 - 2006
HLTA-2319,Toma de agua,POLAR,TOMA DE AGUA,TOMA DE AGUA,HLTA-2319,Cotizar,/IMAGENES TOMAS DE AGUA HLTA/HLTA-2319.jpg,,,,CHRYSLER,CIRRUS,L4 2.0L,2000 - 2000
HLTA-2319,Toma de agua,POLAR,TOMA DE AGUA,TOMA DE AGUA,HLTA-2319,Cotizar,/IMAGENES TOMAS DE AGUA HLTA/HLTA-2319.jpg,,,,CHRYSLER,CIRRUS,L4 2.4L,1995 - 1997
HLTA-2319,Toma de agua,POLAR,TOMA DE AGUA,TOMA DE AGUA,HLTA-2319,Cotizar,/IMAGENES TOMAS DE AGUA HLTA/HLTA-2319.jpg,,,,CHRYSLER,CIRRUS,L4 2.4L,1999 - 2000
HLTA-2319,Toma de agua,POLAR,TOMA DE AGUA,TOMA DE AGUA,HLTA-2319,Cotizar,/IMAGENES TOMAS DE AGUA HLTA/HLTA-2319.jpg,,,,CHRYSLER,SEBRING,L4 2.0L,1995 - 1999
HLTA-2319,Toma de agua,POLAR,TOMA DE AGUA,TOMA DE AGUA,HLTA-2319,Cotizar,/IMAGENES TOMAS DE AGUA HLTA/HLTA-2319.jpg,,,,CHRYSLER,SEBRING,L4 2.4L,1996 - 1998
HLTA-2319,Toma de agua,POLAR,TOMA DE AGUA,TOMA DE AGUA,HLTA-2319,Cotizar,/IMAGENES TOMAS DE AGUA HLTA/HLTA-2319.jpg,,,,CHRYSLER,SEBRING,L4 2.4L,2001 - 2006
HLTA-2319,Toma de agua,POLAR,TOMA DE AGUA,TOMA DE AGUA,HLTA-2319,Cotizar,/IMAGENES TOMAS DE AGUA HLTA/HLTA-2319.jpg,,,,DODGE,STRATUS,L4 2.0L,1995 - 2000
HLTA-2319,Toma de agua,POLAR,TOMA DE AGUA,TOMA DE AGUA,HLTA-2319,Cotizar,/IMAGENES TOMAS DE AGUA HLTA/HLTA-2319.jpg,,,,DODGE,STRATUS,L4 2.4L,1995 - 2006
HLTA-2320,Toma de agua,POLAR,TOMA DE AGUA,TOMA DE AGUA,HLTA-2320,Cotizar,/IMAGENES TOMAS DE AGUA HLTA/HLTA-2320.jpg,,,,CHRYSLER,CIRRUS,L4 2.0L,2000 - 2000
HLTA-2320,Toma de agua,POLAR,TOMA DE AGUA,TOMA DE AGUA,HLTA-2320,Cotizar,/IMAGENES TOMAS DE AGUA HLTA/HLTA-2320.jpg,,,,CHRYSLER,CIRRUS,L4 2.4L,1995 - 1997
HLTA-2320,Toma de agua,POLAR,TOMA DE AGUA,TOMA DE AGUA,HLTA-2320,Cotizar,/IMAGENES TOMAS DE AGUA HLTA/HLTA-2320.jpg,,,,CHRYSLER,CIRRUS,L4 2.4L,1999 - 2000
HLTA-2320,Toma de agua,POLAR,TOMA DE AGUA,TOMA DE AGUA,HLTA-2320,Cotizar,/IMAGENES TOMAS DE AGUA HLTA/HLTA-2320.jpg,,,,CHRYSLER,SEBRING,L4 2.0L,1995 - 1999
HLTA-2320,Toma de agua,POLAR,TOMA DE AGUA,TOMA DE AGUA,HLTA-2320,Cotizar,/IMAGENES TOMAS DE AGUA HLTA/HLTA-2320.jpg,,,,CHRYSLER,SEBRING,L4 2.4L,1996 - 1998
HLTA-2320,Toma de agua,POLAR,TOMA DE AGUA,TOMA DE AGUA,HLTA-2320,Cotizar,/IMAGENES TOMAS DE AGUA HLTA/HLTA-2320.jpg,,,,CHRYSLER,SEBRING,L4 2.4L,2001 - 2006
HLTA-2320,Toma de agua,POLAR,TOMA DE AGUA,TOMA DE AGUA,HLTA-2320,Cotizar,/IMAGENES TOMAS DE AGUA HLTA/HLTA-2320.jpg,,,,DODGE,STRATUS,L4 2.0L,1995 - 2000
HLTA-2320,Toma de agua,POLAR,TOMA DE AGUA,TOMA DE AGUA,HLTA-2320,Cotizar,/IMAGENES TOMAS DE AGUA HLTA/HLTA-2320.jpg,,,,DODGE,STRATUS,L4 2.4L,1995 - 2006
HLTA-2321,Toma de agua,POLAR,TOMA DE AGUA,TOMA DE AGUA,HLTA-2321,Cotizar,/IMAGENES TOMAS DE AGUA HLTA/HLTA-2321.jpg,,,,TOYOTA,SIENNA,V6 3.3L,2004 - 2006
HLTA-2322,Toma de agua,POLAR,TOMA DE AGUA,TOMA DE AGUA,HLTA-2322,Cotizar,/IMAGENES TOMAS DE AGUA HLTA/HLTA-2322.jpg,,,,NISSAN,URVAN,L4 2.5L,2007 - 2013
HLTA-2322,Toma de agua,POLAR,TOMA DE AGUA,TOMA DE AGUA,HLTA-2322,Cotizar,/IMAGENES TOMAS DE AGUA HLTA/HLTA-2322.jpg,,,,NISSAN,URVAN NV350,L4 2.5L,2014 - 2017
HLTA-2323,Toma de agua,POLAR,TOMA DE AGUA,TOMA DE AGUA,HLTA-2323,Cotizar,/IMAGENES TOMAS DE AGUA HLTA/HLTA-2323.jpg,,,,PEUGEOT,208,L4 1.6L,2012 - 2017
HLTA-2323,Toma de agua,POLAR,TOMA DE AGUA,TOMA DE AGUA,HLTA-2323,Cotizar,/IMAGENES TOMAS DE AGUA HLTA/HLTA-2323.jpg,,,,PEUGEOT,301,L4 1.4L,2012 - 2023
HLTA-2324,Toma de agua,POLAR,TOMA DE AGUA,TOMA DE AGUA,HLTA-2324,Cotizar,/IMAGENES TOMAS DE AGUA HLTA/HLTA-2324.jpg,,,,NISSAN,URVAN,L4 2.5L,2007 - 2013
HLTA-2324,Toma de agua,POLAR,TOMA DE AGUA,TOMA DE AGUA,HLTA-2324,Cotizar,/IMAGENES TOMAS DE AGUA HLTA/HLTA-2324.jpg,,,,NISSAN,URVAN NV350,L4 2.5L,2014 - 2017
HLTA-2325,Toma de agua,POLAR,TOMA DE AGUA,TOMA DE AGUA,HLTA-2325,Cotizar,/IMAGENES TOMAS DE AGUA HLTA/HLTA-2325.jpg,,,,DODGE,RAM PICKUP,V8 5.7L,2010-2022
HLTA-2326,Toma de agua,POLAR,TOMA DE AGUA,TOMA DE AGUA,HLTA-2326,Cotizar,/IMAGENES TOMAS DE AGUA HLTA/HLTA-2326.jpg,,,,DODGE,ATTITUDE,L4 1.4L,2005 - 2011
HLTA-2326,Toma de agua,POLAR,TOMA DE AGUA,TOMA DE AGUA,HLTA-2326,Cotizar,/IMAGENES TOMAS DE AGUA HLTA/HLTA-2326.jpg,,,,DODGE,ATTITUDE,L4 1.6L,2006 - 2011
HLTA-2327,Toma de agua,POLAR,TOMA DE AGUA,TOMA DE AGUA,HLTA-2327,Cotizar,/IMAGENES TOMAS DE AGUA HLTA/HLTA-2327.jpg,,,,CHEVROLET,BLAZER,V6 4.3L,1996 - 2005
HLTA-2327,Toma de agua,POLAR,TOMA DE AGUA,TOMA DE AGUA,HLTA-2327,Cotizar,/IMAGENES TOMAS DE AGUA HLTA/HLTA-2327.jpg,,,,CHEVROLET,K1500 SUBURBAN,V8 5.7L,1999 - 1999
HLTA-2327,Toma de agua,POLAR,TOMA DE AGUA,TOMA DE AGUA,HLTA-2327,Cotizar,/IMAGENES TOMAS DE AGUA HLTA/HLTA-2327.jpg,,,,CHEVROLET,K2500 SUBURBAN,V8 5.7L,1999 - 1999
HLTA-2327,Toma de agua,POLAR,TOMA DE AGUA,TOMA DE AGUA,HLTA-2327,Cotizar,/IMAGENES TOMAS DE AGUA HLTA/HLTA-2327.jpg,,,,CHEVROLET,K2500 SUBURBAN,V8 7.4L,1999 - 1999
HLTA-2327,Toma de agua,POLAR,TOMA DE AGUA,TOMA DE AGUA,HLTA-2327,Cotizar,/IMAGENES TOMAS DE AGUA HLTA/HLTA-2327.jpg,,,,CHEVROLET,S10 PICKUP,V6 4.3L,1996 - 2004
HLTA-2327,Toma de agua,POLAR,TOMA DE AGUA,TOMA DE AGUA,HLTA-2327,Cotizar,/IMAGENES TOMAS DE AGUA HLTA/HLTA-2327.jpg,,,,CHEVROLET,SILVERADO 1500,V6 4.3L,1999 - 2013
HLTA-2327,Toma de agua,POLAR,TOMA DE AGUA,TOMA DE AGUA,HLTA-2327,Cotizar,/IMAGENES TOMAS DE AGUA HLTA/HLTA-2327.jpg,,,,GMC,SONOMA,V6 4.3L,1996 - 2004
HLTA-2328,Toma de agua,POLAR,TOMA DE AGUA,TOMA DE AGUA,HLTA-2328,Cotizar,/IMAGENES TOMAS DE AGUA HLTA/HLTA-2328.jpg,,,,INFINITI,JX35,V6 3.5L,2011 - 2013
HLTA-2328,Toma de agua,POLAR,TOMA DE AGUA,TOMA DE AGUA,HLTA-2328,Cotizar,/IMAGENES TOMAS DE AGUA HLTA/HLTA-2328.jpg,,,,INFINITI,QX60,V6 3.5L,2013 - 2022
HLTA-2328,Toma de agua,POLAR,TOMA DE AGUA,TOMA DE AGUA,HLTA-2328,Cotizar,/IMAGENES TOMAS DE AGUA HLTA/HLTA-2328.jpg,,,,NISSAN,ALTIMA,V6 3.5L,2007 - 2018
HLTA-2328,Toma de agua,POLAR,TOMA DE AGUA,TOMA DE AGUA,HLTA-2328,Cotizar,/IMAGENES TOMAS DE AGUA HLTA/HLTA-2328.jpg,,,,NISSAN,MAXIMA,V6 3.5L,2009 - 2021
HLTA-2328,Toma de agua,POLAR,TOMA DE AGUA,TOMA DE AGUA,HLTA-2328,Cotizar,/IMAGENES TOMAS DE AGUA HLTA/HLTA-2328.jpg,,,,NISSAN,MURANO,V6 3.5L,2008 - 2021
HLTA-2328,Toma de agua,POLAR,TOMA DE AGUA,TOMA DE AGUA,HLTA-2328,Cotizar,/IMAGENES TOMAS DE AGUA HLTA/HLTA-2328.jpg,,,,NISSAN,PATHFINDER,V6 3.5L,2013 - 2015
HLTA-2328,Toma de agua,POLAR,TOMA DE AGUA,TOMA DE AGUA,HLTA-2328,Cotizar,/IMAGENES TOMAS DE AGUA HLTA/HLTA-2328.jpg,,,,NISSAN,PATHFINDER,V6 3.5L,2013 - 2020
HLTA-2328,Toma de agua,POLAR,TOMA DE AGUA,TOMA DE AGUA,HLTA-2328,Cotizar,/IMAGENES TOMAS DE AGUA HLTA/HLTA-2328.jpg,,,,NISSAN,QUEST,V6 3.5L,2011 - 2015
HLTA-2328,Toma de agua,POLAR,TOMA DE AGUA,TOMA DE AGUA,HLTA-2328,Cotizar,/IMAGENES TOMAS DE AGUA HLTA/HLTA-2328.jpg,,,,RENAULT,SAFRANE,V6 3.5L,2011 - 2015
HLTA-2329,Toma de agua,POLAR,TOMA DE AGUA,TOMA DE AGUA,HLTA-2329,Cotizar,/IMAGENES TOMAS DE AGUA HLTA/HLTA-2329.jpg,,,,NISSAN,ROGUE,L4 2.5L,2008 - 2014
HLTA-2329,Toma de agua,POLAR,TOMA DE AGUA,TOMA DE AGUA,HLTA-2329,Cotizar,/IMAGENES TOMAS DE AGUA HLTA/HLTA-2329.jpg,,,,NISSAN,SENTRA,L4 2.5L,2007 - 2012
HLTA-2330,Toma de agua,POLAR,TOMA DE AGUA,TOMA DE AGUA,HLTA-2330,Cotizar,/IMAGENES TOMAS DE AGUA HLTA/HLTA-2330.jpg,,,,ACURA,TSX,L4 2.4L,2008 - 2014
HLTA-2330,Toma de agua,POLAR,TOMA DE AGUA,TOMA DE AGUA,HLTA-2330,Cotizar,/IMAGENES TOMAS DE AGUA HLTA/HLTA-2330.jpg,,,,HONDA,ACCORD,L4 2.4L,2003 - 2012
HLTA-2330,Toma de agua,POLAR,TOMA DE AGUA,TOMA DE AGUA,HLTA-2330,Cotizar,/IMAGENES TOMAS DE AGUA HLTA/HLTA-2330.jpg,,,,HONDA,CROSSTOUR,L4 2.4L,2012 - 2015
HLTA-2330,Toma de agua,POLAR,TOMA DE AGUA,TOMA DE AGUA,HLTA-2330,Cotizar,/IMAGENES TOMAS DE AGUA HLTA/HLTA-2330.jpg,,,,HONDA,ELEMENT,L4 2.4L,2003 - 2011
HLTA-2331,Toma de agua,POLAR,TOMA DE AGUA,TOMA DE AGUA,HLTA-2331,Cotizar,/IMAGENES TOMAS DE AGUA HLTA/HLTA-2331.jpg,,,,HONDA,CITY,L4 1.5L,2009 - 2022
HLTA-2331,Toma de agua,POLAR,TOMA DE AGUA,TOMA DE AGUA,HLTA-2331,Cotizar,/IMAGENES TOMAS DE AGUA HLTA/HLTA-2331.jpg,,,,HONDA,CR-Z,L4 1.5L,2013 - 2014
HLTA-2331,Toma de agua,POLAR,TOMA DE AGUA,TOMA DE AGUA,HLTA-2331,Cotizar,/IMAGENES TOMAS DE AGUA HLTA/HLTA-2331.jpg,,,,HONDA,FIT,L4 1.5L,2012 - 2014
HLTA-2332,Toma de agua,POLAR,TOMA DE AGUA,TOMA DE AGUA,HLTA-2332,Cotizar,/IMAGENES TOMAS DE AGUA HLTA/HLTA-2332.jpg,,,,FORD,FIESTA,L4 1.6L,2014 - 2019
HLTA-2325,Toma de agua,POLAR,TOMA DE AGUA,TOMA DE AGUA,HLTA-2325,Cotizar,/IMAGENES TOMAS DE AGUA HLTA/HLTA-2325.jpg,,,,CHRYSLER,300,V8 6.4L,2010-2022
HLTA-2325,Toma de agua,POLAR,TOMA DE AGUA,TOMA DE AGUA,HLTA-2325,Cotizar,/IMAGENES TOMAS DE AGUA HLTA/HLTA-2325.jpg,,,,JEEP,WAGONEER,V8 5.7L,2010-2022
HLTA-2333,Toma de agua,POLAR,TOMA DE AGUA,TOMA DE AGUA,HLTA-2333,Cotizar,/IMAGENES TOMAS DE AGUA HLTA/HLTA-2333.jpg,,,,NISSAN,SENTRA,L4 2.0L,2007-2012
HLTA-2334,Toma de agua,POLAR,TOMA DE AGUA,TOMA DE AGUA,HLTA-2334,Cotizar,/IMAGENES TOMAS DE AGUA HLTA/HLTA-2334.jpg,,,,SUZUKI,SWIFT,L4 1.4L,2012-2017
HLTA-2335,Toma de agua,POLAR,TOMA DE AGUA,TOMA DE AGUA,HLTA-2335,Cotizar,/IMAGENES TOMAS DE AGUA HLTA/HLTA-2335.jpg,,,,HONDA,ACCORD,L4 2.2L,1990 - 1993
HLTA-2335,Toma de agua,POLAR,TOMA DE AGUA,TOMA DE AGUA,HLTA-2335,Cotizar,/IMAGENES TOMAS DE AGUA HLTA/HLTA-2335.jpg,,,,HONDA,PRELUDE,L4 2.2L,1992 - 1996
HLTA-2335,Toma de agua,POLAR,TOMA DE AGUA,TOMA DE AGUA,HLTA-2335,Cotizar,/IMAGENES TOMAS DE AGUA HLTA/HLTA-2335.jpg,,,,HONDA,PRELUDE,L4 2.3L,1992 - 1996
HLTA-2336,Toma de agua,POLAR,TOMA DE AGUA,TOMA DE AGUA,HLTA-2336,Cotizar,/IMAGENES TOMAS DE AGUA HLTA/HLTA-2336.jpg,,,,HONDA,CIVIC,L4 1.6L,1996 - 2000
HLTA-2337,Toma de agua,POLAR,TOMA DE AGUA,TOMA DE AGUA,HLTA-2337,Cotizar,/IMAGENES TOMAS DE AGUA HLTA/HLTA-2337.jpg,,,,HONDA,ACCORD,V6 3.5L,2008 - 2012
HLTA-2337,Toma de agua,POLAR,TOMA DE AGUA,TOMA DE AGUA,HLTA-2337,Cotizar,/IMAGENES TOMAS DE AGUA HLTA/HLTA-2337.jpg,,,,HONDA,ODYSSEY,V6 3.5L,2011 - 2016
HLTA-2337,Toma de agua,POLAR,TOMA DE AGUA,TOMA DE AGUA,HLTA-2337,Cotizar,/IMAGENES TOMAS DE AGUA HLTA/HLTA-2337.jpg,,,,HONDA,PILOT,V6 3.5L,2009 - 2014
HLTA-2337,Toma de agua,POLAR,TOMA DE AGUA,TOMA DE AGUA,HLTA-2337,Cotizar,/IMAGENES TOMAS DE AGUA HLTA/HLTA-2337.jpg,,,,HONDA,RIDGELINE,V6 3.5L,2009 - 2014
HLTA-2338,Toma de agua,POLAR,TOMA DE AGUA,TOMA DE AGUA,HLTA-2338,Cotizar,/IMAGENES TOMAS DE AGUA HLTA/HLTA-2338.jpg,,,,NISSAN,SENTRA,L4 1.8L,2013-2018
HLTA-2339,Toma de agua,POLAR,TOMA DE AGUA,TOMA DE AGUA,HLTA-2339,Cotizar,/IMAGENES TOMAS DE AGUA HLTA/HLTA-2339.jpg,,,,TOYOTA,AVALON,V6 3.5L,2006 - 2014
HLTA-2339,Toma de agua,POLAR,TOMA DE AGUA,TOMA DE AGUA,HLTA-2339,Cotizar,/IMAGENES TOMAS DE AGUA HLTA/HLTA-2339.jpg,,,,TOYOTA,CAMRY,V6 3.5L,2007 - 2016
HLTA-2339,Toma de agua,POLAR,TOMA DE AGUA,TOMA DE AGUA,HLTA-2339,Cotizar,/IMAGENES TOMAS DE AGUA HLTA/HLTA-2339.jpg,,,,TOYOTA,HIGHLANDER,V6 3.5L,2010 - 2014
HLTA-2339,Toma de agua,POLAR,TOMA DE AGUA,TOMA DE AGUA,HLTA-2339,Cotizar,/IMAGENES TOMAS DE AGUA HLTA/HLTA-2339.jpg,,,,TOYOTA,RAV 4,V6 3.5L,2011 - 2012
HLTA-2339,Toma de agua,POLAR,TOMA DE AGUA,TOMA DE AGUA,HLTA-2339,Cotizar,/IMAGENES TOMAS DE AGUA HLTA/HLTA-2339.jpg,,,,TOYOTA,SIENNA,V6 3.5L,2007 - 2014
HLTA-2340,Toma de agua,POLAR,TOMA DE AGUA,TOMA DE AGUA,HLTA-2340,Cotizar,/IMAGENES TOMAS DE AGUA HLTA/HLTA-2340.jpg,,,,NISSAN,URVAN,L4 2.4L,2000 - 2001
HLTA-2341,Toma de agua,POLAR,TOMA DE AGUA,TOMA DE AGUA,HLTA-2341,Cotizar,/IMAGENES TOMAS DE AGUA HLTA/HLTA-2341.jpg,,,,NISSAN,TSUBAME,L4 1.6L,1998 - 2004
HLTA-2341,Toma de agua,POLAR,TOMA DE AGUA,TOMA DE AGUA,HLTA-2341,Cotizar,/IMAGENES TOMAS DE AGUA HLTA/HLTA-2341.jpg,,,,NISSAN,TSURU,L4 1.6L,1995 - 2013
HLTA-2342,Toma de agua,POLAR,TOMA DE AGUA,TOMA DE AGUA,HLTA-2342,Cotizar,/IMAGENES TOMAS DE AGUA HLTA/HLTA-2342.jpg,,,,NISSAN,SENTRA,L4 1.6L,1990 - 1992
HLTA-2342,Toma de agua,POLAR,TOMA DE AGUA,TOMA DE AGUA,HLTA-2342,Cotizar,/IMAGENES TOMAS DE AGUA HLTA/HLTA-2342.jpg,,,,NISSAN,TSURU,L4 1.6L,1990 - 1994
HLTA-2343,Toma de agua,POLAR,TOMA DE AGUA,TOMA DE AGUA,HLTA-2343,Cotizar,/IMAGENES TOMAS DE AGUA HLTA/HLTA-2343.jpg,,,,NISSAN,URVAN,L4 2.4L,2002 - 2007
HLTA-2344,Toma de agua,POLAR,TOMA DE AGUA,TOMA DE AGUA,HLTA-2344,Cotizar,/IMAGENES TOMAS DE AGUA HLTA/HLTA-2344.jpg,,,,NISSAN,SENTRA,L4 2.0L,2007 - 2022
HLTA-2344,Toma de agua,POLAR,TOMA DE AGUA,TOMA DE AGUA,HLTA-2344,Cotizar,/IMAGENES TOMAS DE AGUA HLTA/HLTA-2344.jpg,,,,NISSAN,TIIDA,L4 1.8L,2007 - 2018
HLTA-2345,Toma de agua,POLAR,TOMA DE AGUA,TOMA DE AGUA,HLTA-2345,Cotizar,/IMAGENES TOMAS DE AGUA HLTA/HLTA-2345.jpg,,,,CHRYSLER,PACIFICA,V6 3.8L,2007 - 2008
HLTA-2345,Toma de agua,POLAR,TOMA DE AGUA,TOMA DE AGUA,HLTA-2345,Cotizar,/IMAGENES TOMAS DE AGUA HLTA/HLTA-2345.jpg,,,,CHRYSLER,PACIFICA,V6 4.0L,2006 - 2008
HLTA-2345,Toma de agua,POLAR,TOMA DE AGUA,TOMA DE AGUA,HLTA-2345,Cotizar,/IMAGENES TOMAS DE AGUA HLTA/HLTA-2345.jpg,,,,CHRYSLER,SEBRING,L4 2.4L,2007 - 2007
HLTA-2345,Toma de agua,POLAR,TOMA DE AGUA,TOMA DE AGUA,HLTA-2345,Cotizar,/IMAGENES TOMAS DE AGUA HLTA/HLTA-2345.jpg,,,,CHRYSLER,SEBRING,V6 2.7L,2007 - 2007
HLTA-2345,Toma de agua,POLAR,TOMA DE AGUA,TOMA DE AGUA,HLTA-2345,Cotizar,/IMAGENES TOMAS DE AGUA HLTA/HLTA-2345.jpg,,,,CHRYSLER,SEBRING,V6 3.5L,2007 - 2010
HLTA-2345,Toma de agua,POLAR,TOMA DE AGUA,TOMA DE AGUA,HLTA-2345,Cotizar,/IMAGENES TOMAS DE AGUA HLTA/HLTA-2345.jpg,,,,CHRYSLER,TOWN & COUNTRY,V6 3.3L,2008 - 2010
HLTA-2345,Toma de agua,POLAR,TOMA DE AGUA,TOMA DE AGUA,HLTA-2345,Cotizar,/IMAGENES TOMAS DE AGUA HLTA/HLTA-2345.jpg,,,,CHRYSLER,TOWN & COUNTRY,V6 3.8L,2008 - 2010
HLTA-2345,Toma de agua,POLAR,TOMA DE AGUA,TOMA DE AGUA,HLTA-2345,Cotizar,/IMAGENES TOMAS DE AGUA HLTA/HLTA-2345.jpg,,,,CHRYSLER,TOWN & COUNTRY,V6 4.0L,2008 - 2010
HLTA-2345,Toma de agua,POLAR,TOMA DE AGUA,TOMA DE AGUA,HLTA-2345,Cotizar,/IMAGENES TOMAS DE AGUA HLTA/HLTA-2345.jpg,,,,DODGE,AVENGER,V6 2.7L,2007 - 2007
HLTA-2345,Toma de agua,POLAR,TOMA DE AGUA,TOMA DE AGUA,HLTA-2345,Cotizar,/IMAGENES TOMAS DE AGUA HLTA/HLTA-2345.jpg,,,,DODGE,AVENGER,V6 3.5L,2008 - 2010
HLTA-2345,Toma de agua,POLAR,TOMA DE AGUA,TOMA DE AGUA,HLTA-2345,Cotizar,/IMAGENES TOMAS DE AGUA HLTA/HLTA-2345.jpg,,,,DODGE,GRAND CARAVAN,V6 3.3L,2008 - 2010
HLTA-2345,Toma de agua,POLAR,TOMA DE AGUA,TOMA DE AGUA,HLTA-2345,Cotizar,/IMAGENES TOMAS DE AGUA HLTA/HLTA-2345.jpg,,,,DODGE,GRAND CARAVAN,V6 3.8L,2008 - 2010
HLTA-2345,Toma de agua,POLAR,TOMA DE AGUA,TOMA DE AGUA,HLTA-2345,Cotizar,/IMAGENES TOMAS DE AGUA HLTA/HLTA-2345.jpg,,,,DODGE,GRAND CARAVAN,V6 4.0L,2008 - 2010
HLTA-2345,Toma de agua,POLAR,TOMA DE AGUA,TOMA DE AGUA,HLTA-2345,Cotizar,/IMAGENES TOMAS DE AGUA HLTA/HLTA-2345.jpg,,,,DODGE,JOURNEY,V6 3.5L,2009 - 2010
HLTA-2345,Toma de agua,POLAR,TOMA DE AGUA,TOMA DE AGUA,HLTA-2345,Cotizar,/IMAGENES TOMAS DE AGUA HLTA/HLTA-2345.jpg,,,,DODGE,NITRO,V6 3.7L,2007 - 2012
HLTA-2345,Toma de agua,POLAR,TOMA DE AGUA,TOMA DE AGUA,HLTA-2345,Cotizar,/IMAGENES TOMAS DE AGUA HLTA/HLTA-2345.jpg,,,,DODGE,NITRO,V6 4.0L,2006 - 2011
HLTA-2346,Toma de agua,POLAR,TOMA DE AGUA,TOMA DE AGUA,HLTA-2346,Cotizar,/IMAGENES TOMAS DE AGUA HLTA/HLTA-2346.jpg,,,,VOLKSWAGEN,EUROVAN,V6 2.8L,2000 - 2004
HLTA-2346,Toma de agua,POLAR,TOMA DE AGUA,TOMA DE AGUA,HLTA-2346,Cotizar,/IMAGENES TOMAS DE AGUA HLTA/HLTA-2346.jpg,,,,VOLKSWAGEN,GOLF,V6 2.8L,1995 - 1998
HLTA-2346,Toma de agua,POLAR,TOMA DE AGUA,TOMA DE AGUA,HLTA-2346,Cotizar,/IMAGENES TOMAS DE AGUA HLTA/HLTA-2346.jpg,,,,VOLKSWAGEN,JETTA,V6 2.8L,1994 - 1999
HLTA-2346,Toma de agua,POLAR,TOMA DE AGUA,TOMA DE AGUA,HLTA-2346,Cotizar,/IMAGENES TOMAS DE AGUA HLTA/HLTA-2346.jpg,,,,VOLKSWAGEN,PASSAT,V6 2.8L,1993 - 1997
HLTA-2347,Toma de agua,POLAR,TOMA DE AGUA,TOMA DE AGUA,HLTA-2347,Cotizar,/IMAGENES TOMAS DE AGUA HLTA/HLTA-2347.jpg,,,,VOLKSWAGEN,GOLF,L4 2.0L,1990 - 1992
HLTA-2347,Toma de agua,POLAR,TOMA DE AGUA,TOMA DE AGUA,HLTA-2347,Cotizar,/IMAGENES TOMAS DE AGUA HLTA/HLTA-2347.jpg,,,,VOLKSWAGEN,JETTA,L4 2.0L,1990 - 1992
HLTA-2347,Toma de agua,POLAR,TOMA DE AGUA,TOMA DE AGUA,HLTA-2347,Cotizar,/IMAGENES TOMAS DE AGUA HLTA/HLTA-2347.jpg,,,,VOLKSWAGEN,PASSAT,L4 2.0L,1990 - 1993
HLTA-2348,Toma de agua,POLAR,TOMA DE AGUA,TOMA DE AGUA,HLTA-2348,Cotizar,/IMAGENES TOMAS DE AGUA HLTA/HLTA-2348.jpg,,,,VOLKSWAGEN,EUROVAN,L5 2.5L,2001 - 2005
HLTA-2349,Toma de agua,POLAR,TOMA DE AGUA,TOMA DE AGUA,HLTA-2349,Cotizar,/IMAGENES TOMAS DE AGUA HLTA/HLTA-2349.jpg,,,,VOLKSWAGEN,GOLF,V6 2.8L,1999 - 2005
HLTA-2349,Toma de agua,POLAR,TOMA DE AGUA,TOMA DE AGUA,HLTA-2349,Cotizar,/IMAGENES TOMAS DE AGUA HLTA/HLTA-2349.jpg,,,,VOLKSWAGEN,JETTA,V6 2.8L,1999 - 2004
HLTA-2350,Toma de agua,POLAR,TOMA DE AGUA,TOMA DE AGUA,HLTA-2350,Cotizar,/IMAGENES TOMAS DE AGUA HLTA/HLTA-2350.jpg,,,,INFINITI,FX45,V8 4.5L,2003 - 2008
HLTA-2350,Toma de agua,POLAR,TOMA DE AGUA,TOMA DE AGUA,HLTA-2350,Cotizar,/IMAGENES TOMAS DE AGUA HLTA/HLTA-2350.jpg,,,,INFINITI,M45,V8 4.5L,2003 - 2004
HLTA-2350,Toma de agua,POLAR,TOMA DE AGUA,TOMA DE AGUA,HLTA-2350,Cotizar,/IMAGENES TOMAS DE AGUA HLTA/HLTA-2350.jpg,,,,INFINITI,M45,V8 4.5L,2006 - 2010
HLTA-2350,Toma de agua,POLAR,TOMA DE AGUA,TOMA DE AGUA,HLTA-2350,Cotizar,/IMAGENES TOMAS DE AGUA HLTA/HLTA-2350.jpg,,,,INFINITI,Q45,V8 4.5L,2002 - 2006
HLTA-2350,Toma de agua,POLAR,TOMA DE AGUA,TOMA DE AGUA,HLTA-2350,Cotizar,/IMAGENES TOMAS DE AGUA HLTA/HLTA-2350.jpg,,,,INFINITI,QX56,V8 5.6L,2004 - 2010
HLTA-2350,Toma de agua,POLAR,TOMA DE AGUA,TOMA DE AGUA,HLTA-2350,Cotizar,/IMAGENES TOMAS DE AGUA HLTA/HLTA-2350.jpg,,,,NISSAN,ARMADA,V8 5.6L,2005 - 2015
HLTA-2350,Toma de agua,POLAR,TOMA DE AGUA,TOMA DE AGUA,HLTA-2350,Cotizar,/IMAGENES TOMAS DE AGUA HLTA/HLTA-2350.jpg,,,,NISSAN,NV2500,V8 5.6L,2012 - 2016
HLTA-2350,Toma de agua,POLAR,TOMA DE AGUA,TOMA DE AGUA,HLTA-2350,Cotizar,/IMAGENES TOMAS DE AGUA HLTA/HLTA-2350.jpg,,,,NISSAN,NV3500,V8 5.6L,2012 - 2016
HLTA-2350,Toma de agua,POLAR,TOMA DE AGUA,TOMA DE AGUA,HLTA-2350,Cotizar,/IMAGENES TOMAS DE AGUA HLTA/HLTA-2350.jpg,,,,NISSAN,PATHFINDER,V8 5.6L,2008 - 2012
HLTA-2350,Toma de agua,POLAR,TOMA DE AGUA,TOMA DE AGUA,HLTA-2350,Cotizar,/IMAGENES TOMAS DE AGUA HLTA/HLTA-2350.jpg,,,,NISSAN,TITAN,V8 5.6L,2004 - 2015
HLTA-2351,Toma de agua,POLAR,TOMA DE AGUA,TOMA DE AGUA,HLTA-2351,Cotizar,/IMAGENES TOMAS DE AGUA HLTA/HLTA-2351.jpg,,,,FIAT,PALIO,L4 1.6L,2003 - 2010
HLTA-2352,Toma de agua,POLAR,TOMA DE AGUA,TOMA DE AGUA,HLTA-2352,Cotizar,/IMAGENES TOMAS DE AGUA HLTA/HLTA-2352.jpg,,,,FIAT,PANDA,L4 1.2L,2007 - 2009
HLTA-2353,Toma de agua,POLAR,TOMA DE AGUA,TOMA DE AGUA,HLTA-2353,Cotizar,/IMAGENES TOMAS DE AGUA HLTA/HLTA-2353.jpg,,,,NISSAN,ALTIMA,L4 2.5L,2006 - 2023
HLTA-2353,Toma de agua,POLAR,TOMA DE AGUA,TOMA DE AGUA,HLTA-2353,Cotizar,/IMAGENES TOMAS DE AGUA HLTA/HLTA-2353.jpg,,,,NISSAN,ALTIMA,V6 3.5L,2006 - 2018
HLTA-2353,Toma de agua,POLAR,TOMA DE AGUA,TOMA DE AGUA,HLTA-2353,Cotizar,/IMAGENES TOMAS DE AGUA HLTA/HLTA-2353.jpg,,,,NISSAN,MAXIMA,V6 3.5L,2009 - 2015
HLTA-2354,Toma de agua,POLAR,TOMA DE AGUA,TOMA DE AGUA,HLTA-2354,Cotizar,/IMAGENES TOMAS DE AGUA HLTA/HLTA-2354.jpg,,,,MITSUBISHI,ASX,L4 2.0L,2013 - 2015
HLTA-2354,Toma de agua,POLAR,TOMA DE AGUA,TOMA DE AGUA,HLTA-2354,Cotizar,/IMAGENES TOMAS DE AGUA HLTA/HLTA-2354.jpg,,,,MITSUBISHI,LANCER,L4 2.0L,2009 - 2017
HLTA-2354,Toma de agua,POLAR,TOMA DE AGUA,TOMA DE AGUA,HLTA-2354,Cotizar,/IMAGENES TOMAS DE AGUA HLTA/HLTA-2354.jpg,,,,MITSUBISHI,LANCER,L4 2.4L,2009 - 2016
HLTA-2354,Toma de agua,POLAR,TOMA DE AGUA,TOMA DE AGUA,HLTA-2354,Cotizar,/IMAGENES TOMAS DE AGUA HLTA/HLTA-2354.jpg,,,,MITSUBISHI,OUTLANDER,L4 2.0L,2011 - 2021
HLTA-2354,Toma de agua,POLAR,TOMA DE AGUA,TOMA DE AGUA,HLTA-2354,Cotizar,/IMAGENES TOMAS DE AGUA HLTA/HLTA-2354.jpg,,,,MITSUBISHI,OUTLANDER,L4 2.4L,2008 - 2021
HLTA-2354,Toma de agua,POLAR,TOMA DE AGUA,TOMA DE AGUA,HLTA-2354,Cotizar,/IMAGENES TOMAS DE AGUA HLTA/HLTA-2354.jpg,,,,MITSUBISHI,OUTLANDER,V6 3.0L,2007 - 2013
HLTA-2355,Toma de agua,POLAR,TOMA DE AGUA,TOMA DE AGUA,HLTA-2355,Cotizar,/IMAGENES TOMAS DE AGUA HLTA/HLTA-2355.jpg,,,,DODGE,ATTITUDE,L4 1.6L,2012 - 2015
HLTA-2356,Toma de agua,POLAR,TOMA DE AGUA,TOMA DE AGUA,HLTA-2356,Cotizar,/IMAGENES TOMAS DE AGUA HLTA/HLTA-2356.jpg,,,,TOYOTA,YARIS,L4 1.5L,2006 - 2015
HLTA-2357,Toma de agua,POLAR,TOMA DE AGUA,TOMA DE AGUA,HLTA-2357,Cotizar,/IMAGENES TOMAS DE AGUA HLTA/HLTA-2357.jpg,,,,LEXUS,RX350,V6 3.5L,2007 - 2009
HLTA-2357,Toma de agua,POLAR,TOMA DE AGUA,TOMA DE AGUA,HLTA-2357,Cotizar,/IMAGENES TOMAS DE AGUA HLTA/HLTA-2357.jpg,,,,TOYOTA,SIENNA,V6 3.5L,2007 - 2009
HLTA-2358,Toma de agua,POLAR,TOMA DE AGUA,TOMA DE AGUA,HLTA-2358,Cotizar,/IMAGENES TOMAS DE AGUA HLTA/HLTA-2358.jpg,,,,SCION,XA,L4 1.5L,2004 - 2006
HLTA-2358,Toma de agua,POLAR,TOMA DE AGUA,TOMA DE AGUA,HLTA-2358,Cotizar,/IMAGENES TOMAS DE AGUA HLTA/HLTA-2358.jpg,,,,SCION,XB,L4 1.5L,2004 - 2006
HLTA-2358,Toma de agua,POLAR,TOMA DE AGUA,TOMA DE AGUA,HLTA-2358,Cotizar,/IMAGENES TOMAS DE AGUA HLTA/HLTA-2358.jpg,,,,TOYOTA,ECHO,L4 1.5L,2000 - 2005
HLTA-2358,Toma de agua,POLAR,TOMA DE AGUA,TOMA DE AGUA,HLTA-2358,Cotizar,/IMAGENES TOMAS DE AGUA HLTA/HLTA-2358.jpg,,,,TOYOTA,YARIS,L4 1.5L,2006 - 2016
HLTA-2359,Toma de agua,POLAR,TOMA DE AGUA,TOMA DE AGUA,HLTA-2359,Cotizar,/IMAGENES TOMAS DE AGUA HLTA/HLTA-2359.jpg,,,,TOYOTA,CAMRY,L4 2.2L,1997 - 2001
HLTA-2359,Toma de agua,POLAR,TOMA DE AGUA,TOMA DE AGUA,HLTA-2359,Cotizar,/IMAGENES TOMAS DE AGUA HLTA/HLTA-2359.jpg,,,,TOYOTA,CAMRY,V6 3.0L,1997 - 2001
HLTA-2359,Toma de agua,POLAR,TOMA DE AGUA,TOMA DE AGUA,HLTA-2359,Cotizar,/IMAGENES TOMAS DE AGUA HLTA/HLTA-2359.jpg,,,,TOYOTA,RAV 4,L4 2.0L,1996 - 2000
HLTA-2359,Toma de agua,POLAR,TOMA DE AGUA,TOMA DE AGUA,HLTA-2359,Cotizar,/IMAGENES TOMAS DE AGUA HLTA/HLTA-2359.jpg,,,,TOYOTA,SOLARA,L4 2.2L,1999 - 2002
HLTA-2359,Toma de agua,POLAR,TOMA DE AGUA,TOMA DE AGUA,HLTA-2359,Cotizar,/IMAGENES TOMAS DE AGUA HLTA/HLTA-2359.jpg,,,,TOYOTA,SOLARA,V6 3.0L,1999 - 2002
HLTA-2360,Toma de agua,POLAR,TOMA DE AGUA,TOMA DE AGUA,HLTA-2360,Cotizar,/IMAGENES TOMAS DE AGUA HLTA/HLTA-2360.jpg,,,,TOYOTA,COROLLA,L4 1.8L,2001 - 2008
HLTA-2360,Toma de agua,POLAR,TOMA DE AGUA,TOMA DE AGUA,HLTA-2360,Cotizar,/IMAGENES TOMAS DE AGUA HLTA/HLTA-2360.jpg,,,,TOYOTA,MATRIX,L4 1.8L,2003 - 2008
HLTA-2360,Toma de agua,POLAR,TOMA DE AGUA,TOMA DE AGUA,HLTA-2360,Cotizar,/IMAGENES TOMAS DE AGUA HLTA/HLTA-2360.jpg,,,,TOYOTA,MR2,L4 1.8L,1999 - 2007
HLTA-2360,Toma de agua,POLAR,TOMA DE AGUA,TOMA DE AGUA,HLTA-2360,Cotizar,/IMAGENES TOMAS DE AGUA HLTA/HLTA-2360.jpg,,,,TOYOTA,MR2 SPYDER,L4 1.8L,2000 - 2005
HLTA-2361,Toma de agua,POLAR,TOMA DE AGUA,TOMA DE AGUA,HLTA-2361,Cotizar,/IMAGENES TOMAS DE AGUA HLTA/HLTA-2361.jpg,,,,TOYOTA,4 RUNNER,V6 4.0L,2003 - 2013
HLTA-2361,Toma de agua,POLAR,TOMA DE AGUA,TOMA DE AGUA,HLTA-2361,Cotizar,/IMAGENES TOMAS DE AGUA HLTA/HLTA-2361.jpg,,,,TOYOTA,FJ CRUISER,V6 4.0L,2007 - 2014
HLTA-2361,Toma de agua,POLAR,TOMA DE AGUA,TOMA DE AGUA,HLTA-2361,Cotizar,/IMAGENES TOMAS DE AGUA HLTA/HLTA-2361.jpg,,,,TOYOTA,TACOMA,V6 4.0L,2005 - 2015
HLTA-2361,Toma de agua,POLAR,TOMA DE AGUA,TOMA DE AGUA,HLTA-2361,Cotizar,/IMAGENES TOMAS DE AGUA HLTA/HLTA-2361.jpg,,,,TOYOTA,TUNDRA,V6 4.0L,2005 - 2014
HLTA-2362,Toma de agua,POLAR,TOMA DE AGUA,TOMA DE AGUA,HLTA-2362,Cotizar,/IMAGENES TOMAS DE AGUA HLTA/HLTA-2362.jpg,,,,RENAULT,FLUENCE,L4 2.0L,2010 - 2017
HLTA-2363,Toma de agua,POLAR,TOMA DE AGUA,TOMA DE AGUA,HLTA-2363,Cotizar,/IMAGENES TOMAS DE AGUA HLTA/HLTA-2363.jpg,,,,DODGE,ATOS,L4 1.1L,2005 - 2011
HLTA-2363,Toma de agua,POLAR,TOMA DE AGUA,TOMA DE AGUA,HLTA-2363,Cotizar,/IMAGENES TOMAS DE AGUA HLTA/HLTA-2363.jpg,,,,DODGE,i10,L4 1.1L,2012 - 2014
HLTA-2364,Toma de agua,POLAR,TOMA DE AGUA,TOMA DE AGUA,HLTA-2364,Cotizar,/IMAGENES TOMAS DE AGUA HLTA/HLTA-2364.jpg,,,,DODGE,ATOS,L4 1.0L,2001 - 2004
HLTA-2364,Toma de agua,POLAR,TOMA DE AGUA,TOMA DE AGUA,HLTA-2364,Cotizar,/IMAGENES TOMAS DE AGUA HLTA/HLTA-2364.jpg,,,,DODGE,ATOS,L4 1.1L,2005 - 2011
HLTA-2364,Toma de agua,POLAR,TOMA DE AGUA,TOMA DE AGUA,HLTA-2364,Cotizar,/IMAGENES TOMAS DE AGUA HLTA/HLTA-2364.jpg,,,,DODGE,i10,L4 1.1L,2012 - 2014
HLTA-2365,Toma de agua,POLAR,TOMA DE AGUA,TOMA DE AGUA,HLTA-2365,Cotizar,/IMAGENES TOMAS DE AGUA HLTA/HLTA-2365.jpg,,,,DODGE,ATOS,L4 1.0L,2001 - 2004
HLTA-2366,Toma de agua,POLAR,TOMA DE AGUA,TOMA DE AGUA,HLTA-2366,Cotizar,/IMAGENES TOMAS DE AGUA HLTA/HLTA-2366.jpg,,,,DODGE,ATOS,L4 1.0L,2005 - 2011
HLTA-2367,Toma de agua,POLAR,TOMA DE AGUA,TOMA DE AGUA,HLTA-2367,Cotizar,/IMAGENES TOMAS DE AGUA HLTA/HLTA-2367.jpg,,,,DODGE,H100,L4 2.5L,2006 - 2014
HLTA-2368,Toma de agua,POLAR,TOMA DE AGUA,TOMA DE AGUA,HLTA-2368,Cotizar,/IMAGENES TOMAS DE AGUA HLTA/HLTA-2368.jpg,,,,DODGE,H100,L4 2.4L,2001 - 2005
HLTA-2369,Toma de agua,POLAR,TOMA DE AGUA,TOMA DE AGUA,HLTA-2369,Cotizar,/IMAGENES TOMAS DE AGUA HLTA/HLTA-2369.jpg,,,,MINI,COOPER,L4 1.6L,2002 - 2008
HLTA-2370,Toma de agua,POLAR,TOMA DE AGUA,TOMA DE AGUA,HLTA-2370,Cotizar,/IMAGENES TOMAS DE AGUA HLTA/HLTA-2370.jpg,,,,MINI,COOPER,L4 1.6L,2002 - 2006
HLTA-2371,Toma de agua,POLAR,TOMA DE AGUA,TOMA DE AGUA,HLTA-2371,Cotizar,/IMAGENES TOMAS DE AGUA HLTA/HLTA-2371.jpg,,,,BMW,316i,L4 1.6L,1993 - 2000
HLTA-2371,Toma de agua,POLAR,TOMA DE AGUA,TOMA DE AGUA,HLTA-2371,Cotizar,/IMAGENES TOMAS DE AGUA HLTA/HLTA-2371.jpg,,,,BMW,318i,L4 1.8L,1993 - 1999
HLTA-2371,Toma de agua,POLAR,TOMA DE AGUA,TOMA DE AGUA,HLTA-2371,Cotizar,/IMAGENES TOMAS DE AGUA HLTA/HLTA-2371.jpg,,,,BMW,518i,L4 1.8L,1990 - 1997
HLTA-2371,Toma de agua,POLAR,TOMA DE AGUA,TOMA DE AGUA,HLTA-2371,Cotizar,/IMAGENES TOMAS DE AGUA HLTA/HLTA-2371.jpg,,,,BMW,Z3,L4 1.8L,1995 - 1998
HLTA-2372,Toma de agua,POLAR,TOMA DE AGUA,TOMA DE AGUA,HLTA-2372,Cotizar,/IMAGENES TOMAS DE AGUA HLTA/HLTA-2372.jpg,,,,BMW,323Ci,L6 3.0L,2000 - 2000
HLTA-2372,Toma de agua,POLAR,TOMA DE AGUA,TOMA DE AGUA,HLTA-2372,Cotizar,/IMAGENES TOMAS DE AGUA HLTA/HLTA-2372.jpg,,,,BMW,325i,L6 3.0L,2001 - 2005
HLTA-2372,Toma de agua,POLAR,TOMA DE AGUA,TOMA DE AGUA,HLTA-2372,Cotizar,/IMAGENES TOMAS DE AGUA HLTA/HLTA-2372.jpg,,,,BMW,328i,L6 3.0L,1999 - 1999
HLTA-2372,Toma de agua,POLAR,TOMA DE AGUA,TOMA DE AGUA,HLTA-2372,Cotizar,/IMAGENES TOMAS DE AGUA HLTA/HLTA-2372.jpg,,,,BMW,330Ci,L6 3.0L,2001 - 2006
HLTA-2372,Toma de agua,POLAR,TOMA DE AGUA,TOMA DE AGUA,HLTA-2372,Cotizar,/IMAGENES TOMAS DE AGUA HLTA/HLTA-2372.jpg,,,,BMW,330Ci,L6 3.0L,2002 - 2006
HLTA-2372,Toma de agua,POLAR,TOMA DE AGUA,TOMA DE AGUA,HLTA-2372,Cotizar,/IMAGENES TOMAS DE AGUA HLTA/HLTA-2372.jpg,,,,BMW,330i,L6 3.0L,2001 - 2005
HLTA-2372,Toma de agua,POLAR,TOMA DE AGUA,TOMA DE AGUA,HLTA-2372,Cotizar,/IMAGENES TOMAS DE AGUA HLTA/HLTA-2372.jpg,,,,BMW,528i,L6 3.0L,1999 - 2000
HLTA-2372,Toma de agua,POLAR,TOMA DE AGUA,TOMA DE AGUA,HLTA-2372,Cotizar,/IMAGENES TOMAS DE AGUA HLTA/HLTA-2372.jpg,,,,BMW,530i,L6 3.0L,2001 - 2005
HLTA-2372,Toma de agua,POLAR,TOMA DE AGUA,TOMA DE AGUA,HLTA-2372,Cotizar,/IMAGENES TOMAS DE AGUA HLTA/HLTA-2372.jpg,,,,BMW,X3,L6 3.0L,2004 - 2006
HLTA-2372,Toma de agua,POLAR,TOMA DE AGUA,TOMA DE AGUA,HLTA-2372,Cotizar,/IMAGENES TOMAS DE AGUA HLTA/HLTA-2372.jpg,,,,BMW,X5,L6 3.0L,2001 - 2006
HLTA-2372,Toma de agua,POLAR,TOMA DE AGUA,TOMA DE AGUA,HLTA-2372,Cotizar,/IMAGENES TOMAS DE AGUA HLTA/HLTA-2372.jpg,,,,BMW,Z3,L6 3.0L,1999 - 2002
HLTA-2373,Toma de agua,POLAR,TOMA DE AGUA,TOMA DE AGUA,HLTA-2373,Cotizar,/IMAGENES TOMAS DE AGUA HLTA/HLTA-2373.jpg,,,,BMW,540i,V8 4.4L,1999 - 2003
HLTA-2373,Toma de agua,POLAR,TOMA DE AGUA,TOMA DE AGUA,HLTA-2373,Cotizar,/IMAGENES TOMAS DE AGUA HLTA/HLTA-2373.jpg,,,,BMW,740i,V8 4.4L,1999 - 2000
HLTA-2373,Toma de agua,POLAR,TOMA DE AGUA,TOMA DE AGUA,HLTA-2373,Cotizar,/IMAGENES TOMAS DE AGUA HLTA/HLTA-2373.jpg,,,,BMW,740iL,V8 4.4L,1999 - 2001
HLTA-2373,Toma de agua,POLAR,TOMA DE AGUA,TOMA DE AGUA,HLTA-2373,Cotizar,/IMAGENES TOMAS DE AGUA HLTA/HLTA-2373.jpg,,,,BMW,X5,V8 4.4L,2000 - 2003
HLTA-2373,Toma de agua,POLAR,TOMA DE AGUA,TOMA DE AGUA,HLTA-2373,Cotizar,/IMAGENES TOMAS DE AGUA HLTA/HLTA-2373.jpg,,,,BMW,X5,V8 4.6L,2002 - 2003
HLTA-2374,Toma de agua,POLAR,TOMA DE AGUA,TOMA DE AGUA,HLTA-2374,Cotizar,/IMAGENES TOMAS DE AGUA HLTA/HLTA-2374.jpg,,,,BMW,316Ci,L4 1.6L,2000 - 2000
HLTA-2374,Toma de agua,POLAR,TOMA DE AGUA,TOMA DE AGUA,HLTA-2374,Cotizar,/IMAGENES TOMAS DE AGUA HLTA/HLTA-2374.jpg,,,,BMW,316Ci,L4 1.6L,2002 - 2002
HLTA-2374,Toma de agua,POLAR,TOMA DE AGUA,TOMA DE AGUA,HLTA-2374,Cotizar,/IMAGENES TOMAS DE AGUA HLTA/HLTA-2374.jpg,,,,BMW,316Ci,L4 1.9L,1999 - 2001
HLTA-2374,Toma de agua,POLAR,TOMA DE AGUA,TOMA DE AGUA,HLTA-2374,Cotizar,/IMAGENES TOMAS DE AGUA HLTA/HLTA-2374.jpg,,,,BMW,316i,L4 1.9L,1998 - 2005
HLTA-2374,Toma de agua,POLAR,TOMA DE AGUA,TOMA DE AGUA,HLTA-2374,Cotizar,/IMAGENES TOMAS DE AGUA HLTA/HLTA-2374.jpg,,,,BMW,316Ti,L4 1.6L,2002 - 2005
HLTA-2374,Toma de agua,POLAR,TOMA DE AGUA,TOMA DE AGUA,HLTA-2374,Cotizar,/IMAGENES TOMAS DE AGUA HLTA/HLTA-2374.jpg,,,,BMW,318i,L4 1.9L,1998 - 2001
HLTA-2374,Toma de agua,POLAR,TOMA DE AGUA,TOMA DE AGUA,HLTA-2374,Cotizar,/IMAGENES TOMAS DE AGUA HLTA/HLTA-2374.jpg,,,,BMW,318i,L4 1.9L,1999 - 2001
HLTA-2374,Toma de agua,POLAR,TOMA DE AGUA,TOMA DE AGUA,HLTA-2374,Cotizar,/IMAGENES TOMAS DE AGUA HLTA/HLTA-2374.jpg,,,,BMW,Z3,L4 1.9L,1998 - 2003
HLTA-2374,Toma de agua,POLAR,TOMA DE AGUA,TOMA DE AGUA,HLTA-2374,Cotizar,/IMAGENES TOMAS DE AGUA HLTA/HLTA-2374.jpg,,,,BMW,Z3,L4 1.9L,1999 - 2003
HLTA-2375,Toma de agua,POLAR,TOMA DE AGUA,TOMA DE AGUA,HLTA-2375,Cotizar,/IMAGENES TOMAS DE AGUA HLTA/HLTA-2375.jpg,,,,BMW,1 SERIES M,L6 3.0L,2011 - 2011
HLTA-2375,Toma de agua,POLAR,TOMA DE AGUA,TOMA DE AGUA,HLTA-2375,Cotizar,/IMAGENES TOMAS DE AGUA HLTA/HLTA-2375.jpg,,,,BMW,128i,L6 3.0L,2008 - 2013
HLTA-2375,Toma de agua,POLAR,TOMA DE AGUA,TOMA DE AGUA,HLTA-2375,Cotizar,/IMAGENES TOMAS DE AGUA HLTA/HLTA-2375.jpg,,,,BMW,135i,L6 3.0L,2008 - 2010
HLTA-2375,Toma de agua,POLAR,TOMA DE AGUA,TOMA DE AGUA,HLTA-2375,Cotizar,/IMAGENES TOMAS DE AGUA HLTA/HLTA-2375.jpg,,,,BMW,325i,L6 3.0L,2006 - 2011
HLTA-2375,Toma de agua,POLAR,TOMA DE AGUA,TOMA DE AGUA,HLTA-2375,Cotizar,/IMAGENES TOMAS DE AGUA HLTA/HLTA-2375.jpg,,,,BMW,325Xi,L6 3.0L,2006 - 2006
HLTA-2375,Toma de agua,POLAR,TOMA DE AGUA,TOMA DE AGUA,HLTA-2375,Cotizar,/IMAGENES TOMAS DE AGUA HLTA/HLTA-2375.jpg,,,,BMW,328i,L6 3.0L,2007 - 2013
HLTA-2375,Toma de agua,POLAR,TOMA DE AGUA,TOMA DE AGUA,HLTA-2375,Cotizar,/IMAGENES TOMAS DE AGUA HLTA/HLTA-2375.jpg,,,,BMW,328i xDrive,L6 3.0L,2009 - 2011
HLTA-2375,Toma de agua,POLAR,TOMA DE AGUA,TOMA DE AGUA,HLTA-2375,Cotizar,/IMAGENES TOMAS DE AGUA HLTA/HLTA-2375.jpg,,,,BMW,328xi,L6 3.0L,2007 - 2008
HLTA-2375,Toma de agua,POLAR,TOMA DE AGUA,TOMA DE AGUA,HLTA-2375,Cotizar,/IMAGENES TOMAS DE AGUA HLTA/HLTA-2375.jpg,,,,BMW,330i,L6 3.0L,2006 - 2007
HLTA-2375,Toma de agua,POLAR,TOMA DE AGUA,TOMA DE AGUA,HLTA-2375,Cotizar,/IMAGENES TOMAS DE AGUA HLTA/HLTA-2375.jpg,,,,BMW,330Xi,L6 3.0L,2006 - 2006
HLTA-2375,Toma de agua,POLAR,TOMA DE AGUA,TOMA DE AGUA,HLTA-2375,Cotizar,/IMAGENES TOMAS DE AGUA HLTA/HLTA-2375.jpg,,,,BMW,335i,L6 3.0L,2007 - 2010
HLTA-2375,Toma de agua,POLAR,TOMA DE AGUA,TOMA DE AGUA,HLTA-2375,Cotizar,/IMAGENES TOMAS DE AGUA HLTA/HLTA-2375.jpg,,,,BMW,335i xDrive,L6 3.0L,2009 - 2010
HLTA-2375,Toma de agua,POLAR,TOMA DE AGUA,TOMA DE AGUA,HLTA-2375,Cotizar,/IMAGENES TOMAS DE AGUA HLTA/HLTA-2375.jpg,,,,BMW,335iS,L6 3.0L,2011 - 2013
HLTA-2375,Toma de agua,POLAR,TOMA DE AGUA,TOMA DE AGUA,HLTA-2375,Cotizar,/IMAGENES TOMAS DE AGUA HLTA/HLTA-2375.jpg,,,,BMW,335xi,L6 3.0L,2007 - 2008
HLTA-2375,Toma de agua,POLAR,TOMA DE AGUA,TOMA DE AGUA,HLTA-2375,Cotizar,/IMAGENES TOMAS DE AGUA HLTA/HLTA-2375.jpg,,,,BMW,525i,L6 3.0L,2006 - 2007
HLTA-2375,Toma de agua,POLAR,TOMA DE AGUA,TOMA DE AGUA,HLTA-2375,Cotizar,/IMAGENES TOMAS DE AGUA HLTA/HLTA-2375.jpg,,,,BMW,525Xi,L6 3.0L,2006 - 2007
HLTA-2375,Toma de agua,POLAR,TOMA DE AGUA,TOMA DE AGUA,HLTA-2375,Cotizar,/IMAGENES TOMAS DE AGUA HLTA/HLTA-2375.jpg,,,,BMW,528i,L6 3.0L,2008 - 2010
HLTA-2375,Toma de agua,POLAR,TOMA DE AGUA,TOMA DE AGUA,HLTA-2375,Cotizar,/IMAGENES TOMAS DE AGUA HLTA/HLTA-2375.jpg,,,,BMW,528i xDrive,L6 3.0L,2009 - 2010
HLTA-2375,Toma de agua,POLAR,TOMA DE AGUA,TOMA DE AGUA,HLTA-2375,Cotizar,/IMAGENES TOMAS DE AGUA HLTA/HLTA-2375.jpg,,,,BMW,528Xi,L6 3.0L,2008 - 2008
HLTA-2375,Toma de agua,POLAR,TOMA DE AGUA,TOMA DE AGUA,HLTA-2375,Cotizar,/IMAGENES TOMAS DE AGUA HLTA/HLTA-2375.jpg,,,,BMW,530i,L6 3.0L,2006 - 2007
HLTA-2375,Toma de agua,POLAR,TOMA DE AGUA,TOMA DE AGUA,HLTA-2375,Cotizar,/IMAGENES TOMAS DE AGUA HLTA/HLTA-2375.jpg,,,,BMW,530Xi,L6 3.0L,2006 - 2007
HLTA-2375,Toma de agua,POLAR,TOMA DE AGUA,TOMA DE AGUA,HLTA-2375,Cotizar,/IMAGENES TOMAS DE AGUA HLTA/HLTA-2375.jpg,,,,BMW,535i,L6 3.0L,2008 - 2010
HLTA-2375,Toma de agua,POLAR,TOMA DE AGUA,TOMA DE AGUA,HLTA-2375,Cotizar,/IMAGENES TOMAS DE AGUA HLTA/HLTA-2375.jpg,,,,BMW,535i xDrive,L6 3.0L,2009 - 2010
HLTA-2375,Toma de agua,POLAR,TOMA DE AGUA,TOMA DE AGUA,HLTA-2375,Cotizar,/IMAGENES TOMAS DE AGUA HLTA/HLTA-2375.jpg,,,,BMW,535xi,L6 3.0L,2008 - 2008
HLTA-2375,Toma de agua,POLAR,TOMA DE AGUA,TOMA DE AGUA,HLTA-2375,Cotizar,/IMAGENES TOMAS DE AGUA HLTA/HLTA-2375.jpg,,,,BMW,X3,L6 3.0L,2007 - 2010
HLTA-2375,Toma de agua,POLAR,TOMA DE AGUA,TOMA DE AGUA,HLTA-2375,Cotizar,/IMAGENES TOMAS DE AGUA HLTA/HLTA-2375.jpg,,,,BMW,Z4,L6 3.0L,2006 - 2016
HLTA-2376,Toma de agua,POLAR,TOMA DE AGUA,TOMA DE AGUA,HLTA-2376,Cotizar,/IMAGENES TOMAS DE AGUA HLTA/HLTA-2376.jpg,,,,BMW,540i,V8 4.4L,1998 - 1998
HLTA-2376,Toma de agua,POLAR,TOMA DE AGUA,TOMA DE AGUA,HLTA-2376,Cotizar,/IMAGENES TOMAS DE AGUA HLTA/HLTA-2376.jpg,,,,BMW,740i,V8 4.4L,1997 - 1998
HLTA-2376,Toma de agua,POLAR,TOMA DE AGUA,TOMA DE AGUA,HLTA-2376,Cotizar,/IMAGENES TOMAS DE AGUA HLTA/HLTA-2376.jpg,,,,BMW,740iL,V8 4.4L,1996 - 1998
HLTA-2377,Toma de agua,POLAR,TOMA DE AGUA,TOMA DE AGUA,HLTA-2377,Cotizar,/IMAGENES TOMAS DE AGUA HLTA/HLTA-2377.jpg,,,,BMW,545i,V8 4.4L,2004 - 2005
HLTA-2377,Toma de agua,POLAR,TOMA DE AGUA,TOMA DE AGUA,HLTA-2377,Cotizar,/IMAGENES TOMAS DE AGUA HLTA/HLTA-2377.jpg,,,,BMW,550i,V8 4.4L,2006 - 2012
HLTA-2377,Toma de agua,POLAR,TOMA DE AGUA,TOMA DE AGUA,HLTA-2377,Cotizar,/IMAGENES TOMAS DE AGUA HLTA/HLTA-2377.jpg,,,,BMW,550i GT,V8 4.4L,2010 - 2012
HLTA-2377,Toma de agua,POLAR,TOMA DE AGUA,TOMA DE AGUA,HLTA-2377,Cotizar,/IMAGENES TOMAS DE AGUA HLTA/HLTA-2377.jpg,,,,BMW,645Ci,V8 4.4L,2004 - 2005
HLTA-2377,Toma de agua,POLAR,TOMA DE AGUA,TOMA DE AGUA,HLTA-2377,Cotizar,/IMAGENES TOMAS DE AGUA HLTA/HLTA-2377.jpg,,,,BMW,650i,V8 4.4L,2006 - 2012
HLTA-2377,Toma de agua,POLAR,TOMA DE AGUA,TOMA DE AGUA,HLTA-2377,Cotizar,/IMAGENES TOMAS DE AGUA HLTA/HLTA-2377.jpg,,,,BMW,745i,V8 4.4L,2002 - 2005
HLTA-2377,Toma de agua,POLAR,TOMA DE AGUA,TOMA DE AGUA,HLTA-2377,Cotizar,/IMAGENES TOMAS DE AGUA HLTA/HLTA-2377.jpg,,,,BMW,745Li,V8 4.4L,2002 - 2005
HLTA-2377,Toma de agua,POLAR,TOMA DE AGUA,TOMA DE AGUA,HLTA-2377,Cotizar,/IMAGENES TOMAS DE AGUA HLTA/HLTA-2377.jpg,,,,BMW,750i,V8 4.4L,2006 - 2012
HLTA-2377,Toma de agua,POLAR,TOMA DE AGUA,TOMA DE AGUA,HLTA-2377,Cotizar,/IMAGENES TOMAS DE AGUA HLTA/HLTA-2377.jpg,,,,BMW,750i xDrive,V8 4.4L,2010 - 2011
HLTA-2377,Toma de agua,POLAR,TOMA DE AGUA,TOMA DE AGUA,HLTA-2377,Cotizar,/IMAGENES TOMAS DE AGUA HLTA/HLTA-2377.jpg,,,,BMW,750Li,V8 4.4L,2006 - 2011
HLTA-2377,Toma de agua,POLAR,TOMA DE AGUA,TOMA DE AGUA,HLTA-2377,Cotizar,/IMAGENES TOMAS DE AGUA HLTA/HLTA-2377.jpg,,,,BMW,760i,V12 6.0L,2004 - 2006
HLTA-2377,Toma de agua,POLAR,TOMA DE AGUA,TOMA DE AGUA,HLTA-2377,Cotizar,/IMAGENES TOMAS DE AGUA HLTA/HLTA-2377.jpg,,,,BMW,760Li,V8 4.4L,2003 - 2012
HLTA-2377,Toma de agua,POLAR,TOMA DE AGUA,TOMA DE AGUA,HLTA-2377,Cotizar,/IMAGENES TOMAS DE AGUA HLTA/HLTA-2377.jpg,,,,BMW,X5,V8 4.4L,2004 - 2006
HLTA-2377,Toma de agua,POLAR,TOMA DE AGUA,TOMA DE AGUA,HLTA-2377,Cotizar,/IMAGENES TOMAS DE AGUA HLTA/HLTA-2377.jpg,,,,BMW,X5,V8 4.4L,2010 - 2013
HLTA-2377,Toma de agua,POLAR,TOMA DE AGUA,TOMA DE AGUA,HLTA-2377,Cotizar,/IMAGENES TOMAS DE AGUA HLTA/HLTA-2377.jpg,,,,BMW,X5,V8 4.8L,2004 - 2010
HLTA-2377,Toma de agua,POLAR,TOMA DE AGUA,TOMA DE AGUA,HLTA-2377,Cotizar,/IMAGENES TOMAS DE AGUA HLTA/HLTA-2377.jpg,,,,BMW,X6,V8 4.4L,2008 - 2013
HLTA-2378,Toma de agua,POLAR,TOMA DE AGUA,TOMA DE AGUA,HLTA-2378,Cotizar,/IMAGENES TOMAS DE AGUA HLTA/HLTA-2378.jpg,,,,VOLVO,C30,L4 1.6L,2011 - 2012
HLTA-2378,Toma de agua,POLAR,TOMA DE AGUA,TOMA DE AGUA,HLTA-2378,Cotizar,/IMAGENES TOMAS DE AGUA HLTA/HLTA-2378.jpg,,,,VOLVO,C30,L5 2.4L,2007 - 2011
HLTA-2378,Toma de agua,POLAR,TOMA DE AGUA,TOMA DE AGUA,HLTA-2378,Cotizar,/IMAGENES TOMAS DE AGUA HLTA/HLTA-2378.jpg,,,,VOLVO,C30,L5 2.5L,2007 - 2013
HLTA-2378,Toma de agua,POLAR,TOMA DE AGUA,TOMA DE AGUA,HLTA-2378,Cotizar,/IMAGENES TOMAS DE AGUA HLTA/HLTA-2378.jpg,,,,VOLVO,C70,L5 2.5L,2006 - 2013
HLTA-2378,Toma de agua,POLAR,TOMA DE AGUA,TOMA DE AGUA,HLTA-2378,Cotizar,/IMAGENES TOMAS DE AGUA HLTA/HLTA-2378.jpg,,,,VOLVO,S40,L4 1.9L,2004 - 2004
HLTA-2378,Toma de agua,POLAR,TOMA DE AGUA,TOMA DE AGUA,HLTA-2378,Cotizar,/IMAGENES TOMAS DE AGUA HLTA/HLTA-2378.jpg,,,,VOLVO,S40,L4 2.0L,2011 - 2011
HLTA-2378,Toma de agua,POLAR,TOMA DE AGUA,TOMA DE AGUA,HLTA-2378,Cotizar,/IMAGENES TOMAS DE AGUA HLTA/HLTA-2378.jpg,,,,VOLVO,S40,L5 2.4L,2005 - 2010
HLTA-2378,Toma de agua,POLAR,TOMA DE AGUA,TOMA DE AGUA,HLTA-2378,Cotizar,/IMAGENES TOMAS DE AGUA HLTA/HLTA-2378.jpg,,,,VOLVO,S40,L5 2.5L,2004 - 2012
HLTA-2378,Toma de agua,POLAR,TOMA DE AGUA,TOMA DE AGUA,HLTA-2378,Cotizar,/IMAGENES TOMAS DE AGUA HLTA/HLTA-2378.jpg,,,,VOLVO,S60,L4 1.6L,2011 - 2013
HLTA-2378,Toma de agua,POLAR,TOMA DE AGUA,TOMA DE AGUA,HLTA-2378,Cotizar,/IMAGENES TOMAS DE AGUA HLTA/HLTA-2378.jpg,,,,VOLVO,S60,L4 2.0L,2012 - 2013
HLTA-2378,Toma de agua,POLAR,TOMA DE AGUA,TOMA DE AGUA,HLTA-2378,Cotizar,/IMAGENES TOMAS DE AGUA HLTA/HLTA-2378.jpg,,,,VOLVO,S60,L5 2.5L,2012 - 2013
HLTA-2378,Toma de agua,POLAR,TOMA DE AGUA,TOMA DE AGUA,HLTA-2378,Cotizar,/IMAGENES TOMAS DE AGUA HLTA/HLTA-2378.jpg,,,,VOLVO,V50,L5 2.4L,2005 - 2010
HLTA-2378,Toma de agua,POLAR,TOMA DE AGUA,TOMA DE AGUA,HLTA-2378,Cotizar,/IMAGENES TOMAS DE AGUA HLTA/HLTA-2378.jpg,,,,VOLVO,V50,L5 2.5L,2005 - 2011
HLTA-2379,Toma de agua,POLAR,TOMA DE AGUA,TOMA DE AGUA,HLTA-2379,Cotizar,/IMAGENES TOMAS DE AGUA HLTA/HLTA-2379.jpg,,,,MINI,CLUBMAN,L4 1.5L,2018 - 2023
HLTA-2379,Toma de agua,POLAR,TOMA DE AGUA,TOMA DE AGUA,HLTA-2379,Cotizar,/IMAGENES TOMAS DE AGUA HLTA/HLTA-2379.jpg,,,,MINI,CLUBMAN,L4 1.6L,2008 - 2014
HLTA-2379,Toma de agua,POLAR,TOMA DE AGUA,TOMA DE AGUA,HLTA-2379,Cotizar,/IMAGENES TOMAS DE AGUA HLTA/HLTA-2379.jpg,,,,MINI,COOPER,L4 1.5L,2015 - 2023
HLTA-2379,Toma de agua,POLAR,TOMA DE AGUA,TOMA DE AGUA,HLTA-2379,Cotizar,/IMAGENES TOMAS DE AGUA HLTA/HLTA-2379.jpg,,,,MINI,COOPER,L4 1.6L,2007 - 2014
HLTA-2379,Toma de agua,POLAR,TOMA DE AGUA,TOMA DE AGUA,HLTA-2379,Cotizar,/IMAGENES TOMAS DE AGUA HLTA/HLTA-2379.jpg,,,,MINI,COUNTRYMAN,L4 1.5L,2018 - 2023
HLTA-2379,Toma de agua,POLAR,TOMA DE AGUA,TOMA DE AGUA,HLTA-2379,Cotizar,/IMAGENES TOMAS DE AGUA HLTA/HLTA-2379.jpg,,,,MINI,COUNTRYMAN,L4 1.6L,2011 - 2017
HLTA-2379,Toma de agua,POLAR,TOMA DE AGUA,TOMA DE AGUA,HLTA-2379,Cotizar,/IMAGENES TOMAS DE AGUA HLTA/HLTA-2379.jpg,,,,MINI,PACEMAN,L4 1.6L,2013 - 2016
HLTA-2380,Toma de agua,POLAR,TOMA DE AGUA,TOMA DE AGUA,HLTA-2380,Cotizar,/IMAGENES TOMAS DE AGUA HLTA/HLTA-2380.jpg,,,,BMW,323Ci,L6 2.5L,2000 - 2000
HLTA-2380,Toma de agua,POLAR,TOMA DE AGUA,TOMA DE AGUA,HLTA-2380,Cotizar,/IMAGENES TOMAS DE AGUA HLTA/HLTA-2380.jpg,,,,BMW,323i,L6 2.5L,1999 - 2000
HLTA-2380,Toma de agua,POLAR,TOMA DE AGUA,TOMA DE AGUA,HLTA-2380,Cotizar,/IMAGENES TOMAS DE AGUA HLTA/HLTA-2380.jpg,,,,BMW,323iS,L6 2.5L,1998 - 1999
HLTA-2380,Toma de agua,POLAR,TOMA DE AGUA,TOMA DE AGUA,HLTA-2380,Cotizar,/IMAGENES TOMAS DE AGUA HLTA/HLTA-2380.jpg,,,,BMW,325Ci,L6 2.5L,2001 - 2006
HLTA-2380,Toma de agua,POLAR,TOMA DE AGUA,TOMA DE AGUA,HLTA-2380,Cotizar,/IMAGENES TOMAS DE AGUA HLTA/HLTA-2380.jpg,,,,BMW,325i,L6 2.5L,2001 - 2005
HLTA-2380,Toma de agua,POLAR,TOMA DE AGUA,TOMA DE AGUA,HLTA-2380,Cotizar,/IMAGENES TOMAS DE AGUA HLTA/HLTA-2380.jpg,,,,BMW,325Xi,L6 2.5L,2001 - 2005
HLTA-2380,Toma de agua,POLAR,TOMA DE AGUA,TOMA DE AGUA,HLTA-2380,Cotizar,/IMAGENES TOMAS DE AGUA HLTA/HLTA-2380.jpg,,,,BMW,328Ci,L6 2.8L,2000 - 2000
HLTA-2380,Toma de agua,POLAR,TOMA DE AGUA,TOMA DE AGUA,HLTA-2380,Cotizar,/IMAGENES TOMAS DE AGUA HLTA/HLTA-2380.jpg,,,,BMW,328i,L6 2.8L,1999 - 2000
HLTA-2380,Toma de agua,POLAR,TOMA DE AGUA,TOMA DE AGUA,HLTA-2380,Cotizar,/IMAGENES TOMAS DE AGUA HLTA/HLTA-2380.jpg,,,,BMW,330Ci,L6 3.0L,2001 - 2006
HLTA-2380,Toma de agua,POLAR,TOMA DE AGUA,TOMA DE AGUA,HLTA-2380,Cotizar,/IMAGENES TOMAS DE AGUA HLTA/HLTA-2380.jpg,,,,BMW,330i,L6 3.0L,2001 - 2005
HLTA-2380,Toma de agua,POLAR,TOMA DE AGUA,TOMA DE AGUA,HLTA-2380,Cotizar,/IMAGENES TOMAS DE AGUA HLTA/HLTA-2380.jpg,,,,BMW,330Xi,L6 3.0L,2001 - 2005
HLTA-2380,Toma de agua,POLAR,TOMA DE AGUA,TOMA DE AGUA,HLTA-2380,Cotizar,/IMAGENES TOMAS DE AGUA HLTA/HLTA-2380.jpg,,,,BMW,525i,L6 2.5L,2001 - 2005
HLTA-2380,Toma de agua,POLAR,TOMA DE AGUA,TOMA DE AGUA,HLTA-2380,Cotizar,/IMAGENES TOMAS DE AGUA HLTA/HLTA-2380.jpg,,,,BMW,528i,L6 2.8L,1999 - 2000
HLTA-2380,Toma de agua,POLAR,TOMA DE AGUA,TOMA DE AGUA,HLTA-2380,Cotizar,/IMAGENES TOMAS DE AGUA HLTA/HLTA-2380.jpg,,,,BMW,530i,L6 3.0L,2001 - 2005
HLTA-2380,Toma de agua,POLAR,TOMA DE AGUA,TOMA DE AGUA,HLTA-2380,Cotizar,/IMAGENES TOMAS DE AGUA HLTA/HLTA-2380.jpg,,,,BMW,X3,L6 2.5L,2004 - 2005
HLTA-2380,Toma de agua,POLAR,TOMA DE AGUA,TOMA DE AGUA,HLTA-2380,Cotizar,/IMAGENES TOMAS DE AGUA HLTA/HLTA-2380.jpg,,,,BMW,X3,L6 3.0L,2004 - 2006
HLTA-2380,Toma de agua,POLAR,TOMA DE AGUA,TOMA DE AGUA,HLTA-2380,Cotizar,/IMAGENES TOMAS DE AGUA HLTA/HLTA-2380.jpg,,,,BMW,X5,L6 3.0L,2001 - 2006
HLTA-2380,Toma de agua,POLAR,TOMA DE AGUA,TOMA DE AGUA,HLTA-2380,Cotizar,/IMAGENES TOMAS DE AGUA HLTA/HLTA-2380.jpg,,,,BMW,Z3,L6 2.5L,1999 - 2002
HLTA-2380,Toma de agua,POLAR,TOMA DE AGUA,TOMA DE AGUA,HLTA-2380,Cotizar,/IMAGENES TOMAS DE AGUA HLTA/HLTA-2380.jpg,,,,BMW,Z3,L6 2.8L,1999 - 2000
HLTA-2380,Toma de agua,POLAR,TOMA DE AGUA,TOMA DE AGUA,HLTA-2380,Cotizar,/IMAGENES TOMAS DE AGUA HLTA/HLTA-2380.jpg,,,,BMW,Z3,L6 3.0L,2001 - 2002
HLTA-2380,Toma de agua,POLAR,TOMA DE AGUA,TOMA DE AGUA,HLTA-2380,Cotizar,/IMAGENES TOMAS DE AGUA HLTA/HLTA-2380.jpg,,,,BMW,Z4,L6 2.5L,2003 - 2005
HLTA-2380,Toma de agua,POLAR,TOMA DE AGUA,TOMA DE AGUA,HLTA-2380,Cotizar,/IMAGENES TOMAS DE AGUA HLTA/HLTA-2380.jpg,,,,BMW,Z4,L6 3.0L,2003 - 2005
HLTA-2381,Toma de agua,POLAR,TOMA DE AGUA,TOMA DE AGUA,HLTA-2381,Cotizar,/IMAGENES TOMAS DE AGUA HLTA/HLTA-2381.jpg,,,,PEUGEOT,207,L4 1.6L,2006 - 2012
HLTA-2381,Toma de agua,POLAR,TOMA DE AGUA,TOMA DE AGUA,HLTA-2381,Cotizar,/IMAGENES TOMAS DE AGUA HLTA/HLTA-2381.jpg,,,,PEUGEOT,3008,L4 1.6L,2009 - 2016
HLTA-2381,Toma de agua,POLAR,TOMA DE AGUA,TOMA DE AGUA,HLTA-2381,Cotizar,/IMAGENES TOMAS DE AGUA HLTA/HLTA-2381.jpg,,,,PEUGEOT,308,L4 1.6L,2008 - 2014
HLTA-2338,Toma de agua,POLAR,TOMA DE AGUA,TOMA DE AGUA,HLTA-2338,Cotizar,/IMAGENES TOMAS DE AGUA HLTA/HLTA-2338.jpg,,,,NISSAN,ROGUE SPORT,L4 2.0L,2013-2018
HLTA-2382,Toma de agua,POLAR,TOMA DE AGUA,TOMA DE AGUA,HLTA-2382,Cotizar,/IMAGENES TOMAS DE AGUA HLTA/HLTA-2382.jpg,,,,RAM,PROMASTER,V6 3.6L,2022-2024
HLTA-2383,Toma de agua,POLAR,TOMA DE AGUA,TOMA DE AGUA,HLTA-2383,Cotizar,/IMAGENES TOMAS DE AGUA HLTA/HLTA-2383.jpg,,,,RAM,1500,V6 3.6L,2014-2018
HLTA-2384,Toma de agua,POLAR,TOMA DE AGUA,TOMA DE AGUA,HLTA-2384,Cotizar,/IMAGENES TOMAS DE AGUA HLTA/HLTA-2384.jpg,,,,BMW,528I,L6 2.8L,1997-2000
HLTA-2385,Toma de agua,POLAR,TOMA DE AGUA,TOMA DE AGUA,HLTA-2385,Cotizar,/IMAGENES TOMAS DE AGUA HLTA/HLTA-2385.jpg,,,,CHRYSLER,300,V6 3.5L,2006-2010
HLTA-2386,Toma de agua,POLAR,TOMA DE AGUA,TOMA DE AGUA,HLTA-2386,Cotizar,/IMAGENES TOMAS DE AGUA HLTA/HLTA-2386.jpg,,,,SEAT,CORDOBA,L4 1.6L,2006 - 2009
HLTA-2386,Toma de agua,POLAR,TOMA DE AGUA,TOMA DE AGUA,HLTA-2386,Cotizar,/IMAGENES TOMAS DE AGUA HLTA/HLTA-2386.jpg,,,,SEAT,IBIZA,L4 1.6L,2006 - 2009
HLTA-2386,Toma de agua,POLAR,TOMA DE AGUA,TOMA DE AGUA,HLTA-2386,Cotizar,/IMAGENES TOMAS DE AGUA HLTA/HLTA-2386.jpg,,,,SEAT,LEON,L4 1.6L,2009 - 2013
HLTA-2386,Toma de agua,POLAR,TOMA DE AGUA,TOMA DE AGUA,HLTA-2386,Cotizar,/IMAGENES TOMAS DE AGUA HLTA/HLTA-2386.jpg,,,,VOLKSWAGEN,POLO,L4 1.4L,2013 - 2014
HLTA-2386,Toma de agua,POLAR,TOMA DE AGUA,TOMA DE AGUA,HLTA-2386,Cotizar,/IMAGENES TOMAS DE AGUA HLTA/HLTA-2386.jpg,,,,VOLKSWAGEN,POLO,L4 1.6L,2015 - 2022
HLTA-2386,Toma de agua,POLAR,TOMA DE AGUA,TOMA DE AGUA,HLTA-2386,Cotizar,/IMAGENES TOMAS DE AGUA HLTA/HLTA-2386.jpg,,,,VOLKSWAGEN,VENTO,L4 1.6L,2017 - 2022
HLTA-2387,Toma de agua,POLAR,TOMA DE AGUA,TOMA DE AGUA,HLTA-2387,Cotizar,/IMAGENES TOMAS DE AGUA HLTA/HLTA-2387.jpg,,,,PEUGEOT,206,L4 1.4L,2000 - 2008
HLTA-2388,Toma de agua,POLAR,TOMA DE AGUA,TOMA DE AGUA,HLTA-2388,Cotizar,/IMAGENES TOMAS DE AGUA HLTA/HLTA-2388.jpg,,,,CHEVROLET,ASTRA,L4 1.8L,2007 - 2009
HLTA-2388,Toma de agua,POLAR,TOMA DE AGUA,TOMA DE AGUA,HLTA-2388,Cotizar,/IMAGENES TOMAS DE AGUA HLTA/HLTA-2388.jpg,,,,CHEVROLET,AVEO,L4 1.6L,2008 - 2017
HLTA-2388,Toma de agua,POLAR,TOMA DE AGUA,TOMA DE AGUA,HLTA-2388,Cotizar,/IMAGENES TOMAS DE AGUA HLTA/HLTA-2388.jpg,,,,CHEVROLET,CRUZE,L4 1.8L,2010 - 2016
HLTA-2388,Toma de agua,POLAR,TOMA DE AGUA,TOMA DE AGUA,HLTA-2388,Cotizar,/IMAGENES TOMAS DE AGUA HLTA/HLTA-2388.jpg,,,,CHEVROLET,SONIC,L4 1.6L,2012 - 2018
HLTA-2388,Toma de agua,POLAR,TOMA DE AGUA,TOMA DE AGUA,HLTA-2388,Cotizar,/IMAGENES TOMAS DE AGUA HLTA/HLTA-2388.jpg,,,,CHEVROLET,SONIC,L4 1.8L,2012 - 2017
HLTA-2388,Toma de agua,POLAR,TOMA DE AGUA,TOMA DE AGUA,HLTA-2388,Cotizar,/IMAGENES TOMAS DE AGUA HLTA/HLTA-2388.jpg,,,,CHEVROLET,TRAX,L4 1.8L,2013 - 2021
HLTA-2388,Toma de agua,POLAR,TOMA DE AGUA,TOMA DE AGUA,HLTA-2388,Cotizar,/IMAGENES TOMAS DE AGUA HLTA/HLTA-2388.jpg,,,,PONTIAC,G3,L4 1.6L,2008 - 2010
HLTA-2389,Toma de agua,POLAR,TOMA DE AGUA,TOMA DE AGUA,HLTA-2389,Cotizar,/IMAGENES TOMAS DE AGUA HLTA/HLTA-2389.jpg,,,,BUICK,ENCORE,L4 1.4L,2013 - 2019
HLTA-2389,Toma de agua,POLAR,TOMA DE AGUA,TOMA DE AGUA,HLTA-2389,Cotizar,/IMAGENES TOMAS DE AGUA HLTA/HLTA-2389.jpg,,,,CHEVROLET,CRUZE,L4 1.4L,2011 - 2017
HLTA-2389,Toma de agua,POLAR,TOMA DE AGUA,TOMA DE AGUA,HLTA-2389,Cotizar,/IMAGENES TOMAS DE AGUA HLTA/HLTA-2389.jpg,,,,CHEVROLET,SONIC,L4 1.4L,2012 - 2017
HLTA-2389,Toma de agua,POLAR,TOMA DE AGUA,TOMA DE AGUA,HLTA-2389,Cotizar,/IMAGENES TOMAS DE AGUA HLTA/HLTA-2389.jpg,,,,CHEVROLET,TRAX,L4 1.4L,2015 - 2017
HLTA-2390,Toma de agua,POLAR,TOMA DE AGUA,TOMA DE AGUA,HLTA-2390,Cotizar,/IMAGENES TOMAS DE AGUA HLTA/HLTA-2390.jpg,,,,BUICK,ENCORE,L4 1.4L,2013 - 2019
HLTA-2390,Toma de agua,POLAR,TOMA DE AGUA,TOMA DE AGUA,HLTA-2390,Cotizar,/IMAGENES TOMAS DE AGUA HLTA/HLTA-2390.jpg,,,,CHEVROLET,CRUZE,L4 1.4L,2011 - 2017
HLTA-2390,Toma de agua,POLAR,TOMA DE AGUA,TOMA DE AGUA,HLTA-2390,Cotizar,/IMAGENES TOMAS DE AGUA HLTA/HLTA-2390.jpg,,,,CHEVROLET,SONIC,L4 1.4L,2012 - 2017
HLTA-2390,Toma de agua,POLAR,TOMA DE AGUA,TOMA DE AGUA,HLTA-2390,Cotizar,/IMAGENES TOMAS DE AGUA HLTA/HLTA-2390.jpg,,,,CHEVROLET,TRAX,L4 1.4L,2015 - 2017
HLTA-2391,Toma de agua,POLAR,TOMA DE AGUA,TOMA DE AGUA,HLTA-2391,Cotizar,/IMAGENES TOMAS DE AGUA HLTA/HLTA-2391.jpg,,,,FORD,ESCAPE,L4 2.3L,2005 - 2008
HLTA-2391,Toma de agua,POLAR,TOMA DE AGUA,TOMA DE AGUA,HLTA-2391,Cotizar,/IMAGENES TOMAS DE AGUA HLTA/HLTA-2391.jpg,,,,FORD,ESCAPE,L4 2.5L,2009 - 2019
HLTA-2391,Toma de agua,POLAR,TOMA DE AGUA,TOMA DE AGUA,HLTA-2391,Cotizar,/IMAGENES TOMAS DE AGUA HLTA/HLTA-2391.jpg,,,,FORD,ESCAPE,V6 3.0L,2006 - 2010
HLTA-2391,Toma de agua,POLAR,TOMA DE AGUA,TOMA DE AGUA,HLTA-2391,Cotizar,/IMAGENES TOMAS DE AGUA HLTA/HLTA-2391.jpg,,,,FORD,FOCUS,L4 2.0L,2004 - 2004
HLTA-2391,Toma de agua,POLAR,TOMA DE AGUA,TOMA DE AGUA,HLTA-2391,Cotizar,/IMAGENES TOMAS DE AGUA HLTA/HLTA-2391.jpg,,,,FORD,FOCUS,L4 2.3L,2003 - 2007
HLTA-2391,Toma de agua,POLAR,TOMA DE AGUA,TOMA DE AGUA,HLTA-2391,Cotizar,/IMAGENES TOMAS DE AGUA HLTA/HLTA-2391.jpg,,,,FORD,FUSION,L4 2.3L,2010 - 2010
HLTA-2391,Toma de agua,POLAR,TOMA DE AGUA,TOMA DE AGUA,HLTA-2391,Cotizar,/IMAGENES TOMAS DE AGUA HLTA/HLTA-2391.jpg,,,,FORD,FUSION,L4 2.5L,2011 - 2018
HLTA-2391,Toma de agua,POLAR,TOMA DE AGUA,TOMA DE AGUA,HLTA-2391,Cotizar,/IMAGENES TOMAS DE AGUA HLTA/HLTA-2391.jpg,,,,FORD,TRANSIT CONNECT,L4 2.0L,2010 - 2013
HLTA-2391,Toma de agua,POLAR,TOMA DE AGUA,TOMA DE AGUA,HLTA-2391,Cotizar,/IMAGENES TOMAS DE AGUA HLTA/HLTA-2391.jpg,,,,FORD,TRANSIT CONNECT,L4 2.5L,2014 - 2018
HLTA-2391,Toma de agua,POLAR,TOMA DE AGUA,TOMA DE AGUA,HLTA-2391,Cotizar,/IMAGENES TOMAS DE AGUA HLTA/HLTA-2391.jpg,,,,MERCURY,MARINER,L4 2.3L,2005 - 2008
HLTA-2391,Toma de agua,POLAR,TOMA DE AGUA,TOMA DE AGUA,HLTA-2391,Cotizar,/IMAGENES TOMAS DE AGUA HLTA/HLTA-2391.jpg,,,,MERCURY,MARINER,L4 2.5L,2009 - 2011
HLTA-2391,Toma de agua,POLAR,TOMA DE AGUA,TOMA DE AGUA,HLTA-2391,Cotizar,/IMAGENES TOMAS DE AGUA HLTA/HLTA-2391.jpg,,,,MERCURY,MILAN,L4 2.5L,2010 - 2011
HLTA-2385,Toma de agua,POLAR,TOMA DE AGUA,TOMA DE AGUA,HLTA-2385,Cotizar,/IMAGENES TOMAS DE AGUA HLTA/HLTA-2385.jpg,,,,DODGE,CHARGER,V6 3.5L,2006-2010
HLTA-2385,Toma de agua,POLAR,TOMA DE AGUA,TOMA DE AGUA,HLTA-2385,Cotizar,/IMAGENES TOMAS DE AGUA HLTA/HLTA-2385.jpg,,,,DODGE,AVENGER,V6 3.5L,2006-2010
HLTA-2392,Toma de agua,POLAR,TOMA DE AGUA,TOMA DE AGUA,HLTA-2392,Cotizar,/IMAGENES TOMAS DE AGUA HLTA/HLTA-2392.jpg,,,,VOLKSWAGEN,JETTA,V6 2.8L,1994-2006
HLTA-2393,Toma de agua,POLAR,TOMA DE AGUA,TOMA DE AGUA,HLTA-2393,Cotizar,/IMAGENES TOMAS DE AGUA HLTA/HLTA-2393.jpg,,,,DODGE,CHALLENGER,V6 3.5L,2006-2008
HLTA-2394,Toma de agua,POLAR,TOMA DE AGUA,TOMA DE AGUA,HLTA-2394,Cotizar,/IMAGENES TOMAS DE AGUA HLTA/HLTA-2394.jpg,,,,NISSAN,SENTRA,L4 1.8L,2013-2019
HLTA-2395,Toma de agua,POLAR,TOMA DE AGUA,TOMA DE AGUA,HLTA-2395,Cotizar,/IMAGENES TOMAS DE AGUA HLTA/HLTA-2395.jpg,,,,BMW,325I,L6 2.5L,1992-2001
HLTA-2395,Toma de agua,POLAR,TOMA DE AGUA,TOMA DE AGUA,HLTA-2395,Cotizar,/IMAGENES TOMAS DE AGUA HLTA/HLTA-2395.jpg,,,,BMW,525I,L6 2.5L,1992-2001
HLTA-2395,Toma de agua,POLAR,TOMA DE AGUA,TOMA DE AGUA,HLTA-2395,Cotizar,/IMAGENES TOMAS DE AGUA HLTA/HLTA-2395.jpg,,,,BMW,M3,L6 3.0L,1992-2001
HLTA-2395,Toma de agua,POLAR,TOMA DE AGUA,TOMA DE AGUA,HLTA-2395,Cotizar,/IMAGENES TOMAS DE AGUA HLTA/HLTA-2395.jpg,,,,BMW,323I,L6 2.5L,1992-2001
HLTA-2396,Toma de agua,POLAR,TOMA DE AGUA,TOMA DE AGUA,HLTA-2396,Cotizar,/IMAGENES TOMAS DE AGUA HLTA/HLTA-2396.jpg,,,,,,,
HLTA-2397,Toma de agua,POLAR,TOMA DE AGUA,TOMA DE AGUA,HLTA-2397,Cotizar,/IMAGENES TOMAS DE AGUA HLTA/HLTA-2397.jpg,,,,VOLKSWAGEN,CROSSFOX,L4 1.6L,2005-2017
HLTA-2398,Toma de agua,POLAR,TOMA DE AGUA,TOMA DE AGUA,HLTA-2398,Cotizar,/IMAGENES TOMAS DE AGUA HLTA/HLTA-2398.jpg,,,,AMERICAN MOTORS,CONCORD 6CIL,L4.2,1981 - 1983
HLTA-2398,Toma de agua,POLAR,TOMA DE AGUA,TOMA DE AGUA,HLTA-2398,Cotizar,/IMAGENES TOMAS DE AGUA HLTA/HLTA-2398.jpg,,,,AMERICAN MOTORS,EAGLE  6 Cil,L4.2,1981 - 1987
HLTA-2398,Toma de agua,POLAR,TOMA DE AGUA,TOMA DE AGUA,HLTA-2398,Cotizar,/IMAGENES TOMAS DE AGUA HLTA/HLTA-2398.jpg,,,,AMERICAN MOTORS,SPIRIT 6 CIL,L 4.2,1981 - 1983
HLTA-2398,Toma de agua,POLAR,TOMA DE AGUA,TOMA DE AGUA,HLTA-2398,Cotizar,/IMAGENES TOMAS DE AGUA HLTA/HLTA-2398.jpg,,,,JEEP,CHEROKEE 4 CIL,L 2.5,1984 - 1990
HLTA-2398,Toma de agua,POLAR,TOMA DE AGUA,TOMA DE AGUA,HLTA-2398,Cotizar,/IMAGENES TOMAS DE AGUA HLTA/HLTA-2398.jpg,,,,JEEP,CHEROKEE 6 CIL,L 4.0,1987 - 1991
HLTA-2398,Toma de agua,POLAR,TOMA DE AGUA,TOMA DE AGUA,HLTA-2398,Cotizar,/IMAGENES TOMAS DE AGUA HLTA/HLTA-2398.jpg,,,,JEEP,CHEROKEE 6 CIL,L 4.2,1981- 1983
HLTA-2398,Toma de agua,POLAR,TOMA DE AGUA,TOMA DE AGUA,HLTA-2398,Cotizar,/IMAGENES TOMAS DE AGUA HLTA/HLTA-2398.jpg,,,,JEEP,CJ5 6 CIL,L 4.2,1981- 1983
HLTA-2398,Toma de agua,POLAR,TOMA DE AGUA,TOMA DE AGUA,HLTA-2398,Cotizar,/IMAGENES TOMAS DE AGUA HLTA/HLTA-2398.jpg,,,,JEEP,CJ7 6 CIL,L 4.2,1980- 1986
HLTA-2398,Toma de agua,POLAR,TOMA DE AGUA,TOMA DE AGUA,HLTA-2398,Cotizar,/IMAGENES TOMAS DE AGUA HLTA/HLTA-2398.jpg,,,,JEEP,COMANCHE 6 CIL,L 4.0,1987- 1990
HLTA-2398,Toma de agua,POLAR,TOMA DE AGUA,TOMA DE AGUA,HLTA-2398,Cotizar,/IMAGENES TOMAS DE AGUA HLTA/HLTA-2398.jpg,,,,JEEP,J10  6 CIL,L 4.2,1981- 1987
HLTA-2398,Toma de agua,POLAR,TOMA DE AGUA,TOMA DE AGUA,HLTA-2398,Cotizar,/IMAGENES TOMAS DE AGUA HLTA/HLTA-2398.jpg,,,,JEEP,SCRAMBLER 6 CIL,L 4.2,1981- 1985
HLTA-2398,Toma de agua,POLAR,TOMA DE AGUA,TOMA DE AGUA,HLTA-2398,Cotizar,/IMAGENES TOMAS DE AGUA HLTA/HLTA-2398.jpg,,,,JEEP,WAGONEER 4 CIL,L 2.5,1984- 1987
HLTA-2398,Toma de agua,POLAR,TOMA DE AGUA,TOMA DE AGUA,HLTA-2398,Cotizar,/IMAGENES TOMAS DE AGUA HLTA/HLTA-2398.jpg,,,,JEEP,WAGONEER 6 CIL,L 4.0,1987- 1990
HLTA-2399,Toma de agua,POLAR,TOMA DE AGUA,TOMA DE AGUA,HLTA-2399,Cotizar,/IMAGENES TOMAS DE AGUA HLTA/HLTA-2399.jpg,,,,FORD,ECOSPORT,L4 2.0L,2004-2012
HLTA-2400,Toma de agua,POLAR,TOMA DE AGUA,TOMA DE AGUA,HLTA-2400,Cotizar,/IMAGENES TOMAS DE AGUA HLTA/HLTA-2400.jpg,,,,CHEVROLET,BEAT,L4 1.4L,2018-2021
HLTA-2401,Toma de agua,POLAR,TOMA DE AGUA,TOMA DE AGUA,HLTA-2401,Cotizar,/IMAGENES TOMAS DE AGUA HLTA/HLTA-2401.jpg,,,,DODGE,CARAVAN,L4 2.4L,2007-2000
HLTA-2401,Toma de agua,POLAR,TOMA DE AGUA,TOMA DE AGUA,HLTA-2401,Cotizar,/IMAGENES TOMAS DE AGUA HLTA/HLTA-2401.jpg,,,,JEEP,LIBERTY,L4 2.4L,2007-2000
HLTA-2401,Toma de agua,POLAR,TOMA DE AGUA,TOMA DE AGUA,HLTA-2401,Cotizar,/IMAGENES TOMAS DE AGUA HLTA/HLTA-2401.jpg,,,,CHRYSLER,VOYAGER,L4 2.4L,2007-2000
HLTA-2402,Toma de agua,POLAR,TOMA DE AGUA,TOMA DE AGUA,HLTA-2402,Cotizar,/IMAGENES TOMAS DE AGUA HLTA/HLTA-2402.jpg,,,,DODGE,CARAVAN,L4 2.4L,2007-2000
HLTA-2402,Toma de agua,POLAR,TOMA DE AGUA,TOMA DE AGUA,HLTA-2402,Cotizar,/IMAGENES TOMAS DE AGUA HLTA/HLTA-2402.jpg,,,,JEEP,LIBERTY,L4 2.4L,2007-2000
HLTA-2402,Toma de agua,POLAR,TOMA DE AGUA,TOMA DE AGUA,HLTA-2402,Cotizar,/IMAGENES TOMAS DE AGUA HLTA/HLTA-2402.jpg,,,,CHRYSLER,VOYAGER,L4 2.4L,2007-2000
HLTA-2403,Toma de agua,POLAR,TOMA DE AGUA,TOMA DE AGUA,HLTA-2403,Cotizar,/IMAGENES TOMAS DE AGUA HLTA/HLTA-2403.jpg,,,,JEEP,JOURNEY,L4 2.4L,2007-2020
HLTA-2403,Toma de agua,POLAR,TOMA DE AGUA,TOMA DE AGUA,HLTA-2403,Cotizar,/IMAGENES TOMAS DE AGUA HLTA/HLTA-2403.jpg,,,,DODGE,AVENGER,L4 2.4L,2007-2020
HLTA-2403,Toma de agua,POLAR,TOMA DE AGUA,TOMA DE AGUA,HLTA-2403,Cotizar,/IMAGENES TOMAS DE AGUA HLTA/HLTA-2403.jpg,,,,CHRYSLER,200,L4 2.4L,2007-2020
HLTA-2404,Toma de agua,POLAR,TOMA DE AGUA,TOMA DE AGUA,HLTA-2404,Cotizar,/IMAGENES TOMAS DE AGUA HLTA/HLTA-2404.jpg,,,,FORD,MAVERICK,L6 4.1L,1970-1976
HLTA-2405,Toma de agua,POLAR,TOMA DE AGUA,TOMA DE AGUA,HLTA-2405,Cotizar,/Images/logop.png,,,,VOLVO,S60,L4 2.0L,2014-2024
HLTA-2405,Toma de agua,POLAR,TOMA DE AGUA,TOMA DE AGUA,HLTA-2405,Cotizar,/Images/logop.png,,,,VOLVO,S80,L4 2.0L,2014-2024
HLTA-2405,Toma de agua,POLAR,TOMA DE AGUA,TOMA DE AGUA,HLTA-2405,Cotizar,/Images/logop.png,,,,VOLVO,S90,L4 2.0L,2014-2024
HLTA-2406,Toma de agua,POLAR,TOMA DE AGUA,TOMA DE AGUA,HLTA-2406,Cotizar,/IMAGENES TOMAS DE AGUA HLTA/HLTA-2406.jpg,,,,FORD,FIESTA,L4 1.6L,2011 - 2019
HLTA-2406,Toma de agua,POLAR,TOMA DE AGUA,TOMA DE AGUA,HLTA-2406,Cotizar,/IMAGENES TOMAS DE AGUA HLTA/HLTA-2406.jpg,,,,FORD,FIGO,L4 1.5L,2015 - 2019
HLTA-2407,Toma de agua,POLAR,TOMA DE AGUA,TOMA DE AGUA,HLTA-2407,Cotizar,/IMAGENES TOMAS DE AGUA HLTA/HLTA-2407.jpg,,,,FORD,F-150,V6 3.5L,2011-2017
HLTA-2408,Toma de agua,POLAR,TOMA DE AGUA,TOMA DE AGUA,HLTA-2408,Cotizar,/IMAGENES TOMAS DE AGUA HLTA/HLTA-2408.jpg,,,,CHEVROLET,AVEO,L4 1.5L,2024-2025
HLTA-2409,Toma de agua,POLAR,TOMA DE AGUA,TOMA DE AGUA,HLTA-2409,Cotizar,/IMAGENES TOMAS DE AGUA HLTA/HLTA-2409.jpg,,,,VOLKSWAGEN,GOLF,L4 1.8L,2002-2005
HLTA-2409,Toma de agua,POLAR,TOMA DE AGUA,TOMA DE AGUA,HLTA-2409,Cotizar,/IMAGENES TOMAS DE AGUA HLTA/HLTA-2409.jpg,,,,VOLKSWAGEN,JETTA,L4 1.8L,2002-2005
HLTA-2410,Toma de agua,POLAR,TOMA DE AGUA,TOMA DE AGUA,HLTA-2410,Cotizar,/IMAGENES TOMAS DE AGUA HLTA/HLTA-2410.jpg,,,,FORD,ECONOLINE F350,V8 7.5L,1973-1978
HLTA-2410,Toma de agua,POLAR,TOMA DE AGUA,TOMA DE AGUA,HLTA-2410,Cotizar,/IMAGENES TOMAS DE AGUA HLTA/HLTA-2410.jpg,,,,FORD,ECONOLINE F250,V8 7.5L,1973-1978
HLTA-2411,Toma de agua,POLAR,TOMA DE AGUA,TOMA DE AGUA,HLTA-2411,Cotizar,/IMAGENES TOMAS DE AGUA HLTA/HLTA-2411.jpg,,,,RAM,1500,V6 3.6L,2014-2026
HLTA-2412,Toma de agua,POLAR,TOMA DE AGUA,TOMA DE AGUA,HLTA-2412,Cotizar,/IMAGENES TOMAS DE AGUA HLTA/HLTA-2412.jpg,,,,CHEVROLET,PICKUP,V8 5.7L,1995-2014
HLTA-2413,Toma de agua,POLAR,TOMA DE AGUA,TOMA DE AGUA,HLTA-2413,Cotizar,/IMAGENES TOMAS DE AGUA HLTA/HLTA-2413.jpg,,,,FORD,PICKUP,V6 4.0L,2001-2011
HLTA-2414,Toma de agua,POLAR,TOMA DE AGUA,TOMA DE AGUA,HLTA-2414,Cotizar,/IMAGENES TOMAS DE AGUA HLTA/HLTA-2414.jpg,,,,FIAT,500X,L4 1.3L,2019-2020
HLTA-2415,Toma de agua,POLAR,TOMA DE AGUA,TOMA DE AGUA,HLTA-2415,Cotizar,/IMAGENES TOMAS DE AGUA HLTA/HLTA-2415.jpg,,,,LINCOLN,LS,V8 3.9L,1995-2003
HLTA-2415,Toma de agua,POLAR,TOMA DE AGUA,TOMA DE AGUA,HLTA-2415,Cotizar,/IMAGENES TOMAS DE AGUA HLTA/HLTA-2415.jpg,,,,JAGUAR,XJR,V8 3.9L,1995-2003
HLTA-2416,Toma de agua,POLAR,TOMA DE AGUA,TOMA DE AGUA,HLTA-2416,Cotizar,/IMAGENES TOMAS DE AGUA HLTA/HLTA-2416.jpg,,,,FORD,THUNDERBIRD,V8 3.9L,2003 - 2005
HLTA-2416,Toma de agua,POLAR,TOMA DE AGUA,TOMA DE AGUA,HLTA-2416,Cotizar,/IMAGENES TOMAS DE AGUA HLTA/HLTA-2416.jpg,,,,LINCOLN,LS,V8 3.9L,2003 - 2006
HLTA-2417,Toma de agua,POLAR,TOMA DE AGUA,TOMA DE AGUA,HLTA-2417,Cotizar,/IMAGENES TOMAS DE AGUA HLTA/HLTA-2417.jpg,,,,LAND ROVER,DISCOVERY,V8 4.0L,1996-2016
HLTA-2417,Toma de agua,POLAR,TOMA DE AGUA,TOMA DE AGUA,HLTA-2417,Cotizar,/IMAGENES TOMAS DE AGUA HLTA/HLTA-2417.jpg,,,,LAND ROVER,DEFENDER,L4 2.2L,1996-2016
HLTA-2418,Toma de agua,POLAR,TOMA DE AGUA,TOMA DE AGUA,HLTA-2418,Cotizar,/IMAGENES TOMAS DE AGUA HLTA/HLTA-2418.jpg,,,,SMART,FORTWO,L3 0.7L,2003-2007
HLTA-2419,Toma de agua,POLAR,TOMA DE AGUA,TOMA DE AGUA,HLTA-2419,Cotizar,/IMAGENES TOMAS DE AGUA HLTA/HLTA-2419.jpg,,,,FORD,E-150 ECONOLINE,V8 7.5L,1980-1989
HLTA-2420,Toma de agua,POLAR,TOMA DE AGUA,TOMA DE AGUA,HLTA-2420,Cotizar,/IMAGENES TOMAS DE AGUA HLTA/HLTA-2420.jpg,,,,FORD,RANGER,V6 4.0L,1990-2000
HLTA-2420,Toma de agua,POLAR,TOMA DE AGUA,TOMA DE AGUA,HLTA-2420,Cotizar,/IMAGENES TOMAS DE AGUA HLTA/HLTA-2420.jpg,,,,MAZDA,B4000,V6 4.0L,1990-2000
HLTA-2421,Toma de agua,POLAR,TOMA DE AGUA,TOMA DE AGUA,HLTA-2421,Cotizar,/IMAGENES TOMAS DE AGUA HLTA/HLTA-2421.jpg,,,,VOLKSWAGEN,TRANSPORTER,L4 2.0L,2012 - 2019
HLTA-2422,Toma de agua,POLAR,TOMA DE AGUA,TOMA DE AGUA,HLTA-2422,Cotizar,/IMAGENES TOMAS DE AGUA HLTA/HLTA-2422.jpg,,,,FORD,MONDEO,V6 2.5L,2001-2010
HLTA-2423,Toma de agua,POLAR,TOMA DE AGUA,TOMA DE AGUA,HLTA-2423,Cotizar,/IMAGENES TOMAS DE AGUA HLTA/HLTA-2423.jpg,,,,FORD,FOCUS,L5 2.5L,2001-2012
HLTA-2424,Toma de agua,POLAR,TOMA DE AGUA,TOMA DE AGUA,HLTA-2424,Cotizar,/IMAGENES TOMAS DE AGUA HLTA/HLTA-2424.jpg,,,,FORD,FUSION,L4 2.5L,2005-2020
HLTA-2424,Toma de agua,POLAR,TOMA DE AGUA,TOMA DE AGUA,HLTA-2424,Cotizar,/IMAGENES TOMAS DE AGUA HLTA/HLTA-2424.jpg,,,,FORD,TRANSIT,L4 2.5L,2010-2024
HLTA-2422,Toma de agua,POLAR,TOMA DE AGUA,TOMA DE AGUA,HLTA-2422,Cotizar,/IMAGENES TOMAS DE AGUA HLTA/HLTA-2422.jpg,,,,MAZDA,3,L4 2.5L,2001-2015
HLTA-2422,Toma de agua,POLAR,TOMA DE AGUA,TOMA DE AGUA,HLTA-2422,Cotizar,/IMAGENES TOMAS DE AGUA HLTA/HLTA-2422.jpg,,,,MAZDA,5,L4 2.5L,2001-2015
HLTA-2422,Toma de agua,POLAR,TOMA DE AGUA,TOMA DE AGUA,HLTA-2422,Cotizar,/IMAGENES TOMAS DE AGUA HLTA/HLTA-2422.jpg,,,,MAZDA,6,L4 2.5L,2001-2015
HLTA-2423,Toma de agua,POLAR,TOMA DE AGUA,TOMA DE AGUA,HLTA-2423,Cotizar,/IMAGENES TOMAS DE AGUA HLTA/HLTA-2423.jpg,,,,NISSAN,NP300,L4 2.5L,2016-2023
HLTA-2424,Toma de agua,POLAR,TOMA DE AGUA,TOMA DE AGUA,HLTA-2424,Cotizar,/IMAGENES TOMAS DE AGUA HLTA/HLTA-2424.jpg,,,,FORD,BRONCO,L4 1.5L,2020-2024
HLTA-2425,Toma de agua,POLAR,TOMA DE AGUA,TOMA DE AGUA,HLTA-2425,Cotizar,/IMAGENES TOMAS DE AGUA HLTA/HLTA-2425.jpg,,,,FORD,FIGO,L4 1.5L,2019-2024
HLTA-2426,Toma de agua,POLAR,TOMA DE AGUA,TOMA DE AGUA,HLTA-2426,Cotizar,/IMAGENES TOMAS DE AGUA HLTA/HLTA-2426.jpg,,,,CADILLAC,ATS,L4 2.0L,2014-2014
HLTA-2426,Toma de agua,POLAR,TOMA DE AGUA,TOMA DE AGUA,HLTA-2426,Cotizar,/IMAGENES TOMAS DE AGUA HLTA/HLTA-2426.jpg,,,,CHEVROLET,COLORADO,L4 2.5L,2016-2021
HLTA-2426,Toma de agua,POLAR,TOMA DE AGUA,TOMA DE AGUA,HLTA-2426,Cotizar,/IMAGENES TOMAS DE AGUA HLTA/HLTA-2426.jpg,,,,CHEVROLET,S-10,L4 2.5L,2016-2018
HLTA-2427,Toma de agua,POLAR,TOMA DE AGUA,TOMA DE AGUA,HLTA-2427,Cotizar,/IMAGENES TOMAS DE AGUA HLTA/HLTA-2427.jpg,,,,CHEVROLET,TRAVERSE,V6 3.6L,2009-2017
HLTA-2428,Toma de agua,POLAR,TOMA DE AGUA,TOMA DE AGUA,HLTA-2428,Cotizar,/IMAGENES TOMAS DE AGUA HLTA/HLTA-2428.jpg,,,,FORD,EXPLORER,V6 4.0L,2001-2009
HLTA-2429,Toma de agua,POLAR,TOMA DE AGUA,TOMA DE AGUA,HLTA-2429,Cotizar,/IMAGENES TOMAS DE AGUA HLTA/HLTA-2429.jpg,,,,FORD,EXPLORER,V6 4.0L,2001-2009
HLTA-2430,Toma de agua,POLAR,TOMA DE AGUA,TOMA DE AGUA,HLTA-2430,Cotizar,/IMAGENES TOMAS DE AGUA HLTA/HLTA-2430.jpg,,,,FORD,PICKUP,V8 7.3L,1994-2003
HLTA-2431,Toma de agua,POLAR,TOMA DE AGUA,TOMA DE AGUA,HLTA-2431,Cotizar,/IMAGENES TOMAS DE AGUA HLTA/HLTA-2431.jpg,,,,,,,
HLTA-2432,Toma de agua,POLAR,TOMA DE AGUA,TOMA DE AGUA,HLTA-2432,Cotizar,/IMAGENES TOMAS DE AGUA HLTA/HLTA-2432.jpg,,,,FORD,FOCUS,L4 2.0L,1995-2004
HLTA-2433,Toma de agua,POLAR,TOMA DE AGUA,TOMA DE AGUA,HLTA-2433,Cotizar,/IMAGENES TOMAS DE AGUA HLTA/HLTA-2433.jpg,,,,FORD,FOCUS,L4 2.0L,1995-2004
HLTA-2434,Toma de agua,POLAR,TOMA DE AGUA,TOMA DE AGUA,HLTA-2434,Cotizar,/IMAGENES TOMAS DE AGUA HLTA/HLTA-2434.jpg,,,,TOYOTA,CELICA,L4 2.2L,1981-1982
HLTA-2434,Toma de agua,POLAR,TOMA DE AGUA,TOMA DE AGUA,HLTA-2434,Cotizar,/IMAGENES TOMAS DE AGUA HLTA/HLTA-2434.jpg,,,,TOYOTA,CORONA,L4 2.2L,1981-1982
HLTA-2434,Toma de agua,POLAR,TOMA DE AGUA,TOMA DE AGUA,HLTA-2434,Cotizar,/IMAGENES TOMAS DE AGUA HLTA/HLTA-2434.jpg,,,,TOYOTA,PICKUP,L4 2.2L,1981-1982
HLTA-2435,Toma de agua,POLAR,TOMA DE AGUA,TOMA DE AGUA,HLTA-2435,Cotizar,/IMAGENES TOMAS DE AGUA HLTA/HLTA-2435.jpg,,,,FORD,MUSTANG,V6 3.8L,1983-1985
HLTA-2436,Toma de agua,POLAR,TOMA DE AGUA,TOMA DE AGUA,HLTA-2436,Cotizar,/IMAGENES TOMAS DE AGUA HLTA/HLTA-2436.jpg,,,,HONDA,ACCORD,L4 2.4L,2003-2012
HLTA-2437,Toma de agua,POLAR,TOMA DE AGUA,TOMA DE AGUA,HLTA-2437,Cotizar,/IMAGENES TOMAS DE AGUA HLTA/HLTA-2437.jpg,,,,FORD,FREESTYLE,V6 3.0L,2005-2007
HLTA-2437,Toma de agua,POLAR,TOMA DE AGUA,TOMA DE AGUA,HLTA-2437,Cotizar,/IMAGENES TOMAS DE AGUA HLTA/HLTA-2437.jpg,,,,MERCURY,MONTEGO,V6 3.0L,2005-2007
HLTA-2438,Toma de agua,POLAR,TOMA DE AGUA,TOMA DE AGUA,HLTA-2438,Cotizar,/IMAGENES TOMAS DE AGUA HLTA/HLTA-2438.jpg,,,,HONDA,CIVIC,L4 1.8L,2005 - 2013
HLTA-2439,Toma de agua,POLAR,TOMA DE AGUA,TOMA DE AGUA,HLTA-2439,Cotizar,/IMAGENES TOMAS DE AGUA HLTA/HLTA-2439.jpg,,,,CHEVROLET,PICKUP,V6 3.8L,1965
HLTA-2440,Toma de agua,POLAR,TOMA DE AGUA,TOMA DE AGUA,HLTA-2440,Cotizar,/IMAGENES TOMAS DE AGUA HLTA/HLTA-2440.jpg,,,,KIA,FORTE,L4 1.6L,2020-2023
HLTA-2441,Toma de agua,POLAR,TOMA DE AGUA,TOMA DE AGUA,HLTA-2441,Cotizar,/IMAGENES TOMAS DE AGUA HLTA/HLTA-2441.jpg,,,,BUICK,CENTURY,V8 5.0L 5.7L,1977-1981
HLTA-2441,Toma de agua,POLAR,TOMA DE AGUA,TOMA DE AGUA,HLTA-2441,Cotizar,/IMAGENES TOMAS DE AGUA HLTA/HLTA-2441.jpg,,,,BUICK,ELECTRA,V8 5.0L 5.7L,1981-1985
HLTA-2441,Toma de agua,POLAR,TOMA DE AGUA,TOMA DE AGUA,HLTA-2441,Cotizar,/IMAGENES TOMAS DE AGUA HLTA/HLTA-2441.jpg,,,,CHEVROLET,CAMARO,V8 5.0L 5.7L,1978-1982
HLTA-2441,Toma de agua,POLAR,TOMA DE AGUA,TOMA DE AGUA,HLTA-2441,Cotizar,/IMAGENES TOMAS DE AGUA HLTA/HLTA-2441.jpg,,,,CHEVROLET,MALIBU,V8 5.0L 5.7L,1978-1982
HLTA-2441,Toma de agua,POLAR,TOMA DE AGUA,TOMA DE AGUA,HLTA-2441,Cotizar,/IMAGENES TOMAS DE AGUA HLTA/HLTA-2441.jpg,,,,CHEVROLET,PICKUP,V8 5.0L 5.7L,1968-1973
HLTA-2442,Toma de agua,POLAR,TOMA DE AGUA,TOMA DE AGUA,HLTA-2442,Cotizar,/IMAGENES TOMAS DE AGUA HLTA/HLTA-2442.jpg,,,,KIA,RIO,L4 1.6L,2021-2023
HLTA-2443,Toma de agua,POLAR,TOMA DE AGUA,TOMA DE AGUA,HLTA-2443,Cotizar,/IMAGENES TOMAS DE AGUA HLTA/HLTA-2443.jpg,,,,TOYOTA,CAMRY,L4 2.5L,2012-2017
HLTA-2444,Toma de agua,POLAR,TOMA DE AGUA,TOMA DE AGUA,HLTA-2444,Cotizar,/IMAGENES TOMAS DE AGUA HLTA/HLTA-2444.jpg,,,,CHEVROLET,CELEBRITY,V6 2.8L,1982-1986
HLTA-2445,Toma de agua,POLAR,TOMA DE AGUA,TOMA DE AGUA,HLTA-2445,Cotizar,/IMAGENES TOMAS DE AGUA HLTA/HLTA-2445.jpg,,,,CHEVROLET,BLAZER,V8 5.0L,1989 - 1990
HLTA-2446,Toma de agua,POLAR,TOMA DE AGUA,TOMA DE AGUA,HLTA-2446,Cotizar,/IMAGENES TOMAS DE AGUA HLTA/HLTA-2446.jpg,,,,TOYOTA,COROLLA,L4 1.8L,2020-2022
HLTA-2447,Toma de agua,POLAR,TOMA DE AGUA,TOMA DE AGUA,HLTA-2447,Cotizar,/IMAGENES TOMAS DE AGUA HLTA/HLTA-2447.jpg,,,,TOYOTA,PRIUS,L4 1.5L,2012-2021
HLTA-2448,Toma de agua,POLAR,TOMA DE AGUA,TOMA DE AGUA,HLTA-2448,Cotizar,/IMAGENES TOMAS DE AGUA HLTA/HLTA-2448.jpg,,,,KIA,FORTE,L4 2.0L,2017-2018
HLTA-2449,Toma de agua,POLAR,TOMA DE AGUA,TOMA DE AGUA,HLTA-2449,Cotizar,/IMAGENES TOMAS DE AGUA HLTA/HLTA-2449.jpg,,,,NISSAN,ROGE,L4 2.5L,2014-2018
HLTA-2450,Toma de agua,POLAR,TOMA DE AGUA,TOMA DE AGUA,HLTA-2450,Cotizar,/IMAGENES TOMAS DE AGUA HLTA/HLTA-2450.jpg,,,,CHEVROLET,CAVALIER,L4 2.2L,1999-2002
HLTA-2450,Toma de agua,POLAR,TOMA DE AGUA,TOMA DE AGUA,HLTA-2450,Cotizar,/IMAGENES TOMAS DE AGUA HLTA/HLTA-2450.jpg,,,,POINTIAC,SUNFIRE,L4 2.2L,1999-2002
HLTA-2451,Toma de agua,POLAR,TOMA DE AGUA,TOMA DE AGUA,HLTA-2451,Cotizar,/IMAGENES TOMAS DE AGUA HLTA/HLTA-2451.jpg,,,,NISSAN,ALTIMA,L4 2.5L,2013 - 2023
HLTA-2452,Toma de agua,POLAR,TOMA DE AGUA,TOMA DE AGUA,HLTA-2452,Cotizar,/IMAGENES TOMAS DE AGUA HLTA/HLTA-2452.jpg,,,,VOLKSWAGEN,TRANSPORTER,L4 2.0L,2010-2019
HLTA-2453,Toma de agua,POLAR,TOMA DE AGUA,TOMA DE AGUA,HLTA-2453,Cotizar,/IMAGENES TOMAS DE AGUA HLTA/HLTA-2453.jpg,,,,CHEVROLET,OPTRA,L4 2.0L,2004-2008
HLTA-2454,Toma de agua,POLAR,TOMA DE AGUA,TOMA DE AGUA,HLTA-2454,Cotizar,/IMAGENES TOMAS DE AGUA HLTA/HLTA-2454.jpg,,,,TOYOTA,CELICA,L6 2.8L,1982-1986
HLTA-2455,Toma de agua,POLAR,TOMA DE AGUA,TOMA DE AGUA,HLTA-2455,Cotizar,/IMAGENES TOMAS DE AGUA HLTA/HLTA-2455.jpg,,,,HYUNDAI,TUCSON,L4 2.0L,2014-2021
HLTA-2456,Toma de agua,POLAR,TOMA DE AGUA,TOMA DE AGUA,HLTA-2456,Cotizar,/IMAGENES TOMAS DE AGUA HLTA/HLTA-2456.jpg,,,,CHEVROLET,CHEVY,L4 1.4L,1994-2012
HLTA-2457,Toma de agua,POLAR,TOMA DE AGUA,TOMA DE AGUA,HLTA-2457,Cotizar,/IMAGENES TOMAS DE AGUA HLTA/HLTA-2457.jpg,,,,VOLKSWAGEN,GOLF,L4 1.4L,1991-1999
HLTA-2458,Toma de agua,POLAR,TOMA DE AGUA,TOMA DE AGUA,HLTA-2458,Cotizar,/IMAGENES TOMAS DE AGUA HLTA/HLTA-2458.jpg,,,,KIA,FORTE,L4 1.8L,2014-2018
HLTA-2459,Toma de agua,POLAR,TOMA DE AGUA,TOMA DE AGUA,HLTA-2459,Cotizar,/IMAGENES TOMAS DE AGUA HLTA/HLTA-2459.jpg,,,,DODGE,ATOS,L4 1.1L,1999 - 2004
HLTA-2459,Toma de agua,POLAR,TOMA DE AGUA,TOMA DE AGUA,HLTA-2459,Cotizar,/IMAGENES TOMAS DE AGUA HLTA/HLTA-2459.jpg,,,,DODGE,ATOS,L4 1.1L,2005 - 2011
HLTA-2460,Toma de agua,POLAR,TOMA DE AGUA,TOMA DE AGUA,HLTA-2460,Cotizar,/IMAGENES TOMAS DE AGUA HLTA/HLTA-2460.jpg,,,,KIA,SOUL,L4 1.7L,2017-2019
HLTA-2461,Toma de agua,POLAR,TOMA DE AGUA,TOMA DE AGUA,HLTA-2461,Cotizar,/IMAGENES TOMAS DE AGUA HLTA/HLTA-2461.jpg,,,,MAZDA,6,V6 3.0L,2003-2008
HLTA-2462,Toma de agua,POLAR,TOMA DE AGUA,TOMA DE AGUA,HLTA-2462,Cotizar,/IMAGENES TOMAS DE AGUA HLTA/HLTA-2462.jpg,,,,KIA,RIO,L4 1.6L,2006-2011
HLTA-2463,Toma de agua,POLAR,TOMA DE AGUA,TOMA DE AGUA,HLTA-2463,Cotizar,/IMAGENES TOMAS DE AGUA HLTA/HLTA-2463.jpg,,,,KIA,SORENTO,L4 3.3L,2013-2018
HLTA-2464,Toma de agua,POLAR,TOMA DE AGUA,TOMA DE AGUA,HLTA-2464,Cotizar,/IMAGENES TOMAS DE AGUA HLTA/HLTA-2464.jpg,,,,KIA,RIO,L4 1.6L,2006-2011
HLTA-2465,Toma de agua,POLAR,TOMA DE AGUA,TOMA DE AGUA,HLTA-2465,Cotizar,/IMAGENES TOMAS DE AGUA HLTA/HLTA-2465.jpg,,,,DODGE,VERNA,L4 1.6L,2005-2011
HLTA-2466,Toma de agua,POLAR,TOMA DE AGUA,TOMA DE AGUA,HLTA-2466,Cotizar,/Images/logop.png,,,,,,,
HLTA-2467,Toma de agua,POLAR,TOMA DE AGUA,TOMA DE AGUA,HLTA-2467,Cotizar,/IMAGENES TOMAS DE AGUA HLTA/HLTA-2467.jpg,,,,AUDI,A3,L4 2.0L,2000-2021
HLTA-2467,Toma de agua,POLAR,TOMA DE AGUA,TOMA DE AGUA,HLTA-2467,Cotizar,/IMAGENES TOMAS DE AGUA HLTA/HLTA-2467.jpg,,,,VOLKSWAGEN,JETTA,L4 2.0L,2000-2021
HLTA-2467,Toma de agua,POLAR,TOMA DE AGUA,TOMA DE AGUA,HLTA-2467,Cotizar,/IMAGENES TOMAS DE AGUA HLTA/HLTA-2467.jpg,,,,SEAT,ALTEA,L4 2.0L,2000-2021
HLTA-2468,Toma de agua,POLAR,TOMA DE AGUA,TOMA DE AGUA,HLTA-2468,Cotizar,/IMAGENES TOMAS DE AGUA HLTA/HLTA-2468.jpg,,,,NISSAN,MAXIMA,L6 2.4L,1981-1984
HLTA-2468,Toma de agua,POLAR,TOMA DE AGUA,TOMA DE AGUA,HLTA-2468,Cotizar,/IMAGENES TOMAS DE AGUA HLTA/HLTA-2468.jpg,,,,NISSAN,810,L6 2.4L,1977-1981
HLTA-2468,Toma de agua,POLAR,TOMA DE AGUA,TOMA DE AGUA,HLTA-2468,Cotizar,/IMAGENES TOMAS DE AGUA HLTA/HLTA-2468.jpg,,,,NISSAN,720,L4 2.0L,1980
HLTA-2468,Toma de agua,POLAR,TOMA DE AGUA,TOMA DE AGUA,HLTA-2468,Cotizar,/IMAGENES TOMAS DE AGUA HLTA/HLTA-2468.jpg,,,,NISSAN,620,L4 2.0L,1975-1979
HLTA-2468,Toma de agua,POLAR,TOMA DE AGUA,TOMA DE AGUA,HLTA-2468,Cotizar,/IMAGENES TOMAS DE AGUA HLTA/HLTA-2468.jpg,,,,NISSAN,510,L4 2.0L,1978-1981
HLTA-2468,Toma de agua,POLAR,TOMA DE AGUA,TOMA DE AGUA,HLTA-2468,Cotizar,/IMAGENES TOMAS DE AGUA HLTA/HLTA-2468.jpg,,,,NISSAN,200SX,L4 2.0L,1977-1979
HLTA-2469,Toma de agua,POLAR,TOMA DE AGUA,TOMA DE AGUA,HLTA-2469,Cotizar,/IMAGENES TOMAS DE AGUA HLTA/HLTA-2469.jpg,,,,KIA,FORTE,L4 2.0L,2019-2023
HLTA-2470,Toma de agua,POLAR,TOMA DE AGUA,TOMA DE AGUA,HLTA-2470,Cotizar,/IMAGENES TOMAS DE AGUA HLTA/HLTA-2470.jpg,,,,NISSAN,240Z,L6 2.4L,1970-1973
HLTA-2470,Toma de agua,POLAR,TOMA DE AGUA,TOMA DE AGUA,HLTA-2470,Cotizar,/IMAGENES TOMAS DE AGUA HLTA/HLTA-2470.jpg,,,,NISSAN,610,L4 2.0L,1974-1976
HLTA-2470,Toma de agua,POLAR,TOMA DE AGUA,TOMA DE AGUA,HLTA-2470,Cotizar,/IMAGENES TOMAS DE AGUA HLTA/HLTA-2470.jpg,,,,NISSAN,720,L4 2.0L,1980-1986
HLTA-2471,Toma de agua,POLAR,TOMA DE AGUA,TOMA DE AGUA,HLTA-2471,Cotizar,/IMAGENES TOMAS DE AGUA HLTA/HLTA-2471.jpg,,,,NISSAN,PICKUP,L4 2.0L,1979-1980
HLTA-2472,Toma de agua,POLAR,TOMA DE AGUA,TOMA DE AGUA,HLTA-2472,Cotizar,/IMAGENES TOMAS DE AGUA HLTA/HLTA-2472.jpg,,,,NISSAN,1600,L4 1.6L,1966-1967
HLTA-2472,Toma de agua,POLAR,TOMA DE AGUA,TOMA DE AGUA,HLTA-2472,Cotizar,/IMAGENES TOMAS DE AGUA HLTA/HLTA-2472.jpg,,,,NISSAN,510,L4 1.6L,1968-1973
HLTA-2472,Toma de agua,POLAR,TOMA DE AGUA,TOMA DE AGUA,HLTA-2472,Cotizar,/IMAGENES TOMAS DE AGUA HLTA/HLTA-2472.jpg,,,,DATSUN,521,L4 1.3L,1969
HLTA-2472,Toma de agua,POLAR,TOMA DE AGUA,TOMA DE AGUA,HLTA-2472,Cotizar,/IMAGENES TOMAS DE AGUA HLTA/HLTA-2472.jpg,,,,DATSUN,521,L4 1.6L,1970-1972
HLTA-2472,Toma de agua,POLAR,TOMA DE AGUA,TOMA DE AGUA,HLTA-2472,Cotizar,/IMAGENES TOMAS DE AGUA HLTA/HLTA-2472.jpg,,,,DATSUN,PICKUP,L4 1.6L,1970-1983
HLTA-2472,Toma de agua,POLAR,TOMA DE AGUA,TOMA DE AGUA,HLTA-2472,Cotizar,/IMAGENES TOMAS DE AGUA HLTA/HLTA-2472.jpg,,,,DATSUN,620,L4 1.6,1972-1973
HLTA-2472,Toma de agua,POLAR,TOMA DE AGUA,TOMA DE AGUA,HLTA-2472,Cotizar,/IMAGENES TOMAS DE AGUA HLTA/HLTA-2472.jpg,,,,DATSUN,620,L4 1.8L,1974
HLTA-2472,Toma de agua,POLAR,TOMA DE AGUA,TOMA DE AGUA,HLTA-2472,Cotizar,/IMAGENES TOMAS DE AGUA HLTA/HLTA-2472.jpg,,,,DATSUN,610,L4 1.8L,1973
HLTA-2472,Toma de agua,POLAR,TOMA DE AGUA,TOMA DE AGUA,HLTA-2472,Cotizar,/IMAGENES TOMAS DE AGUA HLTA/HLTA-2472.jpg,,,,DATSUN,710,L4 1.8L,1974
HLTA-2472,Toma de agua,POLAR,TOMA DE AGUA,TOMA DE AGUA,HLTA-2472,Cotizar,/IMAGENES TOMAS DE AGUA HLTA/HLTA-2472.jpg,,,,DATSUN,PICKUP,L4 1.8L,1981-1992
HLTA-2472,Toma de agua,POLAR,TOMA DE AGUA,TOMA DE AGUA,HLTA-2472,Cotizar,/IMAGENES TOMAS DE AGUA HLTA/HLTA-2472.jpg,,,,NISSAN,SAKURA,L4 1.8L,1982-1986
HLTA-2472,Toma de agua,POLAR,TOMA DE AGUA,TOMA DE AGUA,HLTA-2472,Cotizar,/IMAGENES TOMAS DE AGUA HLTA/HLTA-2472.jpg,,,,NISSAN,TSURU,L4 1.6L,1986-1989
HLTA-2472,Toma de agua,POLAR,TOMA DE AGUA,TOMA DE AGUA,HLTA-2472,Cotizar,/IMAGENES TOMAS DE AGUA HLTA/HLTA-2472.jpg,,,,NISSAN,ICHI VAN,L4 1.8L,1987-1992
HLTA-2473,Toma de agua,POLAR,TOMA DE AGUA,TOMA DE AGUA,HLTA-2473,Cotizar,/IMAGENES TOMAS DE AGUA HLTA/HLTA-2473.jpg,,,,KIA,NIRO,L4 1.6L,2017-2025
HLTA-2474,Toma de agua,POLAR,TOMA DE AGUA,TOMA DE AGUA,HLTA-2474,Cotizar,/IMAGENES TOMAS DE AGUA HLTA/HLTA-2474.jpg,,,,NISSAN,210,L4 1.4L,1982
HLTA-2474,Toma de agua,POLAR,TOMA DE AGUA,TOMA DE AGUA,HLTA-2474,Cotizar,/IMAGENES TOMAS DE AGUA HLTA/HLTA-2474.jpg,,,,NISSAN,210,L4 1.5L,1982
HLTA-2474,Toma de agua,POLAR,TOMA DE AGUA,TOMA DE AGUA,HLTA-2474,Cotizar,/IMAGENES TOMAS DE AGUA HLTA/HLTA-2474.jpg,,,,NISSAN,310,L4 1.5L,1982
HLTA-2474,Toma de agua,POLAR,TOMA DE AGUA,TOMA DE AGUA,HLTA-2474,Cotizar,/IMAGENES TOMAS DE AGUA HLTA/HLTA-2474.jpg,,,,NISSAN,PULSAR,L4 1.6L,1983
HLTA-2474,Toma de agua,POLAR,TOMA DE AGUA,TOMA DE AGUA,HLTA-2474,Cotizar,/IMAGENES TOMAS DE AGUA HLTA/HLTA-2474.jpg,,,,NISSAN,SENTRA,L4 1.5L,1982-1983
HLTA-2474,Toma de agua,POLAR,TOMA DE AGUA,TOMA DE AGUA,HLTA-2474,Cotizar,/IMAGENES TOMAS DE AGUA HLTA/HLTA-2474.jpg,,,,NISSAN,SENTRA,L4 1.6L,1983-1988
HLTA-2474,Toma de agua,POLAR,TOMA DE AGUA,TOMA DE AGUA,HLTA-2474,Cotizar,/IMAGENES TOMAS DE AGUA HLTA/HLTA-2474.jpg,,,,NISSAN,SENTRA,L4 1.7L,1983-1987
HLTA-2475,Toma de agua,POLAR,TOMA DE AGUA,TOMA DE AGUA,HLTA-2475,Cotizar,/IMAGENES TOMAS DE AGUA HLTA/HLTA-2475.jpg,,,,NISSAN,ALTIMA,L4 2.5L,2007-2018
HLTA-2475,Toma de agua,POLAR,TOMA DE AGUA,TOMA DE AGUA,HLTA-2475,Cotizar,/IMAGENES TOMAS DE AGUA HLTA/HLTA-2475.jpg,,,,NISSAN,ROGUE,L4 2.5L,2008-2018
HLTA-2475,Toma de agua,POLAR,TOMA DE AGUA,TOMA DE AGUA,HLTA-2475,Cotizar,/IMAGENES TOMAS DE AGUA HLTA/HLTA-2475.jpg,,,,NISSAN,SENTRA,L4 2.5L,2007-2012
HLTA-2475,Toma de agua,POLAR,TOMA DE AGUA,TOMA DE AGUA,HLTA-2475,Cotizar,/IMAGENES TOMAS DE AGUA HLTA/HLTA-2475.jpg,,,,NISSAN,X-TRAIL,L4 2.0L,2018-2020
HLTA-2475,Toma de agua,POLAR,TOMA DE AGUA,TOMA DE AGUA,HLTA-2475,Cotizar,/IMAGENES TOMAS DE AGUA HLTA/HLTA-2475.jpg,,,,NISSAN,X-TRAIL,L4 2.5L,2002-2020
HLTA-2476,Toma de agua,POLAR,TOMA DE AGUA,TOMA DE AGUA,HLTA-2476,Cotizar,/IMAGENES TOMAS DE AGUA HLTA/HLTA-2476.jpg,,,,NISSAN,FRONTIER,L4 2.4L,1998-2004
HLTA-2476,Toma de agua,POLAR,TOMA DE AGUA,TOMA DE AGUA,HLTA-2476,Cotizar,/IMAGENES TOMAS DE AGUA HLTA/HLTA-2476.jpg,,,,NISSAN,PICKUP,L4 2.4L,1998-2007
HLTA-2476,Toma de agua,POLAR,TOMA DE AGUA,TOMA DE AGUA,HLTA-2476,Cotizar,/IMAGENES TOMAS DE AGUA HLTA/HLTA-2476.jpg,,,,NISSAN,XTERRA,L4 2.4L,2000-2004
HLTA-2477,Toma de agua,POLAR,TOMA DE AGUA,TOMA DE AGUA,HLTA-2477,Cotizar,/IMAGENES TOMAS DE AGUA HLTA/HLTA-2477.jpg,,,,CHEVROLET,ONIX,L4 1.3L,2023-2025
HLTA-2478,Toma de agua,POLAR,TOMA DE AGUA,TOMA DE AGUA,HLTA-2478,Cotizar,/IMAGENES TOMAS DE AGUA HLTA/HLTA-2478.jpg,,,,KIA,SOUL,L4 2.0L,2020-2023
HLTA-2479,Toma de agua,POLAR,TOMA DE AGUA,TOMA DE AGUA,HLTA-2479,Cotizar,/IMAGENES TOMAS DE AGUA HLTA/HLTA-2479.jpg,,,,NISSAN,SENTRA,L4 1.8L,2000-2006
HLTA-2480,Toma de agua,POLAR,TOMA DE AGUA,TOMA DE AGUA,HLTA-2480,Cotizar,/IMAGENES TOMAS DE AGUA HLTA/HLTA-2480.jpg,,,,NISSAN,SENTRA,L4 1.8L,2000-2006
HLTA-2481,Toma de agua,POLAR,TOMA DE AGUA,TOMA DE AGUA,HLTA-2481,Cotizar,/IMAGENES TOMAS DE AGUA HLTA/HLTA-2481.jpg,,,,CHEVROLET,ONIX,L3 1.0L,2021-2024
HLTA-2482,Toma de agua,POLAR,TOMA DE AGUA,TOMA DE AGUA,HLTA-2482,Cotizar,/IMAGENES TOMAS DE AGUA HLTA/HLTA-2482.jpg,,,,RAM,700,L3 1.3L,2021-2023
HLTA-2483,Toma de agua,POLAR,TOMA DE AGUA,TOMA DE AGUA,HLTA-2483,Cotizar,/IMAGENES TOMAS DE AGUA HLTA/HLTA-2483.jpg,,,,CHEVROLET,AVEO,L4 1.5L,2018 - 2021
HLTA-2484,Toma de agua,POLAR,TOMA DE AGUA,TOMA DE AGUA,HLTA-2484,Cotizar,/IMAGENES TOMAS DE AGUA HLTA/HLTA-2484.jpg,,,,BUICK,ENVISION,L4 2.5L,2016-2020
HLTA-2485,Toma de agua,POLAR,TOMA DE AGUA,TOMA DE AGUA,HLTA-2485,Cotizar,/IMAGENES TOMAS DE AGUA HLTA/HLTA-2485.jpg,,,,FORD,ESCAPE,L4 2.0L,2001-2004
HLTA-2486,Toma de agua,POLAR,TOMA DE AGUA,TOMA DE AGUA,HLTA-2486,Cotizar,/IMAGENES TOMAS DE AGUA HLTA/HLTA-2486.jpg,,,,MAZDA,6,V6 3.0L,2003-2008
HLTA-2487,Toma de agua,POLAR,TOMA DE AGUA,TOMA DE AGUA,HLTA-2487,Cotizar,/IMAGENES TOMAS DE AGUA HLTA/HLTA-2487.jpg,,,,CADILLAC,XT6,V6 3.6L,2020-2023
HLTA-2488,Toma de agua,POLAR,TOMA DE AGUA,TOMA DE AGUA,HLTA-2488,Cotizar,/IMAGENES TOMAS DE AGUA HLTA/HLTA-2488.jpg,,,,RENAULT,MEGANE,L4 2.0L,2001-2009
HLTA-2489,Toma de agua,POLAR,TOMA DE AGUA,TOMA DE AGUA,HLTA-2489,Cotizar,/IMAGENES TOMAS DE AGUA HLTA/HLTA-2489.jpg,,,,PEUGEOT,208,L3 1.2L,2023-2024
HLTA-2490,Toma de agua,POLAR,TOMA DE AGUA,TOMA DE AGUA,HLTA-2490,Cotizar,/IMAGENES TOMAS DE AGUA HLTA/HLTA-2490.jpg,,,,RAM,PROMASTER,V6 3.6L,2022-2023
HLTA-2491,Toma de agua,POLAR,TOMA DE AGUA,TOMA DE AGUA,HLTA-2491,Cotizar,/IMAGENES TOMAS DE AGUA HLTA/HLTA-2491.jpg,,,,VOLKSWAGEN,JETTA,L4 2.0L,2001-2021
HLTA-2492,Toma de agua,POLAR,TOMA DE AGUA,TOMA DE AGUA,HLTA-2492,Cotizar,/IMAGENES TOMAS DE AGUA HLTA/HLTA-2492.jpg,,,,TOYOTA,YARIS,L4 2.5L,2004-2017
HLTA-2493,Toma de agua,POLAR,TOMA DE AGUA,TOMA DE AGUA,HLTA-2493,Cotizar,/IMAGENES TOMAS DE AGUA HLTA/HLTA-2493.jpg,,,,,,,
HLTA-2494,Toma de agua,POLAR,TOMA DE AGUA,TOMA DE AGUA,HLTA-2494,Cotizar,/IMAGENES TOMAS DE AGUA HLTA/HLTA-2494.jpg,,,,FORD,ESCAPE,L4 1.5L,2017-2019
HLTA-2494,Toma de agua,POLAR,TOMA DE AGUA,TOMA DE AGUA,HLTA-2494,Cotizar,/IMAGENES TOMAS DE AGUA HLTA/HLTA-2494.jpg,,,,FORD,FUSION,L4 1.5L,2014-2016
HLTA-2495,Toma de agua,POLAR,TOMA DE AGUA,TOMA DE AGUA,HLTA-2495,Cotizar,/IMAGENES TOMAS DE AGUA HLTA/HLTA-2495.jpg,,,,TOYOTA,COROLLA,L4 1.8L,1998-2009
HLTA-2496,Toma de agua,POLAR,TOMA DE AGUA,TOMA DE AGUA,HLTA-2496,Cotizar,/IMAGENES TOMAS DE AGUA HLTA/HLTA-2496.jpg,,,,FORD,EXPEDITION,V6 3.5L,2007-2021
HLTA-2496,Toma de agua,POLAR,TOMA DE AGUA,TOMA DE AGUA,HLTA-2496,Cotizar,/IMAGENES TOMAS DE AGUA HLTA/HLTA-2496.jpg,,,,LINCOLN,MKZ,V6 3.7L,2007-2021
HLTA-2497,Toma de agua,POLAR,TOMA DE AGUA,TOMA DE AGUA,HLTA-2497,Cotizar,/IMAGENES TOMAS DE AGUA HLTA/HLTA-2497.jpg,,,,DODGE,NEON,L4 1.6L,2015 - 2019
HLTA-2497,Toma de agua,POLAR,TOMA DE AGUA,TOMA DE AGUA,HLTA-2497,Cotizar,/IMAGENES TOMAS DE AGUA HLTA/HLTA-2497.jpg,,,,DODGE,VISION,L4 1.6L,2015 - 2019
HLTA-2497,Toma de agua,POLAR,TOMA DE AGUA,TOMA DE AGUA,HLTA-2497,Cotizar,/IMAGENES TOMAS DE AGUA HLTA/HLTA-2497.jpg,,,,RAM,700,L4 1.6L,2015 - 2019
HLTA-2498,Toma de agua,POLAR,TOMA DE AGUA,TOMA DE AGUA,HLTA-2498,Cotizar,/IMAGENES TOMAS DE AGUA HLTA/HLTA-2498.jpg,,,,FORD,TRANSIT,V6 3.5L,2015-2023
HLTA-2499,Toma de agua,POLAR,TOMA DE AGUA,TOMA DE AGUA,HLTA-2499,Cotizar,/IMAGENES TOMAS DE AGUA HLTA/HLTA-2499.jpg,,,,SEAT,IBIZA,L4 1.2L,2013 - 2017
HLTA-2499,Toma de agua,POLAR,TOMA DE AGUA,TOMA DE AGUA,HLTA-2499,Cotizar,/IMAGENES TOMAS DE AGUA HLTA/HLTA-2499.jpg,,,,SEAT,TOLEDO,L4 1.2L,2012 - 2017
HLTA-2499,Toma de agua,POLAR,TOMA DE AGUA,TOMA DE AGUA,HLTA-2499,Cotizar,/IMAGENES TOMAS DE AGUA HLTA/HLTA-2499.jpg,,,,VOLKSWAGEN,CADDY,L4 1.2L,2014 - 2017
HLTA-2499,Toma de agua,POLAR,TOMA DE AGUA,TOMA DE AGUA,HLTA-2499,Cotizar,/IMAGENES TOMAS DE AGUA HLTA/HLTA-2499.jpg,,,,VOLKSWAGEN,POLO,L4 1.2L,2013 - 2018
HLTA-2500,Toma de agua,POLAR,TOMA DE AGUA,TOMA DE AGUA,HLTA-2500,Cotizar,/Images/logop.png,,,,AUDI,A3,L4 2.0L,2006 - 2008
HLTA-2501,Toma de agua,POLAR,TOMA DE AGUA,TOMA DE AGUA,HLTA-2501,Cotizar,/IMAGENES TOMAS DE AGUA HLTA/HLTA-2501.jpg,,,,AUDI,TT,L4 1.8L,1999 - 2006
HLTA-2502,Toma de agua,POLAR,TOMA DE AGUA,TOMA DE AGUA,HLTA-2502,Cotizar,/Images/logop.png,,,,AUDI,TT,L4 2.0L,2007 - 2010
HLTA-2503,Toma de agua,POLAR,TOMA DE AGUA,TOMA DE AGUA,HLTA-2503,Cotizar,/IMAGENES TOMAS DE AGUA HLTA/HLTA-2503.jpg,,,,SEAT,LEON,L4 1.8L,2001 - 2006
HLTA-2503,Toma de agua,POLAR,TOMA DE AGUA,TOMA DE AGUA,HLTA-2503,Cotizar,/IMAGENES TOMAS DE AGUA HLTA/HLTA-2503.jpg,,,,VOLKSWAGEN,BORA,L4 2.0L,2006 - 2010
HLTA-2503,Toma de agua,POLAR,TOMA DE AGUA,TOMA DE AGUA,HLTA-2503,Cotizar,/IMAGENES TOMAS DE AGUA HLTA/HLTA-2503.jpg,,,,VOLKSWAGEN,BORA,L5 2.5L,2005 - 2010
HLTA-2503,Toma de agua,POLAR,TOMA DE AGUA,TOMA DE AGUA,HLTA-2503,Cotizar,/IMAGENES TOMAS DE AGUA HLTA/HLTA-2503.jpg,,,,VOLKSWAGEN,CLASICO,L4 2.0L,2009 - 2015
HLTA-2503,Toma de agua,POLAR,TOMA DE AGUA,TOMA DE AGUA,HLTA-2503,Cotizar,/IMAGENES TOMAS DE AGUA HLTA/HLTA-2503.jpg,,,,VOLKSWAGEN,JETTA,L4 1.8L,2002 - 2005
HLTA-2503,Toma de agua,POLAR,TOMA DE AGUA,TOMA DE AGUA,HLTA-2503,Cotizar,/IMAGENES TOMAS DE AGUA HLTA/HLTA-2503.jpg,,,,VOLKSWAGEN,JETTA,L4 2.0L,2002 - 2005
HLTA-2503,Toma de agua,POLAR,TOMA DE AGUA,TOMA DE AGUA,HLTA-2503,Cotizar,/IMAGENES TOMAS DE AGUA HLTA/HLTA-2503.jpg,,,,VOLKSWAGEN,JETTA,L5 2.5L,2011 - 2018
HLTA-2503,Toma de agua,POLAR,TOMA DE AGUA,TOMA DE AGUA,HLTA-2503,Cotizar,/IMAGENES TOMAS DE AGUA HLTA/HLTA-2503.jpg,,,,VOLKSWAGEN,JETTA,V6 2.8L,1999 - 2004
HLTA-2503,Toma de agua,POLAR,TOMA DE AGUA,TOMA DE AGUA,HLTA-2503,Cotizar,/IMAGENES TOMAS DE AGUA HLTA/HLTA-2503.jpg,,,,VOLKSWAGEN,PASSAT,L4 2.0L,2006 - 2008
HLTA-2503,Toma de agua,POLAR,TOMA DE AGUA,TOMA DE AGUA,HLTA-2503,Cotizar,/IMAGENES TOMAS DE AGUA HLTA/HLTA-2503.jpg,,,,VOLKSWAGEN,PASSAT,L4 2.0L,2012 - 2014
HLTA-2503,Toma de agua,POLAR,TOMA DE AGUA,TOMA DE AGUA,HLTA-2503,Cotizar,/IMAGENES TOMAS DE AGUA HLTA/HLTA-2503.jpg,,,,VOLKSWAGEN,TIGUAN,L4 2.0L,2008 - 2017
HLTA-2504,Toma de agua,POLAR,TOMA DE AGUA,TOMA DE AGUA,HLTA-2504,Cotizar,/Images/logop.png,,,,VOLKSWAGEN,JETTA,L4 2.0L,1999-2014
HLTA-2505,Toma de agua,POLAR,TOMA DE AGUA,TOMA DE AGUA,HLTA-2505,Cotizar,/IMAGENES TOMAS DE AGUA HLTA/HLTA-2505.jpg,,,,AUDI,RS3 QUATTRO,L5 2.5L,2018 - 2018
HLTA-2505,Toma de agua,POLAR,TOMA DE AGUA,TOMA DE AGUA,HLTA-2505,Cotizar,/IMAGENES TOMAS DE AGUA HLTA/HLTA-2505.jpg,,,,AUDI,RSQ3 SPORTBACK QUATTRO,L5 2.5L,2010 - 2014
HLTA-2505,Toma de agua,POLAR,TOMA DE AGUA,TOMA DE AGUA,HLTA-2505,Cotizar,/IMAGENES TOMAS DE AGUA HLTA/HLTA-2505.jpg,,,,AUDI,TT RS QUATTRO,L5 2.5L,2010 - 2014
HLTA-2505,Toma de agua,POLAR,TOMA DE AGUA,TOMA DE AGUA,HLTA-2505,Cotizar,/IMAGENES TOMAS DE AGUA HLTA/HLTA-2505.jpg,,,,AUDI,TT RS QUATTRO,L5 2.5L,2021 - 2022
HLTA-2505,Toma de agua,POLAR,TOMA DE AGUA,TOMA DE AGUA,HLTA-2505,Cotizar,/IMAGENES TOMAS DE AGUA HLTA/HLTA-2505.jpg,,,,VOLKSWAGEN,BEETLE,L5 2.5L,2011 - 2020
HLTA-2505,Toma de agua,POLAR,TOMA DE AGUA,TOMA DE AGUA,HLTA-2505,Cotizar,/IMAGENES TOMAS DE AGUA HLTA/HLTA-2505.jpg,,,,VOLKSWAGEN,BORA,L5 2.5L,2005 - 2010
HLTA-2505,Toma de agua,POLAR,TOMA DE AGUA,TOMA DE AGUA,HLTA-2505,Cotizar,/IMAGENES TOMAS DE AGUA HLTA/HLTA-2505.jpg,,,,VOLKSWAGEN,GOLF SPORTWAGEN,L5 2.5L,2010 - 2013
HLTA-2505,Toma de agua,POLAR,TOMA DE AGUA,TOMA DE AGUA,HLTA-2505,Cotizar,/IMAGENES TOMAS DE AGUA HLTA/HLTA-2505.jpg,,,,VOLKSWAGEN,JETTA,L5 2.5L,2010 - 2018
HLTA-2505,Toma de agua,POLAR,TOMA DE AGUA,TOMA DE AGUA,HLTA-2505,Cotizar,/IMAGENES TOMAS DE AGUA HLTA/HLTA-2505.jpg,,,,VOLKSWAGEN,NEW BEETLE,L5 2.5L,2006 - 2010
HLTA-2505,Toma de agua,POLAR,TOMA DE AGUA,TOMA DE AGUA,HLTA-2505,Cotizar,/IMAGENES TOMAS DE AGUA HLTA/HLTA-2505.jpg,,,,VOLKSWAGEN,PASSAT,L5 2.5L,2012 - 2018
HLTA-2506,Toma de agua,POLAR,TOMA DE AGUA,TOMA DE AGUA,HLTA-2506,Cotizar,/Images/logop.png,,,,,,,
HLTA-2507,Toma de agua,POLAR,TOMA DE AGUA,TOMA DE AGUA,HLTA-2507,Cotizar,/IMAGENES TOMAS DE AGUA HLTA/HLTA-2507.jpg,,,,VOLKSWAGEN,GOLF,L4 2.0L,2006-2020
HLTA-2507,Toma de agua,POLAR,TOMA DE AGUA,TOMA DE AGUA,HLTA-2507,Cotizar,/IMAGENES TOMAS DE AGUA HLTA/HLTA-2507.jpg,,,,VOLKSWAGEN,CADDY,L4 1.6L,2006-2020
HLTA-2508,Toma de agua,POLAR,TOMA DE AGUA,TOMA DE AGUA,HLTA-2508,Cotizar,/IMAGENES TOMAS DE AGUA HLTA/HLTA-2508.jpg,,,,VOLKSWAGEN,GOLF,L4 1.8L,1983-1993
HLTA-2509,Toma de agua,POLAR,TOMA DE AGUA,TOMA DE AGUA,HLTA-2509,Cotizar,/IMAGENES TOMAS DE AGUA HLTA/HLTA-2509.jpg,,,,RAM,1500,V6 3.6L,2013-2018
HLTA-2510,Toma de agua,POLAR,TOMA DE AGUA,TOMA DE AGUA,HLTA-2510,Cotizar,/IMAGENES TOMAS DE AGUA HLTA/HLTA-2510.jpg,,,,BUICK,ENCORE,L4 1.4L,2013 - 2019
HLTA-2510,Toma de agua,POLAR,TOMA DE AGUA,TOMA DE AGUA,HLTA-2510,Cotizar,/IMAGENES TOMAS DE AGUA HLTA/HLTA-2510.jpg,,,,CHEVROLET,CRUZE,L4 1.4L,2016 - 2019
HLTA-2510,Toma de agua,POLAR,TOMA DE AGUA,TOMA DE AGUA,HLTA-2510,Cotizar,/IMAGENES TOMAS DE AGUA HLTA/HLTA-2510.jpg,,,,CHEVROLET,EQUINOX,L4 1.5L,2017 - 2022
HLTA-2510,Toma de agua,POLAR,TOMA DE AGUA,TOMA DE AGUA,HLTA-2510,Cotizar,/IMAGENES TOMAS DE AGUA HLTA/HLTA-2510.jpg,,,,CHEVROLET,MALIBU,L4 1.5L,2016 - 2022
HLTA-2510,Toma de agua,POLAR,TOMA DE AGUA,TOMA DE AGUA,HLTA-2510,Cotizar,/IMAGENES TOMAS DE AGUA HLTA/HLTA-2510.jpg,,,,CHEVROLET,SPARK,L4 1.4L,2015 - 2021
HLTA-2511,Toma de agua,POLAR,TOMA DE AGUA,TOMA DE AGUA,HLTA-2511,Cotizar,/IMAGENES TOMAS DE AGUA HLTA/HLTA-2511.jpg,,,,SEAT,CORDOBA,L4 1.6L,2000-2002
HLTA-2512,Toma de agua,POLAR,TOMA DE AGUA,TOMA DE AGUA,HLTA-2512,Cotizar,/IMAGENES TOMAS DE AGUA HLTA/HLTA-2512.jpg,,,,HONDA,CR-V,L4 2.4L,2015-2019
HLTA-2512,Toma de agua,POLAR,TOMA DE AGUA,TOMA DE AGUA,HLTA-2512,Cotizar,/IMAGENES TOMAS DE AGUA HLTA/HLTA-2512.jpg,,,,HONDA,ACCORD,L4 2.4L,2013-2015
HLTA-2512,Toma de agua,POLAR,TOMA DE AGUA,TOMA DE AGUA,HLTA-2512,Cotizar,/IMAGENES TOMAS DE AGUA HLTA/HLTA-2512.jpg,,,,HONDA,CIVIC,L4 2.0L,2016-2020
HLTA-2513,Toma de agua,POLAR,TOMA DE AGUA,TOMA DE AGUA,HLTA-2513,Cotizar,/IMAGENES TOMAS DE AGUA HLTA/HLTA-2513.jpg,,,,MG,MG5,L4 1.5L,2021-2024
HLTA-2514,Toma de agua,POLAR,TOMA DE AGUA,TOMA DE AGUA,HLTA-2514,Cotizar,/IMAGENES TOMAS DE AGUA HLTA/HLTA-2514.jpg,,,,NISSAN,KICKS,L4 1.6L,2018-2024
HLTA-2515,Toma de agua,POLAR,TOMA DE AGUA,TOMA DE AGUA,HLTA-2515,Cotizar,/IMAGENES TOMAS DE AGUA HLTA/HLTA-2515.jpg,,,,FORD,F-150,V6 3.5L,2015-2020
HLTA-2516,Toma de agua,POLAR,TOMA DE AGUA,TOMA DE AGUA,HLTA-2516,Cotizar,/IMAGENES TOMAS DE AGUA HLTA/HLTA-2516.jpg,,,,VOLKSWAGEN,BEETLE,L5 2.5L,2006 - 2019
HLTA-2516,Toma de agua,POLAR,TOMA DE AGUA,TOMA DE AGUA,HLTA-2516,Cotizar,/IMAGENES TOMAS DE AGUA HLTA/HLTA-2516.jpg,,,,VOLKSWAGEN,BORA,L5 2.5L,2005 - 2010
HLTA-2516,Toma de agua,POLAR,TOMA DE AGUA,TOMA DE AGUA,HLTA-2516,Cotizar,/IMAGENES TOMAS DE AGUA HLTA/HLTA-2516.jpg,,,,VOLKSWAGEN,JETTA,L5 2.5L,2010 - 2018
HLTA-2516,Toma de agua,POLAR,TOMA DE AGUA,TOMA DE AGUA,HLTA-2516,Cotizar,/IMAGENES TOMAS DE AGUA HLTA/HLTA-2516.jpg,,,,VOLKSWAGEN,PASSAT,L5 2.5L,2012 - 2018
HLTA-2517,Toma de agua,POLAR,TOMA DE AGUA,TOMA DE AGUA,HLTA-2517,Cotizar,/IMAGENES TOMAS DE AGUA HLTA/HLTA-2517.jpg,,,,,,,
HLTA-2518,Toma de agua,POLAR,TOMA DE AGUA,TOMA DE AGUA,HLTA-2518,Cotizar,/IMAGENES TOMAS DE AGUA HLTA/HLTA-2518.jpg,,,,CHEVROLET,CAVALIER,L4 1.5L,2018 - 2020
HLTA-2519,Toma de agua,POLAR,TOMA DE AGUA,TOMA DE AGUA,HLTA-2519,Cotizar,/IMAGENES TOMAS DE AGUA HLTA/HLTA-2519.jpg,,,,FORD,F-150,V6 3.5L,2017-2023
HLTA-2520,Toma de agua,POLAR,TOMA DE AGUA,TOMA DE AGUA,HLTA-2520,Cotizar,/IMAGENES TOMAS DE AGUA HLTA/HLTA-2520.jpg,,,,RAM,1500,V6 3.6L,2014-2018
HLTA-2521,Toma de agua,POLAR,TOMA DE AGUA,TOMA DE AGUA,HLTA-2521,Cotizar,/IMAGENES TOMAS DE AGUA HLTA/HLTA-2521.jpg,,,,DODGE,DURANGO,V6 3.6L,2016-2024
HLTA-2521,Toma de agua,POLAR,TOMA DE AGUA,TOMA DE AGUA,HLTA-2521,Cotizar,/IMAGENES TOMAS DE AGUA HLTA/HLTA-2521.jpg,,,,JEEP,GRAND CHEROKEE,V6 3.6L,2016-2024
HLTA-2522,Toma de agua,POLAR,TOMA DE AGUA,TOMA DE AGUA,HLTA-2522,Cotizar,/IMAGENES TOMAS DE AGUA HLTA/HLTA-2522.jpg,,,,CHRYSLER,PACIFICA,V6 3.6L,2022-2024
HLTA-2522,Toma de agua,POLAR,TOMA DE AGUA,TOMA DE AGUA,HLTA-2522,Cotizar,/IMAGENES TOMAS DE AGUA HLTA/HLTA-2522.jpg,,,,RAM,PROMASTER,V6 3.6L,2017-2024
HLTA-2523,Toma de agua,POLAR,TOMA DE AGUA,TOMA DE AGUA,HLTA-2523,Cotizar,/IMAGENES TOMAS DE AGUA HLTA/HLTA-2523.jpg,,,,HYUNDAI,ELANTRA,L4 1.8L,2012 - 2014
HLTA-2523,Toma de agua,POLAR,TOMA DE AGUA,TOMA DE AGUA,HLTA-2523,Cotizar,/IMAGENES TOMAS DE AGUA HLTA/HLTA-2523.jpg,,,,HYUNDAI,IX35,L4 2.0L,2014 - 2015
HLTA-2523,Toma de agua,POLAR,TOMA DE AGUA,TOMA DE AGUA,HLTA-2523,Cotizar,/IMAGENES TOMAS DE AGUA HLTA/HLTA-2523.jpg,,,,HYUNDAI,TUCSON,L4 2.0L,2015 - 2015
HLTA-2523,Toma de agua,POLAR,TOMA DE AGUA,TOMA DE AGUA,HLTA-2523,Cotizar,/IMAGENES TOMAS DE AGUA HLTA/HLTA-2523.jpg,,,,KIA,FORTE,L4 2.0L,2016 - 2017
HLTA-2523,Toma de agua,POLAR,TOMA DE AGUA,TOMA DE AGUA,HLTA-2523,Cotizar,/IMAGENES TOMAS DE AGUA HLTA/HLTA-2523.jpg,,,,KIA,SOUL,L4 2.0L,2016 - 2018
HLTA-2523,Toma de agua,POLAR,TOMA DE AGUA,TOMA DE AGUA,HLTA-2523,Cotizar,/IMAGENES TOMAS DE AGUA HLTA/HLTA-2523.jpg,,,,KIA,SPORTAGE,L4 2.0L,2015 - 2017
HLTA-2524,Toma de agua,POLAR,TOMA DE AGUA,TOMA DE AGUA,HLTA-2524,Cotizar,/IMAGENES TOMAS DE AGUA HLTA/HLTA-2524.jpg,,,,VOLKSWAGEN,JETTA,L4 1.8L,1988-1993
HLTA-2525,Toma de agua,POLAR,TOMA DE AGUA,TOMA DE AGUA,HLTA-2525,Cotizar,/IMAGENES TOMAS DE AGUA HLTA/HLTA-2525.jpg,,,,FORD,TRANSIT,L4 1.0L,2021-2024
HLTA-2525,Toma de agua,POLAR,TOMA DE AGUA,TOMA DE AGUA,HLTA-2525,Cotizar,/IMAGENES TOMAS DE AGUA HLTA/HLTA-2525.jpg,,,,FORD,ECOSPORT,L4 1.5L,2018-2019
HLTA-2525,Toma de agua,POLAR,TOMA DE AGUA,TOMA DE AGUA,HLTA-2525,Cotizar,/IMAGENES TOMAS DE AGUA HLTA/HLTA-2525.jpg,,,,FORD,FIESTA,L4 1.6L,2017-2019
HLTA-2525,Toma de agua,POLAR,TOMA DE AGUA,TOMA DE AGUA,HLTA-2525,Cotizar,/IMAGENES TOMAS DE AGUA HLTA/HLTA-2525.jpg,,,,FORD,FOCUS,L4 2.0L,2015-2018
HLTA-2526,Toma de agua,POLAR,TOMA DE AGUA,TOMA DE AGUA,HLTA-2526,Cotizar,/IMAGENES TOMAS DE AGUA HLTA/HLTA-2526.jpg,,,,VOLKSWAGEN,GOLF,L4 1.6L,1988-1992
HLTA-2526,Toma de agua,POLAR,TOMA DE AGUA,TOMA DE AGUA,HLTA-2526,Cotizar,/IMAGENES TOMAS DE AGUA HLTA/HLTA-2526.jpg,,,,VOLKSWAGEN,JETTA,L4 1.6L,1988-1992
HLTA-2527,Toma de agua,POLAR,TOMA DE AGUA,TOMA DE AGUA,HLTA-2527,Cotizar,/IMAGENES TOMAS DE AGUA HLTA/HLTA-2527.jpg,,,,VOLKSWAGEN,RABBIT,L4 1.8L,1983-1984
HLTA-2527,Toma de agua,POLAR,TOMA DE AGUA,TOMA DE AGUA,HLTA-2527,Cotizar,/IMAGENES TOMAS DE AGUA HLTA/HLTA-2527.jpg,,,,VOLKSWAGEN,SCIRICCO,L4 1.8L,1984-1989
HLTA-2527,Toma de agua,POLAR,TOMA DE AGUA,TOMA DE AGUA,HLTA-2527,Cotizar,/IMAGENES TOMAS DE AGUA HLTA/HLTA-2527.jpg,,,,VOLKSWAGEN,JETTA,L4 2.0L,1984-1998
HLTA-2527,Toma de agua,POLAR,TOMA DE AGUA,TOMA DE AGUA,HLTA-2527,Cotizar,/IMAGENES TOMAS DE AGUA HLTA/HLTA-2527.jpg,,,,VOLKSWAGEN,GTI,L4 1.8L,1985-1987
HLTA-2527,Toma de agua,POLAR,TOMA DE AGUA,TOMA DE AGUA,HLTA-2527,Cotizar,/IMAGENES TOMAS DE AGUA HLTA/HLTA-2527.jpg,,,,VOLKSWAGEN,GOLF,L4 2.0L,1985-1987
HLTA-2527,Toma de agua,POLAR,TOMA DE AGUA,TOMA DE AGUA,HLTA-2527,Cotizar,/IMAGENES TOMAS DE AGUA HLTA/HLTA-2527.jpg,,,,VOLKSWAGEN,CABRIOLET,L41.8L,1985-1993
HLTA-2527,Toma de agua,POLAR,TOMA DE AGUA,TOMA DE AGUA,HLTA-2527,Cotizar,/IMAGENES TOMAS DE AGUA HLTA/HLTA-2527.jpg,,,,VOLKSWAGEN,FOX,L4 1.8L,1987-1993
HLTA-2527,Toma de agua,POLAR,TOMA DE AGUA,TOMA DE AGUA,HLTA-2527,Cotizar,/IMAGENES TOMAS DE AGUA HLTA/HLTA-2527.jpg,,,,AUDI,80,L4 2.0L,1988-1990
HLTA-2527,Toma de agua,POLAR,TOMA DE AGUA,TOMA DE AGUA,HLTA-2527,Cotizar,/IMAGENES TOMAS DE AGUA HLTA/HLTA-2527.jpg,,,,VOLKSWAGEN,CORRADO,L4 1.8L,1990-1992
HLTA-2527,Toma de agua,POLAR,TOMA DE AGUA,TOMA DE AGUA,HLTA-2527,Cotizar,/IMAGENES TOMAS DE AGUA HLTA/HLTA-2527.jpg,,,,SEAT,CORDOBA,L4 1.6L,2001-2002
HLTA-2528,Toma de agua,POLAR,TOMA DE AGUA,TOMA DE AGUA,HLTA-2528,Cotizar,/IMAGENES TOMAS DE AGUA HLTA/HLTA-2528.jpg,,,,CHEVROLET,CHEVY,L4 1.6L,2009-2012
HLTA-2529,Toma de agua,POLAR,TOMA DE AGUA,TOMA DE AGUA,HLTA-2529,Cotizar,/IMAGENES TOMAS DE AGUA HLTA/HLTA-2529.jpg,,,,CHEVROLET,CORSA,L4 1.6L,2009-2012
HLTA-2530,Toma de agua,POLAR,TOMA DE AGUA,TOMA DE AGUA,HLTA-2530,Cotizar,/IMAGENES TOMAS DE AGUA HLTA/HLTA-2530.jpg,,,,VOLKSWAGEN,CROSSFOX,L4 1.6L,2009-2020
HLTA-2531,Toma de agua,POLAR,TOMA DE AGUA,TOMA DE AGUA,HLTA-2531,Cotizar,/IMAGENES TOMAS DE AGUA HLTA/HLTA-2531.jpg,,,,VOLKSWAGEN,PASSAT,V6 3.6L,2006-2011
HLTA-2531,Toma de agua,POLAR,TOMA DE AGUA,TOMA DE AGUA,HLTA-2531,Cotizar,/IMAGENES TOMAS DE AGUA HLTA/HLTA-2531.jpg,,,,VOLKSWAGEN,TOUAREG,V6 3.6L,2006-2011
HLTA-2532,Toma de agua,POLAR,TOMA DE AGUA,TOMA DE AGUA,HLTA-2532,Cotizar,/IMAGENES TOMAS DE AGUA HLTA/HLTA-2532.jpg,,,,VOLKSWAGEN,TOUAREG,V6 3.2L,2004-2006
HLTA-2533,Toma de agua,POLAR,TOMA DE AGUA,TOMA DE AGUA,HLTA-2533,Cotizar,/IMAGENES TOMAS DE AGUA HLTA/HLTA-2533.jpg,,,,TOYOTA,CAMRY,L4 2.5L,2018-2022
HLTA-2534,Toma de agua,POLAR,TOMA DE AGUA,TOMA DE AGUA,HLTA-2534,Cotizar,/IMAGENES TOMAS DE AGUA HLTA/HLTA-2534.jpg,,,,VOLVO,S60,L6 3.0L,2010 - 2015
HLTA-2534,Toma de agua,POLAR,TOMA DE AGUA,TOMA DE AGUA,HLTA-2534,Cotizar,/IMAGENES TOMAS DE AGUA HLTA/HLTA-2534.jpg,,,,VOLVO,S80,L6 3.0L,2007 - 2015
HLTA-2534,Toma de agua,POLAR,TOMA DE AGUA,TOMA DE AGUA,HLTA-2534,Cotizar,/IMAGENES TOMAS DE AGUA HLTA/HLTA-2534.jpg,,,,VOLVO,S80,L6 3.2L,2006 - 2010
HLTA-2534,Toma de agua,POLAR,TOMA DE AGUA,TOMA DE AGUA,HLTA-2534,Cotizar,/IMAGENES TOMAS DE AGUA HLTA/HLTA-2534.jpg,,,,VOLVO,XC60,L6 3.0L,2008 - 2017
HLTA-2535,Toma de agua,POLAR,TOMA DE AGUA,TOMA DE AGUA,HLTA-2535,Cotizar,/Images/logop.png,,,,,,,
HLTA-2536,Toma de agua,POLAR,TOMA DE AGUA,TOMA DE AGUA,HLTA-2536,Cotizar,/IMAGENES TOMAS DE AGUA HLTA/HLTA-2536.jpg,,,,CHEVROLET,AVEO,L4 1.5L,2018 - 2021
HLTA-2537,Toma de agua,POLAR,TOMA DE AGUA,TOMA DE AGUA,HLTA-2537,Cotizar,/IMAGENES TOMAS DE AGUA HLTA/HLTA-2537.jpg,,,,BUICK,REGAL,L4 2.0L,2013 - 2017
HLTA-2537,Toma de agua,POLAR,TOMA DE AGUA,TOMA DE AGUA,HLTA-2537,Cotizar,/IMAGENES TOMAS DE AGUA HLTA/HLTA-2537.jpg,,,,BUICK,VERANO,L4 2.0L,2012 - 2016
HLTA-2537,Toma de agua,POLAR,TOMA DE AGUA,TOMA DE AGUA,HLTA-2537,Cotizar,/IMAGENES TOMAS DE AGUA HLTA/HLTA-2537.jpg,,,,BUICK,VERANO,L4 2.4L,2013 - 2015
HLTA-2537,Toma de agua,POLAR,TOMA DE AGUA,TOMA DE AGUA,HLTA-2537,Cotizar,/IMAGENES TOMAS DE AGUA HLTA/HLTA-2537.jpg,,,,CHEVROLET,CAPTIVA,L4 2.4L,2009 - 2015
HLTA-2537,Toma de agua,POLAR,TOMA DE AGUA,TOMA DE AGUA,HLTA-2537,Cotizar,/IMAGENES TOMAS DE AGUA HLTA/HLTA-2537.jpg,,,,CHEVROLET,EQUINOX,L4 2.4L,2010 - 2016
HLTA-2537,Toma de agua,POLAR,TOMA DE AGUA,TOMA DE AGUA,HLTA-2537,Cotizar,/IMAGENES TOMAS DE AGUA HLTA/HLTA-2537.jpg,,,,CHEVROLET,HHR,L4 2.4L,2006 - 2010
HLTA-2537,Toma de agua,POLAR,TOMA DE AGUA,TOMA DE AGUA,HLTA-2537,Cotizar,/IMAGENES TOMAS DE AGUA HLTA/HLTA-2537.jpg,,,,CHEVROLET,MALIBU,L4 2.4L,2008 - 2014
HLTA-2537,Toma de agua,POLAR,TOMA DE AGUA,TOMA DE AGUA,HLTA-2537,Cotizar,/IMAGENES TOMAS DE AGUA HLTA/HLTA-2537.jpg,,,,PONTIAC,G5,L4 2.2L,2007 - 2009
HLTA-2537,Toma de agua,POLAR,TOMA DE AGUA,TOMA DE AGUA,HLTA-2537,Cotizar,/IMAGENES TOMAS DE AGUA HLTA/HLTA-2537.jpg,,,,PONTIAC,G5,L4 2.4L,2008 - 2008
HLTA-2537,Toma de agua,POLAR,TOMA DE AGUA,TOMA DE AGUA,HLTA-2537,Cotizar,/IMAGENES TOMAS DE AGUA HLTA/HLTA-2537.jpg,,,,PONTIAC,SOLSTICE,L4 2.4L,2006 - 2009
HLTA-2538,Toma de agua,POLAR,TOMA DE AGUA,TOMA DE AGUA,HLTA-2538,Cotizar,/IMAGENES TOMAS DE AGUA HLTA/HLTA-2538.jpg,,,,CHEVROLET,EQUINOX,L4 2.4L,2005-2017
HLTA-2538,Toma de agua,POLAR,TOMA DE AGUA,TOMA DE AGUA,HLTA-2538,Cotizar,/IMAGENES TOMAS DE AGUA HLTA/HLTA-2538.jpg,,,,GMC,TERRAIN,L4 2.4L,2010-2017
HLTA-2538,Toma de agua,POLAR,TOMA DE AGUA,TOMA DE AGUA,HLTA-2538,Cotizar,/IMAGENES TOMAS DE AGUA HLTA/HLTA-2538.jpg,,,,PONTIAC,G6,L4 2.4L,2005-2010
HLTA-2538,Toma de agua,POLAR,TOMA DE AGUA,TOMA DE AGUA,HLTA-2538,Cotizar,/IMAGENES TOMAS DE AGUA HLTA/HLTA-2538.jpg,,,,BUICK,REGAL,L4 2.4L,2005-2010
HLTA-2539,Toma de agua,POLAR,TOMA DE AGUA,TOMA DE AGUA,HLTA-2539,Cotizar,/IMAGENES TOMAS DE AGUA HLTA/HLTA-2539.jpg,,,,NISSAN,SENTRA,L4 1.8L,2013 - 2020
HLTA-2539,Toma de agua,POLAR,TOMA DE AGUA,TOMA DE AGUA,HLTA-2539,Cotizar,/IMAGENES TOMAS DE AGUA HLTA/HLTA-2539.jpg,,,,TOYOTA,SIENNA,L4 3.5L,2016-2023
HLTA-2540,Toma de agua,POLAR,TOMA DE AGUA,TOMA DE AGUA,HLTA-2540,Cotizar,/IMAGENES TOMAS DE AGUA HLTA/HLTA-2540.jpg,,,,LEXUS,RX350,L4 3.5L,2016-2023
HLTA-2541,Toma de agua,POLAR,TOMA DE AGUA,TOMA DE AGUA,HLTA-2541,Cotizar,/IMAGENES TOMAS DE AGUA HLTA/HLTA-2541.jpg,,,,ACURA,TSX,L2 2.4L,2009-2014
HLTA-2541,Toma de agua,POLAR,TOMA DE AGUA,TOMA DE AGUA,HLTA-2541,Cotizar,/IMAGENES TOMAS DE AGUA HLTA/HLTA-2541.jpg,,,,HONDA,ACCORD,L2 2.4L,2003-2014
HLTA-2541,Toma de agua,POLAR,TOMA DE AGUA,TOMA DE AGUA,HLTA-2541,Cotizar,/IMAGENES TOMAS DE AGUA HLTA/HLTA-2541.jpg,,,,HONDA,ELEMENT,L2 2.4L,2003-2011
HLTA-2542,Toma de agua,POLAR,TOMA DE AGUA,TOMA DE AGUA,HLTA-2542,Cotizar,/IMAGENES TOMAS DE AGUA HLTA/HLTA-2542.jpg,,,,FORD,EXPLORER,V6 4.0L,1991-2011
HLTA-2543,Toma de agua,POLAR,TOMA DE AGUA,TOMA DE AGUA,HLTA-2543,Cotizar,/Images/logop.png,,,,AUDI,A3,L4 2.0L,2004-2016
HLTA-2543,Toma de agua,POLAR,TOMA DE AGUA,TOMA DE AGUA,HLTA-2543,Cotizar,/Images/logop.png,,,,SEAT,Altea,L4 2.0L,2004-2016
HLTA-2543,Toma de agua,POLAR,TOMA DE AGUA,TOMA DE AGUA,HLTA-2543,Cotizar,/Images/logop.png,,,,SEAT,Leon,L4 2.0L,2004-2016
HLTA-2543,Toma de agua,POLAR,TOMA DE AGUA,TOMA DE AGUA,HLTA-2543,Cotizar,/Images/logop.png,,,,VOLKSWAGEN,Golf,L4 2.0L,2004-2016
HLTA-2543,Toma de agua,POLAR,TOMA DE AGUA,TOMA DE AGUA,HLTA-2543,Cotizar,/Images/logop.png,,,,VOLKSWAGEN,Passat,L4 2.0L,2004-2016
HLTA-2543,Toma de agua,POLAR,TOMA DE AGUA,TOMA DE AGUA,HLTA-2543,Cotizar,/Images/logop.png,,,,AUDI,TT,L4 2.0L,2004-2016
HLTA-2543,Toma de agua,POLAR,TOMA DE AGUA,TOMA DE AGUA,HLTA-2543,Cotizar,/Images/logop.png,,,,VOLKSWAGEN,Eos,L4 2.0L,2004-2016
HLTA-2543,Toma de agua,POLAR,TOMA DE AGUA,TOMA DE AGUA,HLTA-2543,Cotizar,/Images/logop.png,,,,AUDI,TT,L4 2.0L,2004-2016
HLTA-2543,Toma de agua,POLAR,TOMA DE AGUA,TOMA DE AGUA,HLTA-2543,Cotizar,/Images/logop.png,,,,VOLKSWAGEN,GLI,L4 2.0L,2004-2016
HLTA-2543,Toma de agua,POLAR,TOMA DE AGUA,TOMA DE AGUA,HLTA-2543,Cotizar,/Images/logop.png,,,,VOLKSWAGEN,Clasico,L4 2.0L,2004-2016
HLTA-2544,Toma de agua,POLAR,TOMA DE AGUA,TOMA DE AGUA,HLTA-2544,Cotizar,/IMAGENES TOMAS DE AGUA HLTA/HLTA-2544.jpg,,,,CHEVROLET,CORSA,L4 1.8L,2003-2009
HLTA-2544,Toma de agua,POLAR,TOMA DE AGUA,TOMA DE AGUA,HLTA-2544,Cotizar,/IMAGENES TOMAS DE AGUA HLTA/HLTA-2544.jpg,,,,CHEVROLET,TORNADO,L4 1.8L,2003-2009
HLTA-2545,Toma de agua,POLAR,TOMA DE AGUA,TOMA DE AGUA,HLTA-2545,Cotizar,/IMAGENES TOMAS DE AGUA HLTA/HLTA-2545.jpg,,,,,,,
HLTA-2546,Toma de agua,POLAR,TOMA DE AGUA,TOMA DE AGUA,HLTA-2546,Cotizar,/IMAGENES TOMAS DE AGUA HLTA/HLTA-2546.jpg,,,,,,,
HLTA-2547,Toma de agua,POLAR,TOMA DE AGUA,TOMA DE AGUA,HLTA-2547,Cotizar,/Images/logop.png,,,,,,,
HLTA-2548,Toma de agua,POLAR,TOMA DE AGUA,TOMA DE AGUA,HLTA-2548,Cotizar,/IMAGENES TOMAS DE AGUA HLTA/HLTA-2548.jpg,,,,,,,
HLTA-2549,Toma de agua,POLAR,TOMA DE AGUA,TOMA DE AGUA,HLTA-2549,Cotizar,/IMAGENES TOMAS DE AGUA HLTA/HLTA-2549.jpg,,,,Hyundai,GRAN i10,L4 1.2L,2015 - 2021
HLTA-2550,Toma de agua,POLAR,TOMA DE AGUA,TOMA DE AGUA,HLTA-2550,Cotizar,/IMAGENES TOMAS DE AGUA HLTA/HLTA-2550.jpg,,,,Hyundai,GRAN i10,L4 1.2L,2014 - 2023
HLTA-2551,Toma de agua,POLAR,TOMA DE AGUA,TOMA DE AGUA,HLTA-2551,Cotizar,/IMAGENES TOMAS DE AGUA HLTA/HLTA-2551.jpg,,,,Hyundai,GRAN i10,L4 1.3L,2015 - 2019
HLTA-2552,Toma de agua,POLAR,TOMA DE AGUA,TOMA DE AGUA,HLTA-2552,Cotizar,/IMAGENES TOMAS DE AGUA HLTA/HLTA-2552.jpg,,,,DODGE,ATTITUDE,L4 1.6L,2005 - 2011
HLTA-2553,Toma de agua,POLAR,TOMA DE AGUA,TOMA DE AGUA,HLTA-2553,Cotizar,/IMAGENES TOMAS DE AGUA HLTA/HLTA-2553.jpg,,,,DODGE,ATTITUDE,L4 1.6L,2006 - 2011
HLTA-2554,Toma de agua,POLAR,TOMA DE AGUA,TOMA DE AGUA,HLTA-2554,Cotizar,/IMAGENES TOMAS DE AGUA HLTA/HLTA-2554.jpg,,,,Hyundai,VERNA,L4 1.6L,2002 - 2006
HLTA-2555,Toma de agua,POLAR,TOMA DE AGUA,TOMA DE AGUA,HLTA-2555,Cotizar,/IMAGENES TOMAS DE AGUA HLTA/HLTA-2555.jpg,,,,,,,
HLTA-2556,Toma de agua,POLAR,TOMA DE AGUA,TOMA DE AGUA,HLTA-2556,Cotizar,/IMAGENES TOMAS DE AGUA HLTA/HLTA-2556.jpg,,,,DODGE,CHARGER,V6 3.6L,2011-2023
HLTA-2557,Toma de agua,POLAR,TOMA DE AGUA,TOMA DE AGUA,HLTA-2557,Cotizar,/IMAGENES TOMAS DE AGUA HLTA/HLTA-2557.jpg,,,,FORD,MUSTANG,V8 4.6L,1996-2004
HLTA-2558,Toma de agua,POLAR,TOMA DE AGUA,TOMA DE AGUA,HLTA-2558,Cotizar,/IMAGENES TOMAS DE AGUA HLTA/HLTA-2558.jpg,,,,,,,
HLTA-2559,Toma de agua,POLAR,TOMA DE AGUA,TOMA DE AGUA,HLTA-2559,Cotizar,/IMAGENES TOMAS DE AGUA HLTA/HLTA-2559.jpg,,,,HYUNDAI,I10,L4 1.2L,2015-2021
HLTA-2560,Toma de agua,POLAR,TOMA DE AGUA,TOMA DE AGUA,HLTA-2560,Cotizar,/IMAGENES TOMAS DE AGUA HLTA/HLTA-2560.jpg,,,,HYUNDAI,GRAND i10,L4 1.2L,2014 - 2023
HLTA-2560,Toma de agua,POLAR,TOMA DE AGUA,TOMA DE AGUA,HLTA-2560,Cotizar,/IMAGENES TOMAS DE AGUA HLTA/HLTA-2560.jpg,,,,HYUNDAI,GRAND i10,L4 1.3L,2015 - 2019
HLTA-2561,Toma de agua,POLAR,TOMA DE AGUA,TOMA DE AGUA,HLTA-2561,Cotizar,/IMAGENES TOMAS DE AGUA HLTA/HLTA-2561.jpg,,,,DODGE,ATTITUDE,L4 1.6L,2005 - 2011
HLTA-2561,Toma de agua,POLAR,TOMA DE AGUA,TOMA DE AGUA,HLTA-2561,Cotizar,/IMAGENES TOMAS DE AGUA HLTA/HLTA-2561.jpg,,,,DODGE,ATTITUDE,L4 1.6L,2006 - 2011
HLTA-2561,Toma de agua,POLAR,TOMA DE AGUA,TOMA DE AGUA,HLTA-2561,Cotizar,/IMAGENES TOMAS DE AGUA HLTA/HLTA-2561.jpg,,,,HYUNDAI,VERNA,L4 1.6L,2002 - 2006
HLTA-2562,Toma de agua,POLAR,TOMA DE AGUA,TOMA DE AGUA,HLTA-2562,Cotizar,/IMAGENES TOMAS DE AGUA HLTA/HLTA-2562.jpg,,,,AUDI,TT RS QUATTRO,L5 2.5L,2010 - 2014
HLTA-2563,Toma de agua,POLAR,TOMA DE AGUA,TOMA DE AGUA,HLTA-2563,Cotizar,/IMAGENES TOMAS DE AGUA HLTA/HLTA-2563.jpg,,,,AUDI,TT RS QUATTRO,L5 2.5L,2021-2022
HLTA-2564,Toma de agua,POLAR,TOMA DE AGUA,TOMA DE AGUA,HLTA-2564,Cotizar,/IMAGENES TOMAS DE AGUA HLTA/HLTA-2564.jpg,,,,VOLKSWAGEN,BEETLE,L5 2.5L,2011 - 2020
HLTA-2565,Toma de agua,POLAR,TOMA DE AGUA,TOMA DE AGUA,HLTA-2565,Cotizar,/Images/logop.png,,,,VOLKSWAGEN,Bora,L5 2.5L,2005 - 2010
HLTA-2566,Toma de agua,POLAR,TOMA DE AGUA,TOMA DE AGUA,HLTA-2566,Cotizar,/Images/logop.png,,,,VOLKSWAGEN,CAMIONETA DEPORTIVA DE GOLF,L5 2.5L,2010 - 2013
HLTA-2567,Toma de agua,POLAR,TOMA DE AGUA,TOMA DE AGUA,HLTA-2567,Cotizar,/Images/logop.png,,,,VOLKSWAGEN,JETTA,L5 2.5L,2010 - 2018
HLTA-2568,Toma de agua,POLAR,TOMA DE AGUA,TOMA DE AGUA,HLTA-2568,Cotizar,/Images/logop.png,,,,VOLKSWAGEN,BEETLE,L5 2.5L,2006 - 2010
HLTA-2569,Toma de agua,POLAR,TOMA DE AGUA,TOMA DE AGUA,HLTA-2569,Cotizar,/Images/logop.png,,,,VOLKSWAGEN,PASSAT,L5 2.5L,2012 - 2018
HLTA-2570,Toma de agua,POLAR,TOMA DE AGUA,TOMA DE AGUA,HLTA-2570,Cotizar,/IMAGENES TOMAS DE AGUA HLTA/HLTA-2570.jpg,,,,CADILLAC,ESCALADE,"V8 de 6,2 litros",2015 - 2020
HLTA-2570,Toma de agua,POLAR,TOMA DE AGUA,TOMA DE AGUA,HLTA-2570,Cotizar,/IMAGENES TOMAS DE AGUA HLTA/HLTA-2570.jpg,,,,CADILLAC,ESCALADE,"V8 de 6,2 litros",2015 - 2020
HLTA-2570,Toma de agua,POLAR,TOMA DE AGUA,TOMA DE AGUA,HLTA-2570,Cotizar,/IMAGENES TOMAS DE AGUA HLTA/HLTA-2570.jpg,,,,CHEVROLET,CHEYENNE,"V8 de 5,3 litros",2014 - 2019
HLTA-2570,Toma de agua,POLAR,TOMA DE AGUA,TOMA DE AGUA,HLTA-2570,Cotizar,/IMAGENES TOMAS DE AGUA HLTA/HLTA-2570.jpg,,,,CHEVROLET,CHEYENNE,"V8 de 6,2 litros",2013 - 2019
HLTA-2570,Toma de agua,POLAR,TOMA DE AGUA,TOMA DE AGUA,HLTA-2570,Cotizar,/IMAGENES TOMAS DE AGUA HLTA/HLTA-2570.jpg,,,,CHEVROLET,SILVERADO 1500,V6 4.3L,2014 - 2017
HLTA-2570,Toma de agua,POLAR,TOMA DE AGUA,TOMA DE AGUA,HLTA-2570,Cotizar,/IMAGENES TOMAS DE AGUA HLTA/HLTA-2570.jpg,,,,CHEVROLET,SILVERADO 1500,"V8 de 5,3 litros",2014 - 2017
HLTA-2570,Toma de agua,POLAR,TOMA DE AGUA,TOMA DE AGUA,HLTA-2570,Cotizar,/IMAGENES TOMAS DE AGUA HLTA/HLTA-2570.jpg,,,,CHEVROLET,SILVERADO 1500,"V8 de 6,2 litros",2014 - 2017
HLTA-2570,Toma de agua,POLAR,TOMA DE AGUA,TOMA DE AGUA,HLTA-2570,Cotizar,/IMAGENES TOMAS DE AGUA HLTA/HLTA-2570.jpg,,,,CHEVROLET,SILVERADO 2500,"V8 de 4,8 litros",2010 - 2013
HLTA-2570,Toma de agua,POLAR,TOMA DE AGUA,TOMA DE AGUA,HLTA-2570,Cotizar,/IMAGENES TOMAS DE AGUA HLTA/HLTA-2570.jpg,,,,CHEVROLET,SILVERADO 2500,"V8 de 5,3 litros",2010 - 2018
HLTA-2570,Toma de agua,POLAR,TOMA DE AGUA,TOMA DE AGUA,HLTA-2570,Cotizar,/IMAGENES TOMAS DE AGUA HLTA/HLTA-2570.jpg,,,,CHEVROLET,SUBURBANO,"V8 de 5,3 litros",2015 - 2020
HLTA-2571,Toma de agua,POLAR,TOMA DE AGUA,TOMA DE AGUA,HLTA-2571,Cotizar,/IMAGENES TOMAS DE AGUA HLTA/HLTA-2571.jpg,,,,CADILLAC,ESCALADE,V8 6.2L,2015 - 2020
HLTA-2571,Toma de agua,POLAR,TOMA DE AGUA,TOMA DE AGUA,HLTA-2571,Cotizar,/IMAGENES TOMAS DE AGUA HLTA/HLTA-2571.jpg,,,,CADILLAC,ESCALADE ESV,V8 6.2L,2015 - 2020
HLTA-2571,Toma de agua,POLAR,TOMA DE AGUA,TOMA DE AGUA,HLTA-2571,Cotizar,/IMAGENES TOMAS DE AGUA HLTA/HLTA-2571.jpg,,,,CHEVROLET,CHEYENNE,V8 5.3L,2014 - 2019
HLTA-2571,Toma de agua,POLAR,TOMA DE AGUA,TOMA DE AGUA,HLTA-2571,Cotizar,/IMAGENES TOMAS DE AGUA HLTA/HLTA-2571.jpg,,,,CHEVROLET,CHEYENNE,V8 6.2L,2013 - 2019
HLTA-2571,Toma de agua,POLAR,TOMA DE AGUA,TOMA DE AGUA,HLTA-2571,Cotizar,/IMAGENES TOMAS DE AGUA HLTA/HLTA-2571.jpg,,,,CHEVROLET,SILVERADO 1500,V6 4.3L,2014 - 2017
HLTA-2571,Toma de agua,POLAR,TOMA DE AGUA,TOMA DE AGUA,HLTA-2571,Cotizar,/IMAGENES TOMAS DE AGUA HLTA/HLTA-2571.jpg,,,,CHEVROLET,SILVERADO 1500,V8 5.3L,2014 - 2017
HLTA-2571,Toma de agua,POLAR,TOMA DE AGUA,TOMA DE AGUA,HLTA-2571,Cotizar,/IMAGENES TOMAS DE AGUA HLTA/HLTA-2571.jpg,,,,CHEVROLET,SILVERADO 1500,V8 6.2L,2014 - 2017
HLTA-2571,Toma de agua,POLAR,TOMA DE AGUA,TOMA DE AGUA,HLTA-2571,Cotizar,/IMAGENES TOMAS DE AGUA HLTA/HLTA-2571.jpg,,,,CHEVROLET,SILVERADO 2500,V8 4.8L,2010 - 2013
HLTA-2571,Toma de agua,POLAR,TOMA DE AGUA,TOMA DE AGUA,HLTA-2571,Cotizar,/IMAGENES TOMAS DE AGUA HLTA/HLTA-2571.jpg,,,,CHEVROLET,SILVERADO 2500,V8 5.3L,2010 - 2018
HLTA-2571,Toma de agua,POLAR,TOMA DE AGUA,TOMA DE AGUA,HLTA-2571,Cotizar,/IMAGENES TOMAS DE AGUA HLTA/HLTA-2571.jpg,,,,CHEVROLET,SUBURBAN,V8 5.3L,2015 - 2020
HLTA-2571,Toma de agua,POLAR,TOMA DE AGUA,TOMA DE AGUA,HLTA-2571,Cotizar,/IMAGENES TOMAS DE AGUA HLTA/HLTA-2571.jpg,,,,CHEVROLET,TAHOE,V8 5.3L,2015 - 2020
HLTA-2571,Toma de agua,POLAR,TOMA DE AGUA,TOMA DE AGUA,HLTA-2571,Cotizar,/IMAGENES TOMAS DE AGUA HLTA/HLTA-2571.jpg,,,,GMC,SIERRA,V8 5.3L,2013 - 2018
HLTA-2571,Toma de agua,POLAR,TOMA DE AGUA,TOMA DE AGUA,HLTA-2571,Cotizar,/IMAGENES TOMAS DE AGUA HLTA/HLTA-2571.jpg,,,,GMC,SIERRA,V8 6.2L,2013 - 2018
HLTA-2571,Toma de agua,POLAR,TOMA DE AGUA,TOMA DE AGUA,HLTA-2571,Cotizar,/IMAGENES TOMAS DE AGUA HLTA/HLTA-2571.jpg,,,,GMC,SIERRA 1500,V8 5.3L,2014 - 2018
HLTA-2571,Toma de agua,POLAR,TOMA DE AGUA,TOMA DE AGUA,HLTA-2571,Cotizar,/IMAGENES TOMAS DE AGUA HLTA/HLTA-2571.jpg,,,,GMC,SIERRA 1500,V8 6.2L,2014 - 2018
HLTA-2571,Toma de agua,POLAR,TOMA DE AGUA,TOMA DE AGUA,HLTA-2571,Cotizar,/IMAGENES TOMAS DE AGUA HLTA/HLTA-2571.jpg,,,,GMC,YUKON,V8 6.2L,2015 - 2020
HLTA-2571,Toma de agua,POLAR,TOMA DE AGUA,TOMA DE AGUA,HLTA-2571,Cotizar,/IMAGENES TOMAS DE AGUA HLTA/HLTA-2571.jpg,,,,GMC,YUKON XL,V8 6.2L,2015 - 2020
HLTA-2572,Toma de agua,POLAR,TOMA DE AGUA,TOMA DE AGUA,HLTA-2572,Cotizar,/Images/logop.png,,,,HONDA,CR-V,L4 2.4L,2007 - 2011
HLTA-2573,Toma de agua,POLAR,TOMA DE AGUA,TOMA DE AGUA,HLTA-2573,Cotizar,/Images/logop.png,,,,HONDA,ELEMENT,L4 2.4L,2003 - 2006
HLTA-2574,Toma de agua,POLAR,TOMA DE AGUA,TOMA DE AGUA,HLTA-2574,Cotizar,/Images/logop.png,,,,BUICK,RIVIERA,V8 4.0,1990-1990
HLTA-2575,Toma de agua,POLAR,TOMA DE AGUA,TOMA DE AGUA,HLTA-2575,Cotizar,/Images/logop.png,,,,MINI,COOPER,L4 1.5L,2007-2021
HLTA-2576,Toma de agua,POLAR,TOMA DE AGUA,TOMA DE AGUA,HLTA-2576,Cotizar,/IMAGENES TOMAS DE AGUA HLTA/HLTA-2576.jpg,,,,FORD,FOCUS,L4 2.0L,2012 - 2018
HLTA-2577,Toma de agua,POLAR,TOMA DE AGUA,TOMA DE AGUA,HLTA-2577,Cotizar,/IMAGENES TOMAS DE AGUA HLTA/HLTA-2577.jpg,,,,FORD,FOCUS,L3 1.0L,2015-2018
HLTA-2578,Toma de agua,POLAR,TOMA DE AGUA,TOMA DE AGUA,HLTA-2578,Cotizar,/IMAGENES TOMAS DE AGUA HLTA/HLTA-2578.jpg,,,,RAM,1500,V8 5.7L,2007-2022
HLTA-2579,Toma de agua,POLAR,TOMA DE AGUA,TOMA DE AGUA,HLTA-2579,Cotizar,/IMAGENES TOMAS DE AGUA HLTA/HLTA-2579.jpg,,,,HONDA,ACCORD,L4 2.4L,2003 - 2007
HLTA-2579,Toma de agua,POLAR,TOMA DE AGUA,TOMA DE AGUA,HLTA-2579,Cotizar,/IMAGENES TOMAS DE AGUA HLTA/HLTA-2579.jpg,,,,HONDA,ACCORD,L4 2.4L,2008 - 2011
HLTA-2579,Toma de agua,POLAR,TOMA DE AGUA,TOMA DE AGUA,HLTA-2579,Cotizar,/IMAGENES TOMAS DE AGUA HLTA/HLTA-2579.jpg,,,,HONDA,CIVIC,L4 2.4L,2012 - 2015
HLTA-2579,Toma de agua,POLAR,TOMA DE AGUA,TOMA DE AGUA,HLTA-2579,Cotizar,/IMAGENES TOMAS DE AGUA HLTA/HLTA-2579.jpg,,,,HONDA,CR-V,L4 2.4L,2007 - 2011
HLTA-2579,Toma de agua,POLAR,TOMA DE AGUA,TOMA DE AGUA,HLTA-2579,Cotizar,/IMAGENES TOMAS DE AGUA HLTA/HLTA-2579.jpg,,,,HONDA,ELEMENT,L4 2.4L,2003 - 2006
HLTA-2580,Toma de agua,POLAR,TOMA DE AGUA,TOMA DE AGUA,HLTA-2580,Cotizar,/IMAGENES TOMAS DE AGUA HLTA/HLTA-2580.jpg,,,,KIA,SORENTO,L4 2.4L,2015 - 2020
HLTA-2581,Toma de agua,POLAR,TOMA DE AGUA,TOMA DE AGUA,HLTA-2581,Cotizar,/Images/logop.png,,,,KIA,SPORTAGE,L4 2.4L,2015 - 2020
HLTA-2582,Toma de agua,POLAR,TOMA DE AGUA,TOMA DE AGUA,HLTA-2582,Cotizar,/IMAGENES TOMAS DE AGUA HLTA/HLTA-2582.jpg,,,,NISSAN,VERSA,L4 1.6L,2011 - 2019
HLTA-2583,Toma de agua,POLAR,TOMA DE AGUA,TOMA DE AGUA,HLTA-2583,Cotizar,/IMAGENES TOMAS DE AGUA HLTA/HLTA-2583.jpg,,,,HONDA,RSX,L4 2.0L,2002-2006
HLTA-2583,Toma de agua,POLAR,TOMA DE AGUA,TOMA DE AGUA,HLTA-2583,Cotizar,/IMAGENES TOMAS DE AGUA HLTA/HLTA-2583.jpg,,,,ACURA,CR-V,L4 2.4L,2002-2006
HLTA-2584,Toma de agua,POLAR,TOMA DE AGUA,TOMA DE AGUA,HLTA-2584,Cotizar,/IMAGENES TOMAS DE AGUA HLTA/HLTA-2584.jpg,,,,NISSAN,TIIDA,L4 1.8L,2007-2011
HLTA-2585,Toma de agua,POLAR,TOMA DE AGUA,TOMA DE AGUA,HLTA-2585,Cotizar,/IMAGENES TOMAS DE AGUA HLTA/HLTA-2585.jpg,,,,RAM,700,L4 1.6L,2005-2018
HLTA-2586,Toma de agua,POLAR,TOMA DE AGUA,TOMA DE AGUA,HLTA-2586,Cotizar,/IMAGENES TOMAS DE AGUA HLTA/HLTA-2586.jpg,,,,KIA,OPTIMA,L4 2.4L,2011-2014
HLTA-2587,Toma de agua,POLAR,TOMA DE AGUA,TOMA DE AGUA,HLTA-2587,Cotizar,/IMAGENES TOMAS DE AGUA HLTA/HLTA-2587.jpg,,,,CHRYSLER,300,V6 3.6L,2011-2022
HLTA-2587,Toma de agua,POLAR,TOMA DE AGUA,TOMA DE AGUA,HLTA-2587,Cotizar,/IMAGENES TOMAS DE AGUA HLTA/HLTA-2587.jpg,,,,DODGE,PROMASTER,V6 3.6L,2011-2022
HLTA-2587,Toma de agua,POLAR,TOMA DE AGUA,TOMA DE AGUA,HLTA-2587,Cotizar,/IMAGENES TOMAS DE AGUA HLTA/HLTA-2587.jpg,,,,JEEP,CHEROKEE,V6 3.6L,2011-2022
HLTA-2588,Toma de agua,POLAR,TOMA DE AGUA,TOMA DE AGUA,HLTA-2588,Cotizar,/IMAGENES TOMAS DE AGUA HLTA/HLTA-2588.jpg,,,,NISSAN,MARCH,L4 1.6L,2011 - 2022
HLTA-2588,Toma de agua,POLAR,TOMA DE AGUA,TOMA DE AGUA,HLTA-2588,Cotizar,/IMAGENES TOMAS DE AGUA HLTA/HLTA-2588.jpg,,,,NISSAN,VERSA,L4 1.6L,2011 - 2019
HLTA-2589,Toma de agua,POLAR,TOMA DE AGUA,TOMA DE AGUA,HLTA-2589,Cotizar,/IMAGENES TOMAS DE AGUA HLTA/HLTA-2589.jpg,,,,CADILLAC,CT5,V6 3.0L,2016-2023
HLTA-2589,Toma de agua,POLAR,TOMA DE AGUA,TOMA DE AGUA,HLTA-2589,Cotizar,/IMAGENES TOMAS DE AGUA HLTA/HLTA-2589.jpg,,,,CHEVROLET,COLORADO,V6 3.6L,2016-2023
HLTA-2589,Toma de agua,POLAR,TOMA DE AGUA,TOMA DE AGUA,HLTA-2589,Cotizar,/IMAGENES TOMAS DE AGUA HLTA/HLTA-2589.jpg,,,,GMC,CANYON,V6 3.6L,2016-2023
HLTA-2590,Toma de agua,POLAR,TOMA DE AGUA,TOMA DE AGUA,HLTA-2590,Cotizar,/IMAGENES TOMAS DE AGUA HLTA/HLTA-2590.jpg,,,,FIAT,MOBI,L4 1.0L,2017 - 2022
HLTA-2591,Toma de agua,POLAR,TOMA DE AGUA,TOMA DE AGUA,HLTA-2591,Cotizar,/IMAGENES TOMAS DE AGUA HLTA/HLTA-2591.jpg,,,,FIAT,UNO,L4 1.4L,2013 - 2021
HLTA-2592,Toma de agua,POLAR,TOMA DE AGUA,TOMA DE AGUA,HLTA-2592,Cotizar,/IMAGENES TOMAS DE AGUA HLTA/HLTA-2592.jpg,,,,FIAT,UNO WAY,L4 1.4L,2015 - 2016
HLTA-2593,Toma de agua,POLAR,TOMA DE AGUA,TOMA DE AGUA,HLTA-2593,Cotizar,/Images/logop.png,,,,RAM,PROMASTER RAPID,L4 1.4L,2018 - 2021
HLTA-2594,Toma de agua,POLAR,TOMA DE AGUA,TOMA DE AGUA,HLTA-2594,Cotizar,/Images/logop.png,,,,CHEVROLET,S10,L4 2.5L,2015-2021
HLTA-2595,Toma de agua,POLAR,TOMA DE AGUA,TOMA DE AGUA,HLTA-2595,Cotizar,/Images/logop.png,,,,HONDA,CR-V,L4 2.4L,2002-2006
HLTA-2596,Toma de agua,POLAR,TOMA DE AGUA,TOMA DE AGUA,HLTA-2596,Cotizar,/IMAGENES TOMAS DE AGUA HLTA/HLTA-2596.jpg,,,,HONDA,CIVIC,L4 1.6L,1996-2000
HLTA-2597,Toma de agua,POLAR,TOMA DE AGUA,TOMA DE AGUA,HLTA-2597,Cotizar,/IMAGENES TOMAS DE AGUA HLTA/HLTA-2597.jpg,,,,Hyundai,H100,L4 2.5L,2010 - 2013
HLTA-2598,Toma de agua,POLAR,TOMA DE AGUA,TOMA DE AGUA,HLTA-2598,Cotizar,/IMAGENES TOMAS DE AGUA HLTA/HLTA-2598.jpg,,,,HONDA,CR-V,L4 2.4L,2010-2011
HLTA-2599,Toma de agua,POLAR,TOMA DE AGUA,TOMA DE AGUA,HLTA-2599,Cotizar,/Images/logop.png,,,,Hyundai,GRAN i10,L4 1.2L,2015 - 2020
HLTA-2600,Toma de agua,POLAR,TOMA DE AGUA,TOMA DE AGUA,HLTA-2600,Cotizar,/IMAGENES TOMAS DE AGUA HLTA/HLTA-2600.jpg,,,,FIAT,MOBI,L4 1.0L,2017 - 2022
HLTA-2600,Toma de agua,POLAR,TOMA DE AGUA,TOMA DE AGUA,HLTA-2600,Cotizar,/IMAGENES TOMAS DE AGUA HLTA/HLTA-2600.jpg,,,,FIAT,UNO,L4 1.4L,2013 - 2021
HLTA-2600,Toma de agua,POLAR,TOMA DE AGUA,TOMA DE AGUA,HLTA-2600,Cotizar,/IMAGENES TOMAS DE AGUA HLTA/HLTA-2600.jpg,,,,FIAT,UNO WAY,L4 1.4L,2015 - 2016
HLTA-2600,Toma de agua,POLAR,TOMA DE AGUA,TOMA DE AGUA,HLTA-2600,Cotizar,/IMAGENES TOMAS DE AGUA HLTA/HLTA-2600.jpg,,,,RAM,PROMASTER RAPID,L4 1.4L,2018 - 2021
HLTA-2601,Toma de agua,POLAR,TOMA DE AGUA,TOMA DE AGUA,HLTA-2601,Cotizar,/IMAGENES TOMAS DE AGUA HLTA/HLTA-2601.jpg,,,,JEEP,GRAN CHEROKEE,V6 3.6L,2016 - 2021
HLTA-2602,Toma de agua,POLAR,TOMA DE AGUA,TOMA DE AGUA,HLTA-2602,Cotizar,/Images/logop.png,,,,JEEP,WRANGLER,V6 3.6L,2018 - 2021
HLTA-2603,Toma de agua,POLAR,TOMA DE AGUA,TOMA DE AGUA,HLTA-2603,Cotizar,/IMAGENES TOMAS DE AGUA HLTA/HLTA-2603.jpg,,,,RAM,1500,V6 4.3L,2019 - 2021
HLTA-2604,Toma de agua,POLAR,TOMA DE AGUA,TOMA DE AGUA,HLTA-2604,Cotizar,/IMAGENES TOMAS DE AGUA HLTA/HLTA-2604.jpg,,,,FORD,EDGE,L4 2.0L,2017 - 2022
HLTA-2605,Toma de agua,POLAR,TOMA DE AGUA,TOMA DE AGUA,HLTA-2605,Cotizar,/IMAGENES TOMAS DE AGUA HLTA/HLTA-2605.jpg,,,,FORD,ESCAPE,L4 2.0L,2012 - 2019
HLTA-2606,Toma de agua,POLAR,TOMA DE AGUA,TOMA DE AGUA,HLTA-2606,Cotizar,/IMAGENES TOMAS DE AGUA HLTA/HLTA-2606.jpg,,,,FORD,EXPLORER,L4 2.3L,2020 - 2022
HLTA-2607,Toma de agua,POLAR,TOMA DE AGUA,TOMA DE AGUA,HLTA-2607,Cotizar,/Images/logop.png,,,,FORD,FOCUS RS,L4 2.3L,2015 - 2017
HLTA-2608,Toma de agua,POLAR,TOMA DE AGUA,TOMA DE AGUA,HLTA-2608,Cotizar,/Images/logop.png,,,,FORD,FOCUS ST,L4 2.0L,2013 - 2018
HLTA-2609,Toma de agua,POLAR,TOMA DE AGUA,TOMA DE AGUA,HLTA-2609,Cotizar,/Images/logop.png,,,,FORD,FUSION,L4 2.0L,2013 - 2022
HLTA-2610,Toma de agua,POLAR,TOMA DE AGUA,TOMA DE AGUA,HLTA-2610,Cotizar,/IMAGENES TOMAS DE AGUA HLTA/HLTA-2610.jpg,,,,LINCOLN,MKC,L4 2.0L,2014 - 2020
HLTA-2610,Toma de agua,POLAR,TOMA DE AGUA,TOMA DE AGUA,HLTA-2610,Cotizar,/IMAGENES TOMAS DE AGUA HLTA/HLTA-2610.jpg,,,,LINCOLN,MKC,L4 2.3L,2015 - 2020
HLTA-2610,Toma de agua,POLAR,TOMA DE AGUA,TOMA DE AGUA,HLTA-2610,Cotizar,/IMAGENES TOMAS DE AGUA HLTA/HLTA-2610.jpg,,,,LINCOLN,MKZ,L4 2.0L,2012 - 2020
HLTA-2610,Toma de agua,POLAR,TOMA DE AGUA,TOMA DE AGUA,HLTA-2610,Cotizar,/IMAGENES TOMAS DE AGUA HLTA/HLTA-2610.jpg,,,,Chrysler,200,L4 2.4L,2015 - 2016
HLTA-2611,Toma de agua,POLAR,TOMA DE AGUA,TOMA DE AGUA,HLTA-2611,Cotizar,/IMAGENES TOMAS DE AGUA HLTA/HLTA-2611.jpg,,,,FORD,EDGE,L4 2.0L,2017 - 2022
HLTA-2611,Toma de agua,POLAR,TOMA DE AGUA,TOMA DE AGUA,HLTA-2611,Cotizar,/IMAGENES TOMAS DE AGUA HLTA/HLTA-2611.jpg,,,,FORD,ESCAPE,L4 2.0L,2012 - 2019
HLTA-2611,Toma de agua,POLAR,TOMA DE AGUA,TOMA DE AGUA,HLTA-2611,Cotizar,/IMAGENES TOMAS DE AGUA HLTA/HLTA-2611.jpg,,,,FORD,EXPLORER,L4 2.3L,2020 - 2022
HLTA-2611,Toma de agua,POLAR,TOMA DE AGUA,TOMA DE AGUA,HLTA-2611,Cotizar,/IMAGENES TOMAS DE AGUA HLTA/HLTA-2611.jpg,,,,FORD,FOCUS RS,L4 2.3L,2015 - 2017
HLTA-2611,Toma de agua,POLAR,TOMA DE AGUA,TOMA DE AGUA,HLTA-2611,Cotizar,/IMAGENES TOMAS DE AGUA HLTA/HLTA-2611.jpg,,,,FORD,FOCUS ST,L4 2.0L,2013 - 2018
HLTA-2611,Toma de agua,POLAR,TOMA DE AGUA,TOMA DE AGUA,HLTA-2611,Cotizar,/IMAGENES TOMAS DE AGUA HLTA/HLTA-2611.jpg,,,,FORD,FUSION,L4 2.0L,2013 - 2022
HLTA-2611,Toma de agua,POLAR,TOMA DE AGUA,TOMA DE AGUA,HLTA-2611,Cotizar,/IMAGENES TOMAS DE AGUA HLTA/HLTA-2611.jpg,,,,LINCOLN,MKC,L4 2.0L,2014 - 2020
HLTA-2611,Toma de agua,POLAR,TOMA DE AGUA,TOMA DE AGUA,HLTA-2611,Cotizar,/IMAGENES TOMAS DE AGUA HLTA/HLTA-2611.jpg,,,,LINCOLN,MKC,L4 2.3L,2015 - 2020
HLTA-2611,Toma de agua,POLAR,TOMA DE AGUA,TOMA DE AGUA,HLTA-2611,Cotizar,/IMAGENES TOMAS DE AGUA HLTA/HLTA-2611.jpg,,,,LINCOLN,MKZ,L4 2.0L,2012 - 2020
HLTA-2612,Toma de agua,POLAR,TOMA DE AGUA,TOMA DE AGUA,HLTA-2612,Cotizar,/IMAGENES TOMAS DE AGUA HLTA/HLTA-2612.jpg,,,,KIA,SPORTAGE,L4 2.4L,2016-2022
HLTA-2613,Toma de agua,POLAR,TOMA DE AGUA,TOMA DE AGUA,HLTA-2613,Cotizar,/IMAGENES TOMAS DE AGUA HLTA/HLTA-2613.jpg,,,,CHEVROLET,ÓNIX,L3 1.0L,2020 - 2023
HLTA-2614,Toma de agua,POLAR,TOMA DE AGUA,TOMA DE AGUA,HLTA-2614,Cotizar,/IMAGENES TOMAS DE AGUA HLTA/HLTA-2614.jpg,,,,CHEVROLET,ÓNIX,L3 1.2L,2020 - 2023
HLTA-2615,Toma de agua,POLAR,TOMA DE AGUA,TOMA DE AGUA,HLTA-2615,Cotizar,/IMAGENES TOMAS DE AGUA HLTA/HLTA-2615.jpg,,,,DODGE,CHARGER,L4 2.4L,2016-2022
HLTA-2616,Toma de agua,POLAR,TOMA DE AGUA,TOMA DE AGUA,HLTA-2616,Cotizar,/IMAGENES TOMAS DE AGUA HLTA/HLTA-2616.jpg,,,,DODGE,JOURNEY,L4 2.4L,2010-2022
HLTA-2616,Toma de agua,POLAR,TOMA DE AGUA,TOMA DE AGUA,HLTA-2616,Cotizar,/IMAGENES TOMAS DE AGUA HLTA/HLTA-2616.jpg,,,,JEEP,COMPASS,L4 2.4L,2010-2022
HLTA-2617,Toma de agua,POLAR,TOMA DE AGUA,TOMA DE AGUA,HLTA-2617,Cotizar,/IMAGENES TOMAS DE AGUA HLTA/HLTA-2617.jpg,,,,MITSUBISHI,LANCER,L4 2.4L,2009-2017
HLTA-2618,Toma de agua,POLAR,TOMA DE AGUA,TOMA DE AGUA,HLTA-2618,Cotizar,/IMAGENES TOMAS DE AGUA HLTA/HLTA-2618.jpg,,,,DODGE,DURANGO,V6 3.6L,2011 - 2015
HLTA-2618,Toma de agua,POLAR,TOMA DE AGUA,TOMA DE AGUA,HLTA-2618,Cotizar,/IMAGENES TOMAS DE AGUA HLTA/HLTA-2618.jpg,,,,JEEP,GRAND CHEROKEE,V6 3.6L,2010 - 2021
HLTA-2618,Toma de agua,POLAR,TOMA DE AGUA,TOMA DE AGUA,HLTA-2618,Cotizar,/IMAGENES TOMAS DE AGUA HLTA/HLTA-2618.jpg,,,,JEEP,WRANGLER,V6 3.6L,2011 - 2021
HLTA-2619,Toma de agua,POLAR,TOMA DE AGUA,TOMA DE AGUA,HLTA-2619,Cotizar,/IMAGENES TOMAS DE AGUA HLTA/HLTA-2619.jpg,,,,KIA,FORTE,L4 2.0L,2017 - 2022
HLTA-2620,Toma de agua,POLAR,TOMA DE AGUA,TOMA DE AGUA,HLTA-2620,Cotizar,/IMAGENES TOMAS DE AGUA HLTA/HLTA-2620.jpg,,,,KIA,KONA,L4 2.0L,2018 - 2020
HLTA-2621,Toma de agua,POLAR,TOMA DE AGUA,TOMA DE AGUA,HLTA-2621,Cotizar,/IMAGENES TOMAS DE AGUA HLTA/HLTA-2621.jpg,,,,KIA,SELTOS,L4 2.0L,2021 - 2021
HLTA-2621,Toma de agua,POLAR,TOMA DE AGUA,TOMA DE AGUA,HLTA-2621,Cotizar,/IMAGENES TOMAS DE AGUA HLTA/HLTA-2621.jpg,,,,KIA,SOUL,L4 2.0L,2016 - 2021
HLTA-2622,Toma de agua,POLAR,TOMA DE AGUA,TOMA DE AGUA,HLTA-2622,Cotizar,/IMAGENES TOMAS DE AGUA HLTA/HLTA-2622.jpg,,,,CHEVROLET,TORNADO VAN,L4 1.5L,2022-2023
HLTA-2623,Toma de agua,POLAR,TOMA DE AGUA,TOMA DE AGUA,HLTA-2623,Cotizar,/IMAGENES TOMAS DE AGUA HLTA/HLTA-2623.jpg,,,,MERCEDES BENZ,C200,L4 1.8L,2009 - 2014
HLTA-2624,Toma de agua,POLAR,TOMA DE AGUA,TOMA DE AGUA,HLTA-2624,Cotizar,/IMAGENES TOMAS DE AGUA HLTA/HLTA-2624.jpg,,,,MERCEDES BENZ,C250,L4 1.8L,2009 - 2014
HLTA-2625,Toma de agua,POLAR,TOMA DE AGUA,TOMA DE AGUA,HLTA-2625,Cotizar,/IMAGENES TOMAS DE AGUA HLTA/HLTA-2625.jpg,,,,MERCEDES BENZ,SLK 200,L4 1.8L,2011 - 2016
HLTA-2626,Toma de agua,POLAR,TOMA DE AGUA,TOMA DE AGUA,HLTA-2626,Cotizar,/IMAGENES TOMAS DE AGUA HLTA/HLTA-2626.jpg,,,,HYUNDAI,ACCENT,L4 1.6L,2012-2017
HLTA-2627,Toma de agua,POLAR,TOMA DE AGUA,TOMA DE AGUA,HLTA-2627,Cotizar,/IMAGENES TOMAS DE AGUA HLTA/HLTA-2627.jpg,,,,NISSAN,LICKS,L4 1.6L,2018 - 2023
HLTA-2627,Toma de agua,POLAR,TOMA DE AGUA,TOMA DE AGUA,HLTA-2627,Cotizar,/IMAGENES TOMAS DE AGUA HLTA/HLTA-2627.jpg,,,,NISSAN,VERSA,L4 1.6L,2020 - 2023
HLTA-2627,Toma de agua,POLAR,TOMA DE AGUA,TOMA DE AGUA,HLTA-2627,Cotizar,/IMAGENES TOMAS DE AGUA HLTA/HLTA-2627.jpg,,,,NISSAN,NOTA,L4 1.6L,2013 - 2020
HLTA-2627,Toma de agua,POLAR,TOMA DE AGUA,TOMA DE AGUA,HLTA-2627,Cotizar,/IMAGENES TOMAS DE AGUA HLTA/HLTA-2627.jpg,,,,NISSAN,SENTRA,L4 1.8L,2007 - 2018
HLTA-2627,Toma de agua,POLAR,TOMA DE AGUA,TOMA DE AGUA,HLTA-2627,Cotizar,/IMAGENES TOMAS DE AGUA HLTA/HLTA-2627.jpg,,,,NISSAN,SENTRA,L4 2.0L,2007 - 2012
HLTA-2628,Toma de agua,POLAR,TOMA DE AGUA,TOMA DE AGUA,HLTA-2628,Cotizar,/IMAGENES TOMAS DE AGUA HLTA/HLTA-2628.jpg,,,,NISSAN,VERSA,L4 1.6L,2011 - 2019
HLTA-2629,Toma de agua,POLAR,TOMA DE AGUA,TOMA DE AGUA,HLTA-2629,Cotizar,/IMAGENES TOMAS DE AGUA HLTA/HLTA-2629.jpg,,,,MERCEDES BENZ,C200,L4 1.8L,2009 - 2014
HLTA-2629,Toma de agua,POLAR,TOMA DE AGUA,TOMA DE AGUA,HLTA-2629,Cotizar,/IMAGENES TOMAS DE AGUA HLTA/HLTA-2629.jpg,,,,MERCEDES BENZ,C250,L4 1.8L,2009 - 2014
HLTA-2629,Toma de agua,POLAR,TOMA DE AGUA,TOMA DE AGUA,HLTA-2629,Cotizar,/IMAGENES TOMAS DE AGUA HLTA/HLTA-2629.jpg,,,,MERCEDES BENZ,SLK 200,L4 1.8L,2011 - 2016
HLTA-2630,Toma de agua,POLAR,TOMA DE AGUA,TOMA DE AGUA,HLTA-2630,Cotizar,/IMAGENES TOMAS DE AGUA HLTA/HLTA-2630.jpg,,,,NISSAN,VERSA,L4 1.6L,2012-2020
HLTA-2630,Toma de agua,POLAR,TOMA DE AGUA,TOMA DE AGUA,HLTA-2630,Cotizar,/IMAGENES TOMAS DE AGUA HLTA/HLTA-2630.jpg,,,,NISSAN,MARCH,L4 1.6L,2012-2020
HLTA-2631,Toma de agua,POLAR,TOMA DE AGUA,TOMA DE AGUA,HLTA-2631,Cotizar,/IMAGENES TOMAS DE AGUA HLTA/HLTA-2631.jpg,,,,NISSAN,KICKS,L4 1.6L,2018 - 2023
HLTA-2631,Toma de agua,POLAR,TOMA DE AGUA,TOMA DE AGUA,HLTA-2631,Cotizar,/IMAGENES TOMAS DE AGUA HLTA/HLTA-2631.jpg,,,,NISSAN,VERSA,L4 1.6L,2020 - 2023
HLTA-2632,Toma de agua,POLAR,TOMA DE AGUA,TOMA DE AGUA,HLTA-2632,Cotizar,/IMAGENES TOMAS DE AGUA HLTA/HLTA-2632.jpg,,,,NISSAN,NOTE,L4 1.6L,2013 - 2020
HLTA-2632,Toma de agua,POLAR,TOMA DE AGUA,TOMA DE AGUA,HLTA-2632,Cotizar,/IMAGENES TOMAS DE AGUA HLTA/HLTA-2632.jpg,,,,NISSAN,SENTRA,L4 1.8L,2007 - 2018
HLTA-2632,Toma de agua,POLAR,TOMA DE AGUA,TOMA DE AGUA,HLTA-2632,Cotizar,/IMAGENES TOMAS DE AGUA HLTA/HLTA-2632.jpg,,,,NISSAN,SENTRA,L4 2.0L,2007 - 2012
HLTA-2632,Toma de agua,POLAR,TOMA DE AGUA,TOMA DE AGUA,HLTA-2632,Cotizar,/IMAGENES TOMAS DE AGUA HLTA/HLTA-2632.jpg,,,,NISSAN,VERSA,L4 1.6L,2011 - 2019
HLTA-2633,Toma de agua,POLAR,TOMA DE AGUA,TOMA DE AGUA,HLTA-2633,Cotizar,/IMAGENES TOMAS DE AGUA HLTA/HLTA-2633.jpg,,,,JEEP,WRANGLER,V6 3.6L,2024 - 2024
HLTA-2634,Toma de agua,POLAR,TOMA DE AGUA,TOMA DE AGUA,HLTA-2634,Cotizar,/Images/logop.png,,,,RAM,1500,V6 3.6L,2024 - 2024
HLTA-2635,Toma de agua,POLAR,TOMA DE AGUA,TOMA DE AGUA,HLTA-2635,Cotizar,/IMAGENES TOMAS DE AGUA HLTA/HLTA-2635.jpg,,,,DODGE,I10,L4 1.1L,2012-2014
HLTA-2636,Toma de agua,POLAR,TOMA DE AGUA,TOMA DE AGUA,HLTA-2636,Cotizar,/IMAGENES TOMAS DE AGUA HLTA/HLTA-2636.jpg,,,,FORD,MUSTANG,V8 5.0L,2011-2024
HLTA-2637,Toma de agua,POLAR,TOMA DE AGUA,TOMA DE AGUA,HLTA-2637,Cotizar,/IMAGENES TOMAS DE AGUA HLTA/HLTA-2637.jpg,,,,HYUNDAI,SANTAFE,L4 2.4L,2013-2025
HLTA-2638,Toma de agua,POLAR,TOMA DE AGUA,TOMA DE AGUA,HLTA-2638,Cotizar,/IMAGENES TOMAS DE AGUA HLTA/HLTA-2638.jpg,,,,HYUNDAI,PALISADE,L4 3.8L,2013-2025
HLTA-2639,Toma de agua,POLAR,TOMA DE AGUA,TOMA DE AGUA,HLTA-2639,Cotizar,/IMAGENES TOMAS DE AGUA HLTA/HLTA-2639.jpg,,,,KIA,SELTOS,L4 1.4L,2020-2024
HLTA-2640,Toma de agua,POLAR,TOMA DE AGUA,TOMA DE AGUA,HLTA-2640,Cotizar,/IMAGENES TOMAS DE AGUA HLTA/HLTA-2640.jpg,,,,HONDA,CIVIC,L4 1.8L,2005 - 2013
HLTA-2640,Toma de agua,POLAR,TOMA DE AGUA,TOMA DE AGUA,HLTA-2640,Cotizar,/IMAGENES TOMAS DE AGUA HLTA/HLTA-2640.jpg,,,,HONDA,HR-V,L4 1.8L,2015 - 2022
HLTA-2641,Toma de agua,POLAR,TOMA DE AGUA,TOMA DE AGUA,HLTA-2641,Cotizar,/IMAGENES TOMAS DE AGUA HLTA/HLTA-2641.jpg,,,,JEEP,GLADIATOR,V6 3.6L,2024 - 2024
HLTA-2641,Toma de agua,POLAR,TOMA DE AGUA,TOMA DE AGUA,HLTA-2641,Cotizar,/IMAGENES TOMAS DE AGUA HLTA/HLTA-2641.jpg,,,,JEEP,WANGLER,V6 3.6L,2024 - 2024
HLTA-2641,Toma de agua,POLAR,TOMA DE AGUA,TOMA DE AGUA,HLTA-2641,Cotizar,/IMAGENES TOMAS DE AGUA HLTA/HLTA-2641.jpg,,,,RAM,1500,V6 3.6L,2024 - 2024
HLTA-2642,Toma de agua,POLAR,TOMA DE AGUA,TOMA DE AGUA,HLTA-2642,Cotizar,/IMAGENES TOMAS DE AGUA HLTA/HLTA-2642.jpg,,,,KIA,FORTE,L4 2.4L,2010
HLTA-2643,Toma de agua,POLAR,TOMA DE AGUA,TOMA DE AGUA,HLTA-2643,Cotizar,/IMAGENES TOMAS DE AGUA HLTA/HLTA-2643.jpg,,,,HYUNDAI,GRAND I10,L4 1.2L,2015-2022
HLTA-2644,Toma de agua,POLAR,TOMA DE AGUA,TOMA DE AGUA,HLTA-2644,Cotizar,/IMAGENES TOMAS DE AGUA HLTA/HLTA-2644.jpg,,,,PEUGEOT,308,V6 3.0L,2018-2024
HLTA-2645,Toma de agua,POLAR,TOMA DE AGUA,TOMA DE AGUA,HLTA-2645,Cotizar,/IMAGENES TOMAS DE AGUA HLTA/HLTA-2645.jpg,,,,VOLKSWAGEN,Bora,L5 2.5L,2005 - 2010
HLTA-2646,Toma de agua,POLAR,TOMA DE AGUA,TOMA DE AGUA,HLTA-2646,Cotizar,/IMAGENES TOMAS DE AGUA HLTA/HLTA-2646.jpg,,,,VOLKSWAGEN,JETTA,L5 2.5L,2011 - 2018
HLTA-2647,Toma de agua,POLAR,TOMA DE AGUA,TOMA DE AGUA,HLTA-2647,Cotizar,/IMAGENES TOMAS DE AGUA HLTA/HLTA-2647.jpg,,,,VOLKSWAGEN,PASSAT,V6 3.6L,2006 - 2012
HLTA-2648,Toma de agua,POLAR,TOMA DE AGUA,TOMA DE AGUA,HLTA-2648,Cotizar,/IMAGENES TOMAS DE AGUA HLTA/HLTA-2648.jpg,,,,CHEVROLET,ONIX,L4 1.0L,2021-20233
HLTA-2649,Toma de agua,POLAR,TOMA DE AGUA,TOMA DE AGUA,HLTA-2649,Cotizar,/IMAGENES TOMAS DE AGUA HLTA/HLTA-2649.jpg,,,,HYUNDAI,ELANTRA,L4 2.0L,2017 - 2020
HLTA-2650,Toma de agua,POLAR,TOMA DE AGUA,TOMA DE AGUA,HLTA-2650,Cotizar,/IMAGENES TOMAS DE AGUA HLTA/HLTA-2650.jpg,,,,KIA,FORTE,L4 2.0L,2018 - 2023
HLTA-2651,Toma de agua,POLAR,TOMA DE AGUA,TOMA DE AGUA,HLTA-2651,Cotizar,/IMAGENES TOMAS DE AGUA HLTA/HLTA-2651.jpg,,,,DODGE,JOURNEY,L4 1.5L,2022-2024
HLTA-2652,Toma de agua,POLAR,TOMA DE AGUA,TOMA DE AGUA,HLTA-2652,Cotizar,/IMAGENES TOMAS DE AGUA HLTA/HLTA-2652.jpg,,,,HONDA,ACCORD,L4 1.5L,2018-2024
HLTA-2653,Toma de agua,POLAR,TOMA DE AGUA,TOMA DE AGUA,HLTA-2653,Cotizar,/IMAGENES TOMAS DE AGUA HLTA/HLTA-2653.jpg,,,,KIA,SPORTAGE,L4 2.0L,2017-2022
HLTA-2654,Toma de agua,POLAR,TOMA DE AGUA,TOMA DE AGUA,HLTA-2654,Cotizar,/IMAGENES TOMAS DE AGUA HLTA/HLTA-2654.jpg,,,,FORD,TERRITORY,L4 1.8L,2021-2025
HLTA-2655,Toma de agua,POLAR,TOMA DE AGUA,TOMA DE AGUA,HLTA-2655,Cotizar,/IMAGENES TOMAS DE AGUA HLTA/HLTA-2655.jpg,,,,VOLKSWAGEN,BORA,L5 2.5L,2005 - 2010
HLTA-2655,Toma de agua,POLAR,TOMA DE AGUA,TOMA DE AGUA,HLTA-2655,Cotizar,/IMAGENES TOMAS DE AGUA HLTA/HLTA-2655.jpg,,,,VOLKSWAGEN,JETTA,L5 2.5L,2011 - 2018
HLTA-2655,Toma de agua,POLAR,TOMA DE AGUA,TOMA DE AGUA,HLTA-2655,Cotizar,/IMAGENES TOMAS DE AGUA HLTA/HLTA-2655.jpg,,,,VOLKSWAGEN,PASSAT,V6 3.6L,2006 - 2012
HLTA-2656,Toma de agua,POLAR,TOMA DE AGUA,TOMA DE AGUA,HLTA-2656,Cotizar,/Images/logop.png,,,,,,,
HLTA-2657,Toma de agua,POLAR,TOMA DE AGUA,TOMA DE AGUA,HLTA-2657,Cotizar,/IMAGENES TOMAS DE AGUA HLTA/HLTA-2657.jpg,,,,HYUNDAI,ELANTRA,L4 2.0L,2017 - 2020
HLTA-2657,Toma de agua,POLAR,TOMA DE AGUA,TOMA DE AGUA,HLTA-2657,Cotizar,/IMAGENES TOMAS DE AGUA HLTA/HLTA-2657.jpg,,,,KIA,FORTE,L4 2.0L,2018 - 2023
HLTA-2658,Toma de agua,POLAR,TOMA DE AGUA,TOMA DE AGUA,HLTA-2658,Cotizar,/IMAGENES TOMAS DE AGUA HLTA/HLTA-2658.jpg,,,,CHEVROLET,AVEO,L4 1.5L,2024-2025
